2025-02-08 08:10:32 +0000  Initial pipeline context: <IDEDistributionProcessingPipelineContext: 0x7fda3eeea420; archive(resolved)="<IDEArchive: 0x60004de702a0>", distributionTask(resolved)="2", distributionDestination(resolved)="1", distributionMethod(resolved)="<IDEDistributionMethodDevelopmentSigned: 0x60001b7380c0>", team(resolved)="<IDEProvisioningDisambiguatableBasicTeam: 0x600016e53ec0; teamID='G4WLA9639A', teamName='EcomaxGo LLP', teamType='Company', username='ecomaxgo@gmail.com', isFreeProvisioningTeam='0'>">
	Chain (16, self inclusive):
	<IDEDistributionProcessingPipelineContext: 0x7fda3eeea420; archive = "<IDEArchive: 0x60004de702a0>", distributionMethod="<IDEDistributionMethodDevelopmentSigned: 0x60001b7380c0>", team="<IDEProvisioningDisambiguatableBasicTeam: 0x600016e53ec0; teamID='G4WLA9639A', teamName='EcomaxGo LLP', teamType='Company', username='ecomaxgo@gmail.com', isFreeProvisioningTeam='0'>">
	<IDEDistributionProcessingPipelineContext: 0x7fda3eedb7f0; archive = "<IDEArchive: 0x60004de702a0>", distributionMethod="<IDEDistributionMethodDevelopmentSigned: 0x60001b7380c0>", team="<IDEProvisioningDisambiguatableBasicTeam: 0x600016e53ec0; teamID='G4WLA9639A', teamName='EcomaxGo LLP', teamType='Company', username='ecomaxgo@gmail.com', isFreeProvisioningTeam='0'>">
	<IDEDistributionContext: 0x7fda400dea50; archive = "<IDEArchive: 0x60004de702a0>", distributionMethod="<IDEDistributionMethodDevelopmentSigned: 0x60001b7380c0>", team="<IDEProvisioningDisambiguatableBasicTeam: 0x600016e53ec0; teamID='G4WLA9639A', teamName='EcomaxGo LLP', teamType='Company', username='ecomaxgo@gmail.com', isFreeProvisioningTeam='0'>">
	<IDEDistributionContext: 0x7fda3f33cc40; archive = "<IDEArchive: 0x60004de702a0>", distributionMethod="<IDEDistributionMethodDevelopmentSigned: 0x60001b7380c0>", team="<IDEProvisioningDisambiguatableBasicTeam: 0x600016e53ec0; teamID='G4WLA9639A', teamName='EcomaxGo LLP', teamType='Company', username='ecomaxgo@gmail.com', isFreeProvisioningTeam='0'>">
	<IDEDistributionContext: 0x7fda3f0792a0; archive = "<IDEArchive: 0x60004de702a0>", distributionMethod="<IDEDistributionMethodDevelopmentSigned: 0x60001b7380c0>", team="<IDEProvisioningDisambiguatableBasicTeam: 0x600016e53ec0; teamID='G4WLA9639A', teamName='EcomaxGo LLP', teamType='Company', username='ecomaxgo@gmail.com', isFreeProvisioningTeam='0'>">
	<IDEDistributionContext: 0x7fda4018e9b0; archive = "<IDEArchive: 0x60004de702a0>", distributionMethod="<IDEDistributionMethodDevelopmentSigned: 0x60001b7380c0>", team="<IDEProvisioningDisambiguatableBasicTeam: 0x600016e53ec0; teamID='G4WLA9639A', teamName='EcomaxGo LLP', teamType='Company', username='ecomaxgo@gmail.com', isFreeProvisioningTeam='0'>">
	<IDEDistributionContext: 0x7fda40188f40; archive = "<IDEArchive: 0x60004de702a0>", distributionMethod="<IDEDistributionMethodDevelopmentSigned: 0x60001b7380c0>", team="<IDEProvisioningDisambiguatableBasicTeam: 0x600016e53ec0; teamID='G4WLA9639A', teamName='EcomaxGo LLP', teamType='Company', username='ecomaxgo@gmail.com', isFreeProvisioningTeam='0'>">
	<IDEDistributionContext: 0x7fda3f071020; archive = "<IDEArchive: 0x60004de702a0>", distributionMethod="<IDEDistributionMethodDevelopmentSigned: 0x60001b7380c0>", team="<IDEProvisioningDisambiguatableBasicTeam: 0x600016e53ec0; teamID='G4WLA9639A', teamName='EcomaxGo LLP', teamType='Company', username='ecomaxgo@gmail.com', isFreeProvisioningTeam='0'>">
	<IDEDistributionContext: 0x7fda6bdd2030; archive = "<IDEArchive: 0x60004de702a0>", distributionMethod="<IDEDistributionMethodDevelopmentSigned: 0x60001b7380c0>", team="<IDEProvisioningDisambiguatableBasicTeam: 0x600016e53ec0; teamID='G4WLA9639A', teamName='EcomaxGo LLP', teamType='Company', username='ecomaxgo@gmail.com', isFreeProvisioningTeam='0'>">
	<IDEDistributionContext: 0x7fda3f005150; archive = "<IDEArchive: 0x60004de702a0>", distributionMethod="<IDEDistributionMethodDevelopmentSigned: 0x60001b7380c0>", team="(null)">
	<IDEDistributionContext: 0x7fda401549e0; archive = "<IDEArchive: 0x60004de702a0>", distributionMethod="<IDEDistributionMethodDevelopmentSigned: 0x60001b7380c0>", team="(null)">
	<IDEDistributionContext: 0x7fda40127510; archive = "<IDEArchive: 0x60004de702a0>", distributionMethod="<IDEDistributionMethodDevelopmentSigned: 0x60001b7380c0>", team="(null)">
	<IDEDistributionContext: 0x7fda3f09dbe0; archive = "<IDEArchive: 0x60004de702a0>", distributionMethod="<IDEDistributionMethodDevelopmentSigned: 0x60001b7380c0>", team="(null)">
	<IDEDistributionContext: 0x7fda4136a810; archive = "<IDEArchive: 0x60004de702a0>", distributionMethod="(null)", team="(null)">
	<IDEDistributionContext: 0x7fda3f3b2b90; archive = "<IDEArchive: 0x60004de702a0>", distributionMethod="(null)", team="(null)">
	<IDEDistributionContext: 0x7fda40990b50; archive = "<IDEArchive: 0x60004de702a0>", distributionMethod="(null)", team="(null)">
</IDEDistributionProcessingPipelineContext: 0x7fda3eeea420>
2025-02-08 08:10:32 +0000  Processing step: IDEDistributionCreateDestRootStep
2025-02-08 08:10:32 +0000  Processing step: IDEDistributionCopyItemStep
2025-02-08 08:10:32 +0000  Running /usr/bin/ditto '-V' '/Users/admin/Library/Developer/Xcode/Archives/2025-02-08/MaxPay 08-02-25, 1.23 PM.xcarchive/Products/Applications/MaxPay.app' '/var/folders/h5/hdg_yl1x69387cnq926mjz5w0000gn/T/XcodeDistPipeline.~~~t4Oh52/Root/Payload/MaxPay.app'
2025-02-08 08:10:32 +0000  >>> Copying /Users/admin/Library/Developer/Xcode/Archives/2025-02-08/MaxPay 08-02-25, 1.23 PM.xcarchive/Products/Applications/MaxPay.app 
2025-02-08 08:10:32 +0000  copying file ./_CodeSignature/CodeResources ... 
2025-02-08 08:10:32 +0000  152527 bytes for ./_CodeSignature/CodeResources
2025-02-08 08:10:32 +0000  copying file ./GraffTableViewCell.nib ... 
2025-02-08 08:10:32 +0000  9948 bytes for ./GraffTableViewCell.nib
2025-02-08 08:10:32 +0000  copying file ./Roboto-Medium.ttf ... 
2025-02-08 08:10:32 +0000  168644 bytes for ./Roboto-Medium.ttf
2025-02-08 08:10:32 +0000  copying file ./USP.storyboardc/pJs-C7-cfi-view-1Ib-Nc-evK.nib ... 
2025-02-08 08:10:32 +0000  18103 bytes for ./USP.storyboardc/pJs-C7-cfi-view-1Ib-Nc-evK.nib
2025-02-08 08:10:32 +0000  copying file ./USP.storyboardc/RechargeBillSuccess.nib ... 
2025-02-08 08:10:32 +0000  1055 bytes for ./USP.storyboardc/RechargeBillSuccess.nib
2025-02-08 08:10:32 +0000  copying file ./USP.storyboardc/FlightCheckoutViewController.nib ... 
2025-02-08 08:10:32 +0000  1073 bytes for ./USP.storyboardc/FlightCheckoutViewController.nib
2025-02-08 08:10:32 +0000  copying file ./USP.storyboardc/HotelDetailsViewController.nib ... 
2025-02-08 08:10:32 +0000  1069 bytes for ./USP.storyboardc/HotelDetailsViewController.nib
copying file ./USP.storyboardc/HotelSearchViewController.nib ... 
2025-02-08 08:10:32 +0000  1067 bytes for ./USP.storyboardc/HotelSearchViewController.nib
2025-02-08 08:10:32 +0000  copying file ./USP.storyboardc/BusTicketPaymentPayVC.nib ... 
2025-02-08 08:10:32 +0000  1148 bytes for ./USP.storyboardc/BusTicketPaymentPayVC.nib
2025-02-08 08:10:32 +0000  copying file ./USP.storyboardc/eRG-61-uO3-view-BNp-7Q-dFR.nib ... 
2025-02-08 08:10:32 +0000  18968 bytes for ./USP.storyboardc/eRG-61-uO3-view-BNp-7Q-dFR.nib
2025-02-08 08:10:32 +0000  copying file ./USP.storyboardc/rEK-bj-kga-view-HWu-8L-8R0.nib ... 
2025-02-08 08:10:32 +0000  104671 bytes for ./USP.storyboardc/rEK-bj-kga-view-HWu-8L-8R0.nib
2025-02-08 08:10:32 +0000  copying file ./USP.storyboardc/HotelListVC.nib ... 
2025-02-08 08:10:32 +0000  1053 bytes for ./USP.storyboardc/HotelListVC.nib
copying file ./USP.storyboardc/7BF-Li-JkG-view-trk-8g-Rmk.nib ... 
2025-02-08 08:10:32 +0000  8969 bytes for ./USP.storyboardc/7BF-Li-JkG-view-trk-8g-Rmk.nib
2025-02-08 08:10:32 +0000  copying file ./USP.storyboardc/i31-Bm-0ed-view-cfY-jb-cGB.nib ... 
2025-02-08 08:10:32 +0000  15815 bytes for ./USP.storyboardc/i31-Bm-0ed-view-cfY-jb-cGB.nib
2025-02-08 08:10:32 +0000  copying file ./USP.storyboardc/RNw-On-3vF-view-AOV-2c-76v.nib ... 
2025-02-08 08:10:32 +0000  12092 bytes for ./USP.storyboardc/RNw-On-3vF-view-AOV-2c-76v.nib
copying file ./USP.storyboardc/YIH-cW-MIu-view-obd-LX-FuA.nib ... 
2025-02-08 08:10:32 +0000  19770 bytes for ./USP.storyboardc/YIH-cW-MIu-view-obd-LX-FuA.nib
2025-02-08 08:10:32 +0000  copying file ./USP.storyboardc/PageTwoViewController.nib ... 
2025-02-08 08:10:32 +0000  1020 bytes for ./USP.storyboardc/PageTwoViewController.nib
2025-02-08 08:10:32 +0000  copying file ./USP.storyboardc/PaymentListVC.nib ... 
2025-02-08 08:10:32 +0000  1057 bytes for ./USP.storyboardc/PaymentListVC.nib
2025-02-08 08:10:32 +0000  copying file ./USP.storyboardc/q3Q-Ab-faC-view-HzM-ay-iQ9.nib ... 
2025-02-08 08:10:32 +0000  19200 bytes for ./USP.storyboardc/q3Q-Ab-faC-view-HzM-ay-iQ9.nib
2025-02-08 08:10:32 +0000  copying file ./USP.storyboardc/SelectCityViewController.nib ... 
2025-02-08 08:10:32 +0000  1065 bytes for ./USP.storyboardc/SelectCityViewController.nib
2025-02-08 08:10:32 +0000  copying file ./USP.storyboardc/82P-Cz-3xr-view-7D4-0O-15L.nib ... 
2025-02-08 08:10:32 +0000  32404 bytes for ./USP.storyboardc/82P-Cz-3xr-view-7D4-0O-15L.nib
2025-02-08 08:10:32 +0000  copying file ./USP.storyboardc/RechargePlanViewController.nib ... 
2025-02-08 08:10:32 +0000  1069 bytes for ./USP.storyboardc/RechargePlanViewController.nib
copying file ./USP.storyboardc/MRT-rP-5I2-view-ZtF-AS-lKW.nib ... 
2025-02-08 08:10:32 +0000  12502 bytes for ./USP.storyboardc/MRT-rP-5I2-view-ZtF-AS-lKW.nib
2025-02-08 08:10:32 +0000  copying file ./USP.storyboardc/i7Z-O7-AHC-view-utK-w5-D3O.nib ... 
2025-02-08 08:10:32 +0000  31744 bytes for ./USP.storyboardc/i7Z-O7-AHC-view-utK-w5-D3O.nib
2025-02-08 08:10:32 +0000  copying file ./USP.storyboardc/FlightTravellerPopVC.nib ... 
2025-02-08 08:10:32 +0000  1057 bytes for ./USP.storyboardc/FlightTravellerPopVC.nib
2025-02-08 08:10:32 +0000  copying file ./USP.storyboardc/lfd-eK-oZW-view-WgZ-nR-Knh.nib ... 
2025-02-08 08:10:32 +0000  30035 bytes for ./USP.storyboardc/lfd-eK-oZW-view-WgZ-nR-Knh.nib
2025-02-08 08:10:32 +0000  copying file ./USP.storyboardc/TravellersDetailsVC.nib ... 
2025-02-08 08:10:32 +0000  1055 bytes for ./USP.storyboardc/TravellersDetailsVC.nib
2025-02-08 08:10:32 +0000  copying file ./USP.storyboardc/Orp-lh-Qc4-view-X6N-FT-Yq2.nib ... 
2025-02-08 08:10:32 +0000  20875 bytes for ./USP.storyboardc/Orp-lh-Qc4-view-X6N-FT-Yq2.nib
2025-02-08 08:10:32 +0000  copying file ./USP.storyboardc/BusFIlterVC.nib ... 
2025-02-08 08:10:32 +0000  1128 bytes for ./USP.storyboardc/BusFIlterVC.nib
2025-02-08 08:10:32 +0000  copying file ./USP.storyboardc/BusTicketPaymentVC.nib ... 
2025-02-08 08:10:32 +0000  1396 bytes for ./USP.storyboardc/BusTicketPaymentVC.nib
2025-02-08 08:10:32 +0000  copying file ./USP.storyboardc/FlightTicketVC.nib ... 
2025-02-08 08:10:32 +0000  1045 bytes for ./USP.storyboardc/FlightTicketVC.nib
2025-02-08 08:10:32 +0000  copying file ./USP.storyboardc/R3b-z9-nAq-view-jhn-Xw-vUC.nib ... 
2025-02-08 08:10:32 +0000  27396 bytes for ./USP.storyboardc/R3b-z9-nAq-view-jhn-Xw-vUC.nib
2025-02-08 08:10:32 +0000  copying file ./USP.storyboardc/HotelRoomTypesVC.nib ... 
2025-02-08 08:10:32 +0000  1049 bytes for ./USP.storyboardc/HotelRoomTypesVC.nib
2025-02-08 08:10:32 +0000  copying file ./USP.storyboardc/SearchFlightVC.nib ... 
2025-02-08 08:10:32 +0000  1059 bytes for ./USP.storyboardc/SearchFlightVC.nib
2025-02-08 08:10:32 +0000  copying file ./USP.storyboardc/GVj-Br-xcr-view-I2T-xu-SMw.nib ... 
2025-02-08 08:10:32 +0000  17560 bytes for ./USP.storyboardc/GVj-Br-xcr-view-I2T-xu-SMw.nib
2025-02-08 08:10:32 +0000  copying file ./USP.storyboardc/PresentPhotViewController.nib ... 
2025-02-08 08:10:32 +0000  1067 bytes for ./USP.storyboardc/PresentPhotViewController.nib
2025-02-08 08:10:32 +0000  copying file ./USP.storyboardc/h02-g0-B7n-view-JVs-ME-WsY.nib ... 
2025-02-08 08:10:32 +0000  2468 bytes for ./USP.storyboardc/h02-g0-B7n-view-JVs-ME-WsY.nib
2025-02-08 08:10:32 +0000  copying file ./USP.storyboardc/RoomsGuestPopVC.nib ... 
2025-02-08 08:10:32 +0000  1047 bytes for ./USP.storyboardc/RoomsGuestPopVC.nib
2025-02-08 08:10:32 +0000  copying file ./USP.storyboardc/HotelCheckoutViewController.nib ... 
2025-02-08 08:10:32 +0000  1071 bytes for ./USP.storyboardc/HotelCheckoutViewController.nib
2025-02-08 08:10:32 +0000  copying file ./USP.storyboardc/ReceiptViewController.nib ... 
2025-02-08 08:10:32 +0000  1020 bytes for ./USP.storyboardc/ReceiptViewController.nib
2025-02-08 08:10:32 +0000  copying file ./USP.storyboardc/TBo-9f-8ve-view-tPp-B1-zYh.nib ... 
2025-02-08 08:10:32 +0000  40268 bytes for ./USP.storyboardc/TBo-9f-8ve-view-tPp-B1-zYh.nib
2025-02-08 08:10:32 +0000  copying file ./USP.storyboardc/PlanViewPopupVC.nib ... 
2025-02-08 08:10:32 +0000  1047 bytes for ./USP.storyboardc/PlanViewPopupVC.nib
2025-02-08 08:10:32 +0000  copying file ./USP.storyboardc/HotelPaymentVC.nib ... 
2025-02-08 08:10:32 +0000  1081 bytes for ./USP.storyboardc/HotelPaymentVC.nib
2025-02-08 08:10:32 +0000  copying file ./USP.storyboardc/5Gj-9e-3Tt-view-fvv-vq-2cR.nib ... 
2025-02-08 08:10:32 +0000  18642 bytes for ./USP.storyboardc/5Gj-9e-3Tt-view-fvv-vq-2cR.nib
2025-02-08 08:10:32 +0000  copying file ./USP.storyboardc/SearchFlightListVC.nib ... 
2025-02-08 08:10:32 +0000  1067 bytes for ./USP.storyboardc/SearchFlightListVC.nib
2025-02-08 08:10:32 +0000  copying file ./USP.storyboardc/HotelReviewVC.nib ... 
2025-02-08 08:10:32 +0000  1057 bytes for ./USP.storyboardc/HotelReviewVC.nib
2025-02-08 08:10:32 +0000  copying file ./USP.storyboardc/Adh-7Z-gXQ-view-oJf-4m-Mqt.nib ... 
2025-02-08 08:10:32 +0000  1225 bytes for ./USP.storyboardc/Adh-7Z-gXQ-view-oJf-4m-Mqt.nib
2025-02-08 08:10:32 +0000  copying file ./USP.storyboardc/ppW-WS-0Cq-view-N33-jO-rwx.nib ... 
2025-02-08 08:10:32 +0000  12437 bytes for ./USP.storyboardc/ppW-WS-0Cq-view-N33-jO-rwx.nib
2025-02-08 08:10:32 +0000  copying file ./USP.storyboardc/O5M-Da-kMg-view-1AY-T1-NIg.nib ... 
2025-02-08 08:10:32 +0000  14529 bytes for ./USP.storyboardc/O5M-Da-kMg-view-1AY-T1-NIg.nib
2025-02-08 08:10:32 +0000  copying file ./USP.storyboardc/MTh-pb-snb-view-JvD-KZ-Sut.nib ... 
2025-02-08 08:10:32 +0000  16800 bytes for ./USP.storyboardc/MTh-pb-snb-view-JvD-KZ-Sut.nib
2025-02-08 08:10:32 +0000  copying file ./USP.storyboardc/gIK-i7-joh-view-9Q4-su-hMZ.nib ... 
2025-02-08 08:10:32 +0000  11207 bytes for ./USP.storyboardc/gIK-i7-joh-view-9Q4-su-hMZ.nib
2025-02-08 08:10:32 +0000  copying file ./USP.storyboardc/5VJ-K8-HT9-view-3n8-Hl-gwg.nib ... 
2025-02-08 08:10:32 +0000  20046 bytes for ./USP.storyboardc/5VJ-K8-HT9-view-3n8-Hl-gwg.nib
2025-02-08 08:10:32 +0000  copying file ./USP.storyboardc/TravelVC.nib ... 
2025-02-08 08:10:32 +0000  1046 bytes for ./USP.storyboardc/TravelVC.nib
2025-02-08 08:10:32 +0000  copying file ./USP.storyboardc/BusSearchListVC.nib ... 
2025-02-08 08:10:32 +0000  1526 bytes for ./USP.storyboardc/BusSearchListVC.nib
2025-02-08 08:10:32 +0000  copying file ./USP.storyboardc/19M-WO-SNk-view-sdg-Pt-2qS.nib ... 
2025-02-08 08:10:32 +0000  47880 bytes for ./USP.storyboardc/19M-WO-SNk-view-sdg-Pt-2qS.nib
2025-02-08 08:10:32 +0000  copying file ./USP.storyboardc/HotelViewController.nib ... 
2025-02-08 08:10:32 +0000  1055 bytes for ./USP.storyboardc/HotelViewController.nib
2025-02-08 08:10:32 +0000  copying file ./USP.storyboardc/bf3-gy-De4-view-leX-vG-td3.nib ... 
2025-02-08 08:10:32 +0000  51771 bytes for ./USP.storyboardc/bf3-gy-De4-view-leX-vG-td3.nib
2025-02-08 08:10:32 +0000  copying file ./USP.storyboardc/fxH-G5-pzk-view-sTl-Ta-vlb.nib ... 
2025-02-08 08:10:32 +0000  12942 bytes for ./USP.storyboardc/fxH-G5-pzk-view-sTl-Ta-vlb.nib
2025-02-08 08:10:32 +0000  copying file ./USP.storyboardc/FlightOnwWayViewController.nib ... 
2025-02-08 08:10:32 +0000  1069 bytes for ./USP.storyboardc/FlightOnwWayViewController.nib
2025-02-08 08:10:32 +0000  copying file ./USP.storyboardc/FlightDetailsVC.nib ... 
2025-02-08 08:10:32 +0000  1061 bytes for ./USP.storyboardc/FlightDetailsVC.nib
2025-02-08 08:10:32 +0000  copying file ./USP.storyboardc/tvZ-yd-zHy-view-bQe-cV-JMy.nib ... 
2025-02-08 08:10:32 +0000  34483 bytes for ./USP.storyboardc/tvZ-yd-zHy-view-bQe-cV-JMy.nib
2025-02-08 08:10:32 +0000  copying file ./USP.storyboardc/fzF-12-bHG-view-qKS-3b-fTb.nib ... 
2025-02-08 08:10:32 +0000  21697 bytes for ./USP.storyboardc/fzF-12-bHG-view-qKS-3b-fTb.nib
2025-02-08 08:10:32 +0000  copying file ./USP.storyboardc/IuL-xf-XY8-view-3TQ-Bn-Vg7.nib ... 
2025-02-08 08:10:32 +0000  19322 bytes for ./USP.storyboardc/IuL-xf-XY8-view-3TQ-Bn-Vg7.nib
2025-02-08 08:10:32 +0000  copying file ./USP.storyboardc/TravellersSeatVC.nib ... 
2025-02-08 08:10:32 +0000  1049 bytes for ./USP.storyboardc/TravellersSeatVC.nib
2025-02-08 08:10:32 +0000  copying file ./USP.storyboardc/SelectOperatorVC.nib ... 
2025-02-08 08:10:32 +0000  1049 bytes for ./USP.storyboardc/SelectOperatorVC.nib
2025-02-08 08:10:32 +0000  copying file ./USP.storyboardc/Ao1-Am-6qM-view-kFa-2l-ljG.nib ... 
2025-02-08 08:10:32 +0000  20869 bytes for ./USP.storyboardc/Ao1-Am-6qM-view-kFa-2l-ljG.nib
2025-02-08 08:10:32 +0000  copying file ./USP.storyboardc/sVw-Rr-qAy-view-9x3-2W-g5T.nib ... 
2025-02-08 08:10:32 +0000  32970 bytes for ./USP.storyboardc/sVw-Rr-qAy-view-9x3-2W-g5T.nib
2025-02-08 08:10:32 +0000  copying file ./USP.storyboardc/PageContainerViewController.nib ... 
2025-02-08 08:10:32 +0000  1032 bytes for ./USP.storyboardc/PageContainerViewController.nib
2025-02-08 08:10:32 +0000  copying file ./USP.storyboardc/pIu-aW-Y67-view-dg2-Ff-yfo.nib ... 
2025-02-08 08:10:32 +0000  27660 bytes for ./USP.storyboardc/pIu-aW-Y67-view-dg2-Ff-yfo.nib
2025-02-08 08:10:32 +0000  copying file ./USP.storyboardc/kpl-4x-Pvg-view-DCF-JY-LTh.nib ... 
2025-02-08 08:10:32 +0000  36829 bytes for ./USP.storyboardc/kpl-4x-Pvg-view-DCF-JY-LTh.nib
2025-02-08 08:10:32 +0000  copying file ./USP.storyboardc/SelectOperatorPopupView.nib ... 
2025-02-08 08:10:32 +0000  1063 bytes for ./USP.storyboardc/SelectOperatorPopupView.nib
2025-02-08 08:10:32 +0000  copying file ./USP.storyboardc/3ZQ-91-6us-view-q2M-2U-H4l.nib ... 
2025-02-08 08:10:32 +0000  25728 bytes for ./USP.storyboardc/3ZQ-91-6us-view-q2M-2U-H4l.nib
2025-02-08 08:10:32 +0000  copying file ./USP.storyboardc/EzM-lr-mRC-view-7Nn-n4-sxo.nib ... 
2025-02-08 08:10:32 +0000  53890 bytes for ./USP.storyboardc/EzM-lr-mRC-view-7Nn-n4-sxo.nib
2025-02-08 08:10:32 +0000  copying file ./USP.storyboardc/tKJ-Oo-2cY-view-ey9-k2-ssW.nib ... 
2025-02-08 08:10:32 +0000  18727 bytes for ./USP.storyboardc/tKJ-Oo-2cY-view-ey9-k2-ssW.nib
2025-02-08 08:10:32 +0000  copying file ./USP.storyboardc/Ljv-zo-ua0-view-8Hs-cT-Ogp.nib ... 
2025-02-08 08:10:32 +0000  10913 bytes for ./USP.storyboardc/Ljv-zo-ua0-view-8Hs-cT-Ogp.nib
2025-02-08 08:10:32 +0000  copying file ./USP.storyboardc/hdY-lJ-clM-view-OON-xW-tPH.nib ... 
2025-02-08 08:10:32 +0000  17497 bytes for ./USP.storyboardc/hdY-lJ-clM-view-OON-xW-tPH.nib
2025-02-08 08:10:32 +0000  copying file ./USP.storyboardc/eGM-Ls-vN3-view-8MR-Tt-Iyy.nib ... 
2025-02-08 08:10:32 +0000  50539 bytes for ./USP.storyboardc/eGM-Ls-vN3-view-8MR-Tt-Iyy.nib
2025-02-08 08:10:32 +0000  copying file ./USP.storyboardc/FlightBookViewController.nib ... 
2025-02-08 08:10:32 +0000  1065 bytes for ./USP.storyboardc/FlightBookViewController.nib
2025-02-08 08:10:32 +0000  copying file ./USP.storyboardc/HotelBillPaymentMethodVC.nib ... 
2025-02-08 08:10:32 +0000  1101 bytes for ./USP.storyboardc/HotelBillPaymentMethodVC.nib
2025-02-08 08:10:32 +0000  copying file ./USP.storyboardc/FlightFilterView.nib ... 
2025-02-08 08:10:32 +0000  1049 bytes for ./USP.storyboardc/FlightFilterView.nib
2025-02-08 08:10:32 +0000  copying file ./USP.storyboardc/sB6-W8-ZxV-view-OTv-9g-54u.nib ... 
2025-02-08 08:10:32 +0000  13333 bytes for ./USP.storyboardc/sB6-W8-ZxV-view-OTv-9g-54u.nib
2025-02-08 08:10:32 +0000  copying file ./USP.storyboardc/FlightTwoWayViewController.nib ... 
2025-02-08 08:10:32 +0000  1069 bytes for ./USP.storyboardc/FlightTwoWayViewController.nib
2025-02-08 08:10:32 +0000  copying file ./USP.storyboardc/iu9-UN-3fY-view-IWM-YD-zF5.nib ... 
2025-02-08 08:10:32 +0000  17534 bytes for ./USP.storyboardc/iu9-UN-3fY-view-IWM-YD-zF5.nib
2025-02-08 08:10:32 +0000  copying file ./USP.storyboardc/TravelTabViewController.nib ... 
2025-02-08 08:10:32 +0000  1063 bytes for ./USP.storyboardc/TravelTabViewController.nib
2025-02-08 08:10:32 +0000  copying file ./USP.storyboardc/HotelSearchVC.nib ... 
2025-02-08 08:10:32 +0000  1057 bytes for ./USP.storyboardc/HotelSearchVC.nib
2025-02-08 08:10:32 +0000  copying file ./USP.storyboardc/ReviewBookingVC.nib ... 
2025-02-08 08:10:32 +0000  1387 bytes for ./USP.storyboardc/ReviewBookingVC.nib
2025-02-08 08:10:32 +0000  copying file ./USP.storyboardc/RechargeBillFailedVC.nib ... 
2025-02-08 08:10:32 +0000  1057 bytes for ./USP.storyboardc/RechargeBillFailedVC.nib
2025-02-08 08:10:32 +0000  copying file ./USP.storyboardc/RechargeBillPaymentMethodVC.nib ... 
2025-02-08 08:10:32 +0000  1160 bytes for ./USP.storyboardc/RechargeBillPaymentMethodVC.nib
2025-02-08 08:10:32 +0000  copying file ./USP.storyboardc/fdZ-g1-eEd-view-v4x-gv-C4N.nib ... 
2025-02-08 08:10:32 +0000  15662 bytes for ./USP.storyboardc/fdZ-g1-eEd-view-v4x-gv-C4N.nib
2025-02-08 08:10:32 +0000  copying file ./USP.storyboardc/BusReviewVC.nib ... 
2025-02-08 08:10:32 +0000  1053 bytes for ./USP.storyboardc/BusReviewVC.nib
2025-02-08 08:10:32 +0000  copying file ./USP.storyboardc/RechargeViewController.nib ... 
2025-02-08 08:10:32 +0000  1091 bytes for ./USP.storyboardc/RechargeViewController.nib
2025-02-08 08:10:32 +0000  copying file ./USP.storyboardc/e88-eU-uN8-view-vYY-KH-VmG.nib ... 
2025-02-08 08:10:32 +0000  27849 bytes for ./USP.storyboardc/e88-eU-uN8-view-vYY-KH-VmG.nib
2025-02-08 08:10:32 +0000  copying file ./USP.storyboardc/Vw9-by-jL6-view-uyZ-qU-bKm.nib ... 
2025-02-08 08:10:32 +0000  19342 bytes for ./USP.storyboardc/Vw9-by-jL6-view-uyZ-qU-bKm.nib
2025-02-08 08:10:32 +0000  copying file ./USP.storyboardc/PageOneViewController.nib ... 
2025-02-08 08:10:32 +0000  1020 bytes for ./USP.storyboardc/PageOneViewController.nib
2025-02-08 08:10:32 +0000  copying file ./USP.storyboardc/NFl-LT-BeR-view-Zy8-cB-ULO.nib ... 
2025-02-08 08:10:32 +0000  26923 bytes for ./USP.storyboardc/NFl-LT-BeR-view-Zy8-cB-ULO.nib
2025-02-08 08:10:32 +0000  copying file ./USP.storyboardc/8Ea-jZ-aTJ-view-cd5-oQ-fBy.nib ... 
2025-02-08 08:10:32 +0000  16003 bytes for ./USP.storyboardc/8Ea-jZ-aTJ-view-cd5-oQ-fBy.nib
2025-02-08 08:10:32 +0000  copying file ./USP.storyboardc/cw4-0U-wDQ-view-RJr-GL-Tte.nib ... 
2025-02-08 08:10:32 +0000  1225 bytes for ./USP.storyboardc/cw4-0U-wDQ-view-RJr-GL-Tte.nib
2025-02-08 08:10:32 +0000  copying file ./USP.storyboardc/I96-0h-TzI-view-FFE-32-dKr.nib ... 
2025-02-08 08:10:32 +0000  18594 bytes for ./USP.storyboardc/I96-0h-TzI-view-FFE-32-dKr.nib
2025-02-08 08:10:32 +0000  copying file ./USP.storyboardc/F9r-Ap-MFi-view-nZq-mY-LNK.nib ... 
2025-02-08 08:10:32 +0000  11860 bytes for ./USP.storyboardc/F9r-Ap-MFi-view-nZq-mY-LNK.nib
2025-02-08 08:10:32 +0000  copying file ./USP.storyboardc/FlightReviewVC.nib ... 
2025-02-08 08:10:32 +0000  1059 bytes for ./USP.storyboardc/FlightReviewVC.nib
2025-02-08 08:10:32 +0000  copying file ./USP.storyboardc/o8O-2A-eK0-view-mix-PG-oZd.nib ... 
2025-02-08 08:10:32 +0000  20960 bytes for ./USP.storyboardc/o8O-2A-eK0-view-mix-PG-oZd.nib
2025-02-08 08:10:32 +0000  copying file ./USP.storyboardc/SelectSeatsVC.nib ... 
2025-02-08 08:10:32 +0000  1386 bytes for ./USP.storyboardc/SelectSeatsVC.nib
2025-02-08 08:10:32 +0000  copying file ./USP.storyboardc/TravelDetailsVC.nib ... 
2025-02-08 08:10:32 +0000  1061 bytes for ./USP.storyboardc/TravelDetailsVC.nib
2025-02-08 08:10:32 +0000  copying file ./USP.storyboardc/vAB-w6-Uch-view-Sby-h6-nUr.nib ... 
2025-02-08 08:10:32 +0000  31927 bytes for ./USP.storyboardc/vAB-w6-Uch-view-Sby-h6-nUr.nib
2025-02-08 08:10:32 +0000  copying file ./USP.storyboardc/RechargePaymentVC.nib ... 
2025-02-08 08:10:32 +0000  1140 bytes for ./USP.storyboardc/RechargePaymentVC.nib
2025-02-08 08:10:32 +0000  copying file ./USP.storyboardc/6MX-IP-dxD-view-KdK-59-g5t.nib ... 
2025-02-08 08:10:32 +0000  38913 bytes for ./USP.storyboardc/6MX-IP-dxD-view-KdK-59-g5t.nib
copying file ./USP.storyboardc/MealsAddOnView.nib ... 
2025-02-08 08:10:32 +0000  1045 bytes for ./USP.storyboardc/MealsAddOnView.nib
2025-02-08 08:10:32 +0000  copying file ./USP.storyboardc/cTs-uI-CeD-view-e3a-AK-CNj.nib ... 
2025-02-08 08:10:32 +0000  21417 bytes for ./USP.storyboardc/cTs-uI-CeD-view-e3a-AK-CNj.nib
2025-02-08 08:10:32 +0000  copying file ./USP.storyboardc/CircleViewController.nib ... 
2025-02-08 08:10:32 +0000  1057 bytes for ./USP.storyboardc/CircleViewController.nib
2025-02-08 08:10:32 +0000  copying file ./USP.storyboardc/wkG-Rw-V9e-view-WVb-Fb-rdG.nib ... 
2025-02-08 08:10:32 +0000  28322 bytes for ./USP.storyboardc/wkG-Rw-V9e-view-WVb-Fb-rdG.nib
2025-02-08 08:10:32 +0000  copying file ./USP.storyboardc/Info.plist ... 
2025-02-08 08:10:32 +0000  2860 bytes for ./USP.storyboardc/Info.plist
copying file ./USP.storyboardc/SearchBusVC.nib ... 
2025-02-08 08:10:32 +0000  1053 bytes for ./USP.storyboardc/SearchBusVC.nib
copying file ./USP.storyboardc/RechargeBillPendingVC.nib ... 
2025-02-08 08:10:32 +0000  1059 bytes for ./USP.storyboardc/RechargeBillPendingVC.nib
2025-02-08 08:10:32 +0000  copying file ./USP.storyboardc/AddPassengerDetailsVC.nib ... 
2025-02-08 08:10:32 +0000  1396 bytes for ./USP.storyboardc/AddPassengerDetailsVC.nib
2025-02-08 08:10:32 +0000  copying file ./USP.storyboardc/BaggageAddOnView.nib ... 
2025-02-08 08:10:32 +0000  1049 bytes for ./USP.storyboardc/BaggageAddOnView.nib
2025-02-08 08:10:32 +0000  copying file ./USP.storyboardc/NtA-b5-IFa-view-GGT-oG-zpp.nib ... 
2025-02-08 08:10:32 +0000  1225 bytes for ./USP.storyboardc/NtA-b5-IFa-view-GGT-oG-zpp.nib
2025-02-08 08:10:32 +0000  copying file ./USP.storyboardc/QIj-ex-Aw2-view-eqj-cH-XZr.nib ... 
2025-02-08 08:10:32 +0000  25324 bytes for ./USP.storyboardc/QIj-ex-Aw2-view-eqj-cH-XZr.nib
2025-02-08 08:10:32 +0000  copying file ./USP.storyboardc/PhotoGalleryVC.nib ... 
2025-02-08 08:10:32 +0000  1045 bytes for ./USP.storyboardc/PhotoGalleryVC.nib
2025-02-08 08:10:32 +0000  copying file ./Roboto-Light.ttf ... 
2025-02-08 08:10:32 +0000  167000 bytes for ./Roboto-Light.ttf
2025-02-08 08:10:32 +0000  copying file ./PayTableViewCell.nib ... 
2025-02-08 08:10:32 +0000  14990 bytes for ./PayTableViewCell.nib
2025-02-08 08:10:32 +0000  copying file ./MaxPay ... 
2025-02-08 08:10:32 +0000  7197184 bytes for ./MaxPay
2025-02-08 08:10:32 +0000  copying file ./AddCardTableViewCell.nib ... 
9203 bytes for ./AddCardTableViewCell.nib
copying file ./ListPickerView.nib ... 
2025-02-08 08:10:32 +0000  4101 bytes for ./ListPickerView.nib
2025-02-08 08:10:32 +0000  copying file ./Harmattan-SemiBold.ttf ... 
2025-02-08 08:10:32 +0000  535016 bytes for ./Harmattan-SemiBold.ttf
2025-02-08 08:10:32 +0000  copying file ./MaxPay.momd/VersionInfo.plist ... 
2025-02-08 08:10:32 +0000  244 bytes for ./MaxPay.momd/VersionInfo.plist
copying file ./MaxPay.momd/MaxPay.mom ... 
2025-02-08 08:10:32 +0000  566 bytes for ./MaxPay.momd/MaxPay.mom
2025-02-08 08:10:32 +0000  copying file ./MaxPay.momd/MaxPay.omo ... 
2025-02-08 08:10:32 +0000  704 bytes for ./MaxPay.momd/MaxPay.omo
2025-02-08 08:10:32 +0000  copying file ./CancellationPolicyCell.nib ... 
2025-02-08 08:10:32 +0000  4405 bytes for ./CancellationPolicyCell.nib
copying file ./HotelSearchCell.nib ... 
2025-02-08 08:10:32 +0000  13188 bytes for ./HotelSearchCell.nib
2025-02-08 08:10:32 +0000  copying file ./TrasactionPercentageCell.nib ... 
2025-02-08 08:10:32 +0000  3485 bytes for ./TrasactionPercentageCell.nib
2025-02-08 08:10:32 +0000  copying file ./RechargePopupVC.nib ... 
2025-02-08 08:10:32 +0000  14971 bytes for ./RechargePopupVC.nib
copying file ./CustomSearch.nib ... 
2025-02-08 08:10:32 +0000  5913 bytes for ./CustomSearch.nib
2025-02-08 08:10:32 +0000  copying file ./UserDetailTableViewCell.nib ... 
2025-02-08 08:10:32 +0000  11365 bytes for ./UserDetailTableViewCell.nib
2025-02-08 08:10:32 +0000  copying file ./BhimUpi.storyboardc/NcA-Vv-Hnt-view-Myk-bB-2VA.nib ... 
2025-02-08 08:10:32 +0000  37328 bytes for ./BhimUpi.storyboardc/NcA-Vv-Hnt-view-Myk-bB-2VA.nib
2025-02-08 08:10:32 +0000  copying file ./BhimUpi.storyboardc/RequestLandingVC.nib ... 
2025-02-08 08:10:32 +0000  1063 bytes for ./BhimUpi.storyboardc/RequestLandingVC.nib
2025-02-08 08:10:32 +0000  copying file ./BhimUpi.storyboardc/ManageLinkVC.nib ... 
2025-02-08 08:10:32 +0000  1041 bytes for ./BhimUpi.storyboardc/ManageLinkVC.nib
copying file ./BhimUpi.storyboardc/PaymentUPIIDRequestNewVC.nib ... 
2025-02-08 08:10:32 +0000  1154 bytes for ./BhimUpi.storyboardc/PaymentUPIIDRequestNewVC.nib
2025-02-08 08:10:32 +0000  copying file ./BhimUpi.storyboardc/BhimUPILandingVC.nib ... 
2025-02-08 08:10:32 +0000  1063 bytes for ./BhimUpi.storyboardc/BhimUPILandingVC.nib
2025-02-08 08:10:32 +0000  copying file ./BhimUpi.storyboardc/TransferVC.nib ... 
2025-02-08 08:10:32 +0000  1051 bytes for ./BhimUpi.storyboardc/TransferVC.nib
2025-02-08 08:10:32 +0000  copying file ./BhimUpi.storyboardc/4dL-h4-DoG-view-dro-hN-9sm.nib ... 
2025-02-08 08:10:32 +0000  9317 bytes for ./BhimUpi.storyboardc/4dL-h4-DoG-view-dro-hN-9sm.nib
2025-02-08 08:10:32 +0000  copying file ./BhimUpi.storyboardc/kCZ-CK-2eg-view-OSK-tn-rEd.nib ... 
2025-02-08 08:10:32 +0000  22934 bytes for ./BhimUpi.storyboardc/kCZ-CK-2eg-view-OSK-tn-rEd.nib
2025-02-08 08:10:32 +0000  copying file ./BhimUpi.storyboardc/hTE-ur-OTM-view-t7m-yC-DFm.nib ... 
2025-02-08 08:10:32 +0000  15931 bytes for ./BhimUpi.storyboardc/hTE-ur-OTM-view-t7m-yC-DFm.nib
2025-02-08 08:10:32 +0000  copying file ./BhimUpi.storyboardc/Y6W-OH-hqX-view-5EZ-qb-Rvc.nib ... 
2025-02-08 08:10:32 +0000  13717 bytes for ./BhimUpi.storyboardc/Y6W-OH-hqX-view-5EZ-qb-Rvc.nib
2025-02-08 08:10:32 +0000  copying file ./BhimUpi.storyboardc/SendMoneyVC.nib ... 
2025-02-08 08:10:32 +0000  1073 bytes for ./BhimUpi.storyboardc/SendMoneyVC.nib
2025-02-08 08:10:32 +0000  copying file ./BhimUpi.storyboardc/UPINumberVC.nib ... 
2025-02-08 08:10:32 +0000  1039 bytes for ./BhimUpi.storyboardc/UPINumberVC.nib
2025-02-08 08:10:32 +0000  copying file ./BhimUpi.storyboardc/Mft-7U-Dxi-view-WCT-vI-CZe.nib ... 
2025-02-08 08:10:32 +0000  10016 bytes for ./BhimUpi.storyboardc/Mft-7U-Dxi-view-WCT-vI-CZe.nib
2025-02-08 08:10:32 +0000  copying file ./BhimUpi.storyboardc/AccountSelectionPopVc.nib ... 
2025-02-08 08:10:32 +0000  1059 bytes for ./BhimUpi.storyboardc/AccountSelectionPopVc.nib
2025-02-08 08:10:32 +0000  copying file ./BhimUpi.storyboardc/KVw-5d-bxo-view-a61-so-bCy.nib ... 
2025-02-08 08:10:32 +0000  21951 bytes for ./BhimUpi.storyboardc/KVw-5d-bxo-view-a61-so-bCy.nib
2025-02-08 08:10:32 +0000  copying file ./BhimUpi.storyboardc/RequestMoneyVC.nib ... 
2025-02-08 08:10:32 +0000  1059 bytes for ./BhimUpi.storyboardc/RequestMoneyVC.nib
2025-02-08 08:10:32 +0000  copying file ./BhimUpi.storyboardc/R6s-oE-IPC-view-tav-Mv-Sqa.nib ... 
2025-02-08 08:10:32 +0000  9760 bytes for ./BhimUpi.storyboardc/R6s-oE-IPC-view-tav-Mv-Sqa.nib
2025-02-08 08:10:32 +0000  copying file ./BhimUpi.storyboardc/W2B-mv-5BU-view-2nu-Cn-Grf.nib ... 
2025-02-08 08:10:32 +0000  23160 bytes for ./BhimUpi.storyboardc/W2B-mv-5BU-view-2nu-Cn-Grf.nib
2025-02-08 08:10:32 +0000  copying file ./BhimUpi.storyboardc/PaymentUPIIDNewVC.nib ... 
2025-02-08 08:10:32 +0000  1140 bytes for ./BhimUpi.storyboardc/PaymentUPIIDNewVC.nib
2025-02-08 08:10:32 +0000  copying file ./BhimUpi.storyboardc/DhV-BS-A3W-view-ZFS-2w-sW7.nib ... 
2025-02-08 08:10:32 +0000  26371 bytes for ./BhimUpi.storyboardc/DhV-BS-A3W-view-ZFS-2w-sW7.nib
2025-02-08 08:10:32 +0000  copying file ./BhimUpi.storyboardc/5CQ-bT-ays-view-jpZ-X2-vkC.nib ... 
2025-02-08 08:10:32 +0000  19465 bytes for ./BhimUpi.storyboardc/5CQ-bT-ays-view-jpZ-X2-vkC.nib
2025-02-08 08:10:32 +0000  copying file ./BhimUpi.storyboardc/X3W-ov-xP2-view-yOm-Cz-nx7.nib ... 
2025-02-08 08:10:32 +0000  20711 bytes for ./BhimUpi.storyboardc/X3W-ov-xP2-view-yOm-Cz-nx7.nib
2025-02-08 08:10:32 +0000  copying file ./BhimUpi.storyboardc/5xv-rg-lxc-view-m10-c2-big.nib ... 
2025-02-08 08:10:32 +0000  22947 bytes for ./BhimUpi.storyboardc/5xv-rg-lxc-view-m10-c2-big.nib
2025-02-08 08:10:32 +0000  copying file ./BhimUpi.storyboardc/PaymentUPIIDNewConfirmationVC.nib ... 
2025-02-08 08:10:32 +0000  1164 bytes for ./BhimUpi.storyboardc/PaymentUPIIDNewConfirmationVC.nib
2025-02-08 08:10:32 +0000  copying file ./BhimUpi.storyboardc/ManageUPIVC.nib ... 
2025-02-08 08:10:32 +0000  1039 bytes for ./BhimUpi.storyboardc/ManageUPIVC.nib
2025-02-08 08:10:32 +0000  copying file ./BhimUpi.storyboardc/UPIPaymentReject.nib ... 
2025-02-08 08:10:32 +0000  1138 bytes for ./BhimUpi.storyboardc/UPIPaymentReject.nib
2025-02-08 08:10:32 +0000  copying file ./BhimUpi.storyboardc/Info.plist ... 
2025-02-08 08:10:32 +0000  668 bytes for ./BhimUpi.storyboardc/Info.plist
2025-02-08 08:10:32 +0000  copying file ./QuizWinnerCollectionViewCell.nib ... 
2025-02-08 08:10:32 +0000  3987 bytes for ./QuizWinnerCollectionViewCell.nib
2025-02-08 08:10:32 +0000  copying file ./SearchFlightOneWayCell.nib ... 
2025-02-08 08:10:32 +0000  21512 bytes for ./SearchFlightOneWayCell.nib
2025-02-08 08:10:32 +0000  copying file ./VWSecondaryWallet.nib ... 
2025-02-08 08:10:32 +0000  2478 bytes for ./VWSecondaryWallet.nib
2025-02-08 08:10:32 +0000  copying file ./WalletShow.nib ... 
2025-02-08 08:10:32 +0000  9993 bytes for ./WalletShow.nib
2025-02-08 08:10:32 +0000  copying file ./Roboto-Regular.ttf ... 
2025-02-08 08:10:32 +0000  168260 bytes for ./Roboto-Regular.ttf
2025-02-08 08:10:32 +0000  copying file ./BannerTableViewCell.nib ... 
2025-02-08 08:10:32 +0000  3888 bytes for ./BannerTableViewCell.nib
2025-02-08 08:10:32 +0000  copying file ./ProfileCardCVC.nib ... 
2025-02-08 08:10:32 +0000  7565 bytes for ./ProfileCardCVC.nib
2025-02-08 08:10:32 +0000  copying file ./PaymentTag.nib ... 
2025-02-08 08:10:32 +0000  17281 bytes for ./PaymentTag.nib
2025-02-08 08:10:32 +0000  copying file ./AppIcon60x60@2x.png ... 
2025-02-08 08:10:32 +0000  4100 bytes for ./AppIcon60x60@2x.png
2025-02-08 08:10:32 +0000  copying file ./PriceBreakup.nib ... 
2025-02-08 08:10:32 +0000  10514 bytes for ./PriceBreakup.nib
2025-02-08 08:10:32 +0000  copying file ./BBPS.storyboardc/YZP-gk-Buw-view-xdQ-v9-2Zc.nib ... 
2025-02-08 08:10:32 +0000  24312 bytes for ./BBPS.storyboardc/YZP-gk-Buw-view-xdQ-v9-2Zc.nib
2025-02-08 08:10:32 +0000  copying file ./BBPS.storyboardc/3me-uh-db9-view-T7z-lq-VNC.nib ... 
2025-02-08 08:10:32 +0000  24342 bytes for ./BBPS.storyboardc/3me-uh-db9-view-T7z-lq-VNC.nib
2025-02-08 08:10:32 +0000  copying file ./BBPS.storyboardc/CatagoryListVC.nib ... 
2025-02-08 08:10:32 +0000  1059 bytes for ./BBPS.storyboardc/CatagoryListVC.nib
2025-02-08 08:10:32 +0000  copying file ./BBPS.storyboardc/FetchingBillVC.nib ... 
2025-02-08 08:10:32 +0000  1059 bytes for ./BBPS.storyboardc/FetchingBillVC.nib
2025-02-08 08:10:32 +0000  copying file ./BBPS.storyboardc/PayBillListVC.nib ... 
2025-02-08 08:10:32 +0000  1057 bytes for ./BBPS.storyboardc/PayBillListVC.nib
2025-02-08 08:10:32 +0000  copying file ./BBPS.storyboardc/Info.plist ... 
2025-02-08 08:10:32 +0000  215 bytes for ./BBPS.storyboardc/Info.plist
2025-02-08 08:10:32 +0000  copying file ./BBPS.storyboardc/ahU-EO-IbH-view-OEY-r7-li2.nib ... 
2025-02-08 08:10:32 +0000  18394 bytes for ./BBPS.storyboardc/ahU-EO-IbH-view-OEY-r7-li2.nib
2025-02-08 08:10:32 +0000  copying file ./server.pem ... 
2025-02-08 08:10:32 +0000  3819 bytes for ./server.pem
2025-02-08 08:10:32 +0000  copying file ./cards.ttf ... 
2025-02-08 08:10:32 +0000  70136 bytes for ./cards.ttf
2025-02-08 08:10:32 +0000  copying file ./SearchFlightMultiCityCell.nib ... 
2025-02-08 08:10:32 +0000  17441 bytes for ./SearchFlightMultiCityCell.nib
2025-02-08 08:10:32 +0000  copying file ./coffee.json ... 
2025-02-08 08:10:32 +0000  107049 bytes for ./coffee.json
2025-02-08 08:10:32 +0000  copying file ./BusCancallation.nib ... 
2025-02-08 08:10:32 +0000  6149 bytes for ./BusCancallation.nib
2025-02-08 08:10:32 +0000  copying file ./HotelAdultCell.nib ... 
2025-02-08 08:10:32 +0000  7793 bytes for ./HotelAdultCell.nib
2025-02-08 08:10:32 +0000  copying file ./Iceberg-Regular.ttf ... 
2025-02-08 08:10:32 +0000  33404 bytes for ./Iceberg-Regular.ttf
2025-02-08 08:10:32 +0000  copying file ./RoomListVC.nib ... 
2025-02-08 08:10:32 +0000  4501 bytes for ./RoomListVC.nib
2025-02-08 08:10:32 +0000  copying file ./BoardingDropOff.nib ... 
2025-02-08 08:10:32 +0000  6183 bytes for ./BoardingDropOff.nib
2025-02-08 08:10:32 +0000  copying file ./GoogleService-Info.plist ... 
2025-02-08 08:10:32 +0000  413 bytes for ./GoogleService-Info.plist
2025-02-08 08:10:32 +0000  copying file ./BlockalertView.nib ... 
2025-02-08 08:10:32 +0000  8036 bytes for ./BlockalertView.nib
2025-02-08 08:10:32 +0000  copying file ./Dashboard.storyboardc/1xh-5g-17F-view-7ZR-bB-XHQ.nib ... 
2025-02-08 08:10:32 +0000  16218 bytes for ./Dashboard.storyboardc/1xh-5g-17F-view-7ZR-bB-XHQ.nib
2025-02-08 08:10:32 +0000  copying file ./Dashboard.storyboardc/CreateTransactVC.nib ... 
2025-02-08 08:10:32 +0000  1138 bytes for ./Dashboard.storyboardc/CreateTransactVC.nib
2025-02-08 08:10:32 +0000  copying file ./Dashboard.storyboardc/QuizVC.nib ... 
2025-02-08 08:10:32 +0000  1117 bytes for ./Dashboard.storyboardc/QuizVC.nib
2025-02-08 08:10:32 +0000  copying file ./Dashboard.storyboardc/BhimUPIVC.nib ... 
2025-02-08 08:10:32 +0000  1525 bytes for ./Dashboard.storyboardc/BhimUPIVC.nib
2025-02-08 08:10:32 +0000  copying file ./Dashboard.storyboardc/MyQRCodeVC.nib ... 
2025-02-08 08:10:32 +0000  1051 bytes for ./Dashboard.storyboardc/MyQRCodeVC.nib
2025-02-08 08:10:32 +0000  copying file ./Dashboard.storyboardc/RaiseQueryPopUpView.nib ... 
2025-02-08 08:10:32 +0000  1055 bytes for ./Dashboard.storyboardc/RaiseQueryPopUpView.nib
2025-02-08 08:10:32 +0000  copying file ./Dashboard.storyboardc/MandatePayDetailsVC.nib ... 
2025-02-08 08:10:32 +0000  1055 bytes for ./Dashboard.storyboardc/MandatePayDetailsVC.nib
2025-02-08 08:10:32 +0000  copying file ./Dashboard.storyboardc/7Yi-hV-ikN-view-aym-85-5gn.nib ... 
2025-02-08 08:10:32 +0000  18566 bytes for ./Dashboard.storyboardc/7Yi-hV-ikN-view-aym-85-5gn.nib
2025-02-08 08:10:32 +0000  copying file ./Dashboard.storyboardc/x6T-br-phk-view-bTC-ME-X1Z.nib ... 
2025-02-08 08:10:32 +0000  4351 bytes for ./Dashboard.storyboardc/x6T-br-phk-view-bTC-ME-X1Z.nib
2025-02-08 08:10:32 +0000  copying file ./Dashboard.storyboardc/BhimTrasactionDetailsVC.nib ... 
2025-02-08 08:10:32 +0000  1152 bytes for ./Dashboard.storyboardc/BhimTrasactionDetailsVC.nib
2025-02-08 08:10:32 +0000  copying file ./Dashboard.storyboardc/TrasactionVC.nib ... 
2025-02-08 08:10:32 +0000  1130 bytes for ./Dashboard.storyboardc/TrasactionVC.nib
2025-02-08 08:10:32 +0000  copying file ./Dashboard.storyboardc/ScanQRVC.nib ... 
2025-02-08 08:10:32 +0000  1121 bytes for ./Dashboard.storyboardc/ScanQRVC.nib
2025-02-08 08:10:32 +0000  copying file ./Dashboard.storyboardc/BhimUPIHistoryVC.nib ... 
2025-02-08 08:10:32 +0000  1394 bytes for ./Dashboard.storyboardc/BhimUPIHistoryVC.nib
2025-02-08 08:10:32 +0000  copying file ./Dashboard.storyboardc/End-90-gEn-view-zRu-GV-ZWC.nib ... 
2025-02-08 08:10:32 +0000  18993 bytes for ./Dashboard.storyboardc/End-90-gEn-view-zRu-GV-ZWC.nib
2025-02-08 08:10:32 +0000  copying file ./Dashboard.storyboardc/veF-BI-ykd-view-iI2-ld-9wz.nib ... 
2025-02-08 08:10:32 +0000  18583 bytes for ./Dashboard.storyboardc/veF-BI-ykd-view-iI2-ld-9wz.nib
2025-02-08 08:10:32 +0000  copying file ./Dashboard.storyboardc/PollsViewController.nib ... 
2025-02-08 08:10:32 +0000  1055 bytes for ./Dashboard.storyboardc/PollsViewController.nib
2025-02-08 08:10:32 +0000  copying file ./Dashboard.storyboardc/SendAndReceiveVC.nib ... 
2025-02-08 08:10:32 +0000  1468 bytes for ./Dashboard.storyboardc/SendAndReceiveVC.nib
2025-02-08 08:10:32 +0000  copying file ./Dashboard.storyboardc/FilterTexPopUpVC.nib ... 
2025-02-08 08:10:32 +0000  1049 bytes for ./Dashboard.storyboardc/FilterTexPopUpVC.nib
2025-02-08 08:10:32 +0000  copying file ./Dashboard.storyboardc/SelectBankVC.nib ... 
2025-02-08 08:10:32 +0000  1384 bytes for ./Dashboard.storyboardc/SelectBankVC.nib
2025-02-08 08:10:32 +0000  copying file ./Dashboard.storyboardc/qZO-OQ-gDn-view-qdC-7L-7zI.nib ... 
2025-02-08 08:10:32 +0000  20880 bytes for ./Dashboard.storyboardc/qZO-OQ-gDn-view-qdC-7L-7zI.nib
2025-02-08 08:10:32 +0000  copying file ./Dashboard.storyboardc/MandatePauseVC.nib ... 
2025-02-08 08:10:32 +0000  1045 bytes for ./Dashboard.storyboardc/MandatePauseVC.nib
copying file ./Dashboard.storyboardc/QuizQuesViewController.nib ... 
2025-02-08 08:10:32 +0000  1136 bytes for ./Dashboard.storyboardc/QuizQuesViewController.nib
2025-02-08 08:10:32 +0000  copying file ./Dashboard.storyboardc/N9P-AM-Eah-view-abs-al-oJK.nib ... 
2025-02-08 08:10:32 +0000  9260 bytes for ./Dashboard.storyboardc/N9P-AM-Eah-view-abs-al-oJK.nib
2025-02-08 08:10:32 +0000  copying file ./Dashboard.storyboardc/h2r-Ze-svP-view-biT-cr-E3a.nib ... 
2025-02-08 08:10:32 +0000  17438 bytes for ./Dashboard.storyboardc/h2r-Ze-svP-view-biT-cr-E3a.nib
2025-02-08 08:10:32 +0000  copying file ./Dashboard.storyboardc/fBS-w8-GhS-view-q9l-wB-XhG.nib ... 
2025-02-08 08:10:32 +0000  15389 bytes for ./Dashboard.storyboardc/fBS-w8-GhS-view-q9l-wB-XhG.nib
copying file ./Dashboard.storyboardc/QuizWinnerViewController.nib ... 
2025-02-08 08:10:32 +0000  1140 bytes for ./Dashboard.storyboardc/QuizWinnerViewController.nib
2025-02-08 08:10:32 +0000  copying file ./Dashboard.storyboardc/UserProfileView.nib ... 
2025-02-08 08:10:32 +0000  1047 bytes for ./Dashboard.storyboardc/UserProfileView.nib
2025-02-08 08:10:32 +0000  copying file ./Dashboard.storyboardc/PUb-xs-7Uc-view-SYl-gT-Arz.nib ... 
2025-02-08 08:10:32 +0000  9285 bytes for ./Dashboard.storyboardc/PUb-xs-7Uc-view-SYl-gT-Arz.nib
2025-02-08 08:10:32 +0000  copying file ./Dashboard.storyboardc/Exj-hf-PAN-view-vCi-6l-pnD.nib ... 
2025-02-08 08:10:32 +0000  5092 bytes for ./Dashboard.storyboardc/Exj-hf-PAN-view-vCi-6l-pnD.nib
2025-02-08 08:10:32 +0000  copying file ./Dashboard.storyboardc/Wac-87-XtJ-view-aAJ-7y-dw3.nib ... 
2025-02-08 08:10:32 +0000  10563 bytes for ./Dashboard.storyboardc/Wac-87-XtJ-view-aAJ-7y-dw3.nib
2025-02-08 08:10:32 +0000  copying file ./Dashboard.storyboardc/TrsactionlistVC.nib ... 
2025-02-08 08:10:32 +0000  1061 bytes for ./Dashboard.storyboardc/TrsactionlistVC.nib
2025-02-08 08:10:32 +0000  copying file ./Dashboard.storyboardc/MilesViewController.nib ... 
2025-02-08 08:10:32 +0000  1055 bytes for ./Dashboard.storyboardc/MilesViewController.nib
2025-02-08 08:10:32 +0000  copying file ./Dashboard.storyboardc/BlockUPIListVC.nib ... 
2025-02-08 08:10:32 +0000  1059 bytes for ./Dashboard.storyboardc/BlockUPIListVC.nib
2025-02-08 08:10:32 +0000  copying file ./Dashboard.storyboardc/RaiseComplainVC.nib ... 
2025-02-08 08:10:32 +0000  1047 bytes for ./Dashboard.storyboardc/RaiseComplainVC.nib
2025-02-08 08:10:32 +0000  copying file ./Dashboard.storyboardc/UPISetUPIPinVC.nib ... 
2025-02-08 08:10:32 +0000  1134 bytes for ./Dashboard.storyboardc/UPISetUPIPinVC.nib
2025-02-08 08:10:32 +0000  copying file ./Dashboard.storyboardc/poI-dM-O2G-view-Pg5-g3-d1F.nib ... 
2025-02-08 08:10:32 +0000  20749 bytes for ./Dashboard.storyboardc/poI-dM-O2G-view-Pg5-g3-d1F.nib
copying file ./Dashboard.storyboardc/MyPostVC.nib ... 
2025-02-08 08:10:32 +0000  1137 bytes for ./Dashboard.storyboardc/MyPostVC.nib
2025-02-08 08:10:32 +0000  copying file ./Dashboard.storyboardc/KEh-ea-QLs-view-d0K-2g-8hf.nib ... 
2025-02-08 08:10:32 +0000  15458 bytes for ./Dashboard.storyboardc/KEh-ea-QLs-view-d0K-2g-8hf.nib
2025-02-08 08:10:32 +0000  copying file ./Dashboard.storyboardc/snL-zg-V8D-view-nwh-xU-ct0.nib ... 
2025-02-08 08:10:32 +0000  25061 bytes for ./Dashboard.storyboardc/snL-zg-V8D-view-nwh-xU-ct0.nib
2025-02-08 08:10:32 +0000  copying file ./Dashboard.storyboardc/ManageAccountVC.nib ... 
2025-02-08 08:10:32 +0000  1047 bytes for ./Dashboard.storyboardc/ManageAccountVC.nib
2025-02-08 08:10:32 +0000  copying file ./Dashboard.storyboardc/WalletDetailsViewController.nib ... 
2025-02-08 08:10:32 +0000  1032 bytes for ./Dashboard.storyboardc/WalletDetailsViewController.nib
2025-02-08 08:10:32 +0000  copying file ./Dashboard.storyboardc/pk3-tq-Dku-view-SJh-rA-reo.nib ... 
2025-02-08 08:10:32 +0000  13468 bytes for ./Dashboard.storyboardc/pk3-tq-Dku-view-SJh-rA-reo.nib
2025-02-08 08:10:32 +0000  copying file ./Dashboard.storyboardc/H0R-9m-gRA-view-MIQ-rm-UsI.nib ... 
2025-02-08 08:10:32 +0000  8411 bytes for ./Dashboard.storyboardc/H0R-9m-gRA-view-MIQ-rm-UsI.nib
2025-02-08 08:10:32 +0000  copying file ./Dashboard.storyboardc/dNX-n4-vAG-view-pDD-aH-XCV.nib ... 
2025-02-08 08:10:32 +0000  12099 bytes for ./Dashboard.storyboardc/dNX-n4-vAG-view-pDD-aH-XCV.nib
2025-02-08 08:10:32 +0000  copying file ./Dashboard.storyboardc/SelectedBankAccountVC.nib ... 
2025-02-08 08:10:32 +0000  1396 bytes for ./Dashboard.storyboardc/SelectedBankAccountVC.nib
copying file ./Dashboard.storyboardc/p7n-0R-enk-view-dHC-ZF-GJf.nib ... 
2025-02-08 08:10:32 +0000  1225 bytes for ./Dashboard.storyboardc/p7n-0R-enk-view-dHC-ZF-GJf.nib
2025-02-08 08:10:32 +0000  copying file ./Dashboard.storyboardc/jT6-1A-fRR-view-jc2-GD-QYg.nib ... 
2025-02-08 08:10:32 +0000  19587 bytes for ./Dashboard.storyboardc/jT6-1A-fRR-view-jc2-GD-QYg.nib
2025-02-08 08:10:32 +0000  copying file ./Dashboard.storyboardc/4Lr-PS-I2T-view-krx-BJ-jD9.nib ... 
2025-02-08 08:10:32 +0000  10219 bytes for ./Dashboard.storyboardc/4Lr-PS-I2T-view-krx-BJ-jD9.nib
2025-02-08 08:10:32 +0000  copying file ./Dashboard.storyboardc/bC7-Id-oXi-view-O8d-k5-P4e.nib ... 
2025-02-08 08:10:32 +0000  95894 bytes for ./Dashboard.storyboardc/bC7-Id-oXi-view-O8d-k5-P4e.nib
2025-02-08 08:10:32 +0000  copying file ./Dashboard.storyboardc/mwV-cC-vXA-view-uxS-zP-JP5.nib ... 
2025-02-08 08:10:32 +0000  9000 bytes for ./Dashboard.storyboardc/mwV-cC-vXA-view-uxS-zP-JP5.nib
2025-02-08 08:10:32 +0000  copying file ./Dashboard.storyboardc/ProfileViewController.nib ... 
2025-02-08 08:10:32 +0000  1020 bytes for ./Dashboard.storyboardc/ProfileViewController.nib
2025-02-08 08:10:32 +0000  copying file ./Dashboard.storyboardc/AfY-N9-h82-view-2o4-JK-W3a.nib ... 
2025-02-08 08:10:32 +0000  16392 bytes for ./Dashboard.storyboardc/AfY-N9-h82-view-2o4-JK-W3a.nib
2025-02-08 08:10:32 +0000  copying file ./Dashboard.storyboardc/qks-Au-qGs-view-8CI-tA-tcf.nib ... 
2025-02-08 08:10:32 +0000  14322 bytes for ./Dashboard.storyboardc/qks-Au-qGs-view-8CI-tA-tcf.nib
2025-02-08 08:10:32 +0000  copying file ./Dashboard.storyboardc/jsN-dE-QxD-view-3Ic-aV-4ie.nib ... 
2025-02-08 08:10:32 +0000  27103 bytes for ./Dashboard.storyboardc/jsN-dE-QxD-view-3Ic-aV-4ie.nib
2025-02-08 08:10:32 +0000  copying file ./Dashboard.storyboardc/mII-pJ-S4V-view-QJ5-5Q-Z5z.nib ... 
2025-02-08 08:10:32 +0000  15862 bytes for ./Dashboard.storyboardc/mII-pJ-S4V-view-QJ5-5Q-Z5z.nib
2025-02-08 08:10:32 +0000  copying file ./Dashboard.storyboardc/EditProfileVC.nib ... 
2025-02-08 08:10:32 +0000  1043 bytes for ./Dashboard.storyboardc/EditProfileVC.nib
2025-02-08 08:10:32 +0000  copying file ./Dashboard.storyboardc/lRH-6s-bh2-view-5Lt-An-6Rm.nib ... 
2025-02-08 08:10:32 +0000  1225 bytes for ./Dashboard.storyboardc/lRH-6s-bh2-view-5Lt-An-6Rm.nib
2025-02-08 08:10:32 +0000  copying file ./Dashboard.storyboardc/Zda-EM-Jml-view-44C-Y9-iV4.nib ... 
2025-02-08 08:10:32 +0000  12870 bytes for ./Dashboard.storyboardc/Zda-EM-Jml-view-44C-Y9-iV4.nib
2025-02-08 08:10:32 +0000  copying file ./Dashboard.storyboardc/QuizResultVC.nib ... 
2025-02-08 08:10:32 +0000  1116 bytes for ./Dashboard.storyboardc/QuizResultVC.nib
2025-02-08 08:10:32 +0000  copying file ./Dashboard.storyboardc/CjT-Wr-3Qd-view-wwa-Z9-vHa.nib ... 
2025-02-08 08:10:32 +0000  17023 bytes for ./Dashboard.storyboardc/CjT-Wr-3Qd-view-wwa-Z9-vHa.nib
2025-02-08 08:10:32 +0000  copying file ./Dashboard.storyboardc/p6M-Bw-VFZ-view-OyA-CI-ODf.nib ... 
2025-02-08 08:10:32 +0000  16641 bytes for ./Dashboard.storyboardc/p6M-Bw-VFZ-view-OyA-CI-ODf.nib
2025-02-08 08:10:32 +0000  copying file ./Dashboard.storyboardc/MandateSuccessVC.nib ... 
2025-02-08 08:10:32 +0000  1138 bytes for ./Dashboard.storyboardc/MandateSuccessVC.nib
2025-02-08 08:10:32 +0000  copying file ./Dashboard.storyboardc/kRP-kc-gxy-view-XkP-bn-2BT.nib ... 
2025-02-08 08:10:32 +0000  8888 bytes for ./Dashboard.storyboardc/kRP-kc-gxy-view-XkP-bn-2BT.nib
2025-02-08 08:10:32 +0000  copying file ./Dashboard.storyboardc/Kfc-oX-zld-view-rDv-T5-Zam.nib ... 
2025-02-08 08:10:32 +0000  13447 bytes for ./Dashboard.storyboardc/Kfc-oX-zld-view-rDv-T5-Zam.nib
2025-02-08 08:10:32 +0000  copying file ./Dashboard.storyboardc/BhimTransactionNextDetailsVC.nib ... 
2025-02-08 08:10:32 +0000  1073 bytes for ./Dashboard.storyboardc/BhimTransactionNextDetailsVC.nib
2025-02-08 08:10:32 +0000  copying file ./Dashboard.storyboardc/PaymentSuccessfulVC.nib ... 
2025-02-08 08:10:32 +0000  1144 bytes for ./Dashboard.storyboardc/PaymentSuccessfulVC.nib
2025-02-08 08:10:32 +0000  copying file ./Dashboard.storyboardc/VCSideMenu.nib ... 
2025-02-08 08:10:32 +0000  1142 bytes for ./Dashboard.storyboardc/VCSideMenu.nib
2025-02-08 08:10:32 +0000  copying file ./Dashboard.storyboardc/Ejn-SP-dSF-view-nlH-eg-4dG.nib ... 
2025-02-08 08:10:32 +0000  8310 bytes for ./Dashboard.storyboardc/Ejn-SP-dSF-view-nlH-eg-4dG.nib
2025-02-08 08:10:32 +0000  copying file ./Dashboard.storyboardc/UPILinkUpdateVC.nib ... 
2025-02-08 08:10:32 +0000  1383 bytes for ./Dashboard.storyboardc/UPILinkUpdateVC.nib
2025-02-08 08:10:32 +0000  copying file ./Dashboard.storyboardc/1E3-By-mUd-view-B0i-8K-iUU.nib ... 
2025-02-08 08:10:32 +0000  12123 bytes for ./Dashboard.storyboardc/1E3-By-mUd-view-B0i-8K-iUU.nib
2025-02-08 08:10:32 +0000  copying file ./Dashboard.storyboardc/PaymentUPIIDVC.nib ... 
2025-02-08 08:10:32 +0000  1386 bytes for ./Dashboard.storyboardc/PaymentUPIIDVC.nib
2025-02-08 08:10:32 +0000  copying file ./Dashboard.storyboardc/MandateNewReqVC.nib ... 
2025-02-08 08:10:32 +0000  1047 bytes for ./Dashboard.storyboardc/MandateNewReqVC.nib
2025-02-08 08:10:32 +0000  copying file ./Dashboard.storyboardc/vTa-IO-r06-view-bNk-aJ-Lc3.nib ... 
2025-02-08 08:10:32 +0000  12944 bytes for ./Dashboard.storyboardc/vTa-IO-r06-view-bNk-aJ-Lc3.nib
2025-02-08 08:10:32 +0000  copying file ./Dashboard.storyboardc/LostItemVC.nib ... 
2025-02-08 08:10:32 +0000  1037 bytes for ./Dashboard.storyboardc/LostItemVC.nib
2025-02-08 08:10:32 +0000  copying file ./Dashboard.storyboardc/feT-q1-GxP-view-byi-br-UN8.nib ... 
2025-02-08 08:10:32 +0000  15055 bytes for ./Dashboard.storyboardc/feT-q1-GxP-view-byi-br-UN8.nib
2025-02-08 08:10:32 +0000  copying file ./Dashboard.storyboardc/QoV-cd-O2Q-view-UlK-IF-kbI.nib ... 
2025-02-08 08:10:32 +0000  28961 bytes for ./Dashboard.storyboardc/QoV-cd-O2Q-view-UlK-IF-kbI.nib
2025-02-08 08:10:32 +0000  copying file ./Dashboard.storyboardc/WalletPrimaryViewController.nib ... 
2025-02-08 08:10:33 +0000  1032 bytes for ./Dashboard.storyboardc/WalletPrimaryViewController.nib
2025-02-08 08:10:33 +0000  copying file ./Dashboard.storyboardc/2ix-Nc-Cc0-view-Kle-cw-SXC.nib ... 
2025-02-08 08:10:33 +0000  7077 bytes for ./Dashboard.storyboardc/2ix-Nc-Cc0-view-Kle-cw-SXC.nib
2025-02-08 08:10:33 +0000  copying file ./Dashboard.storyboardc/7Xa-K7-6yp-view-ZpF-ny-m0f.nib ... 
2025-02-08 08:10:33 +0000  14891 bytes for ./Dashboard.storyboardc/7Xa-K7-6yp-view-ZpF-ny-m0f.nib
2025-02-08 08:10:33 +0000  copying file ./Dashboard.storyboardc/PaymentReceivedVC.nib ... 
2025-02-08 08:10:33 +0000  1356 bytes for ./Dashboard.storyboardc/PaymentReceivedVC.nib
2025-02-08 08:10:33 +0000  copying file ./Dashboard.storyboardc/xrz-3u-sRc-view-GG8-or-I9A.nib ... 
2025-02-08 08:10:33 +0000  8582 bytes for ./Dashboard.storyboardc/xrz-3u-sRc-view-GG8-or-I9A.nib
2025-02-08 08:10:33 +0000  copying file ./Dashboard.storyboardc/KpJ-aB-kfJ-view-b26-VP-6Yj.nib ... 
2025-02-08 08:10:33 +0000  16717 bytes for ./Dashboard.storyboardc/KpJ-aB-kfJ-view-b26-VP-6Yj.nib
2025-02-08 08:10:33 +0000  copying file ./Dashboard.storyboardc/FEs-xY-jwF-view-EwG-WG-JOj.nib ... 
2025-02-08 08:10:33 +0000  20399 bytes for ./Dashboard.storyboardc/FEs-xY-jwF-view-EwG-WG-JOj.nib
copying file ./Dashboard.storyboardc/SelectSIMVC.nib ... 
2025-02-08 08:10:33 +0000  1128 bytes for ./Dashboard.storyboardc/SelectSIMVC.nib
2025-02-08 08:10:33 +0000  copying file ./Dashboard.storyboardc/ibN-Ni-9zc-view-ZEa-JZ-HFb.nib ... 
2025-02-08 08:10:33 +0000  21865 bytes for ./Dashboard.storyboardc/ibN-Ni-9zc-view-ZEa-JZ-HFb.nib
2025-02-08 08:10:33 +0000  copying file ./Dashboard.storyboardc/ProfileVC.nib ... 
2025-02-08 08:10:33 +0000  1048 bytes for ./Dashboard.storyboardc/ProfileVC.nib
2025-02-08 08:10:33 +0000  copying file ./Dashboard.storyboardc/RankingViewController.nib ... 
2025-02-08 08:10:33 +0000  1059 bytes for ./Dashboard.storyboardc/RankingViewController.nib
copying file ./Dashboard.storyboardc/UserVC.nib ... 
2025-02-08 08:10:33 +0000  1117 bytes for ./Dashboard.storyboardc/UserVC.nib
copying file ./Dashboard.storyboardc/FilterDatePopUpVC.nib ... 
2025-02-08 08:10:33 +0000  1051 bytes for ./Dashboard.storyboardc/FilterDatePopUpVC.nib
copying file ./Dashboard.storyboardc/ItemDetailsVC.nib ... 
2025-02-08 08:10:33 +0000  1043 bytes for ./Dashboard.storyboardc/ItemDetailsVC.nib
copying file ./Dashboard.storyboardc/9Ob-iv-r5n-view-QaR-Qq-P3Z.nib ... 
2025-02-08 08:10:33 +0000  19892 bytes for ./Dashboard.storyboardc/9Ob-iv-r5n-view-QaR-Qq-P3Z.nib
2025-02-08 08:10:33 +0000  copying file ./Dashboard.storyboardc/7Ym-uI-fMF-view-C1x-BE-Kzb.nib ... 
2025-02-08 08:10:33 +0000  34390 bytes for ./Dashboard.storyboardc/7Ym-uI-fMF-view-C1x-BE-Kzb.nib
2025-02-08 08:10:33 +0000  copying file ./Dashboard.storyboardc/DashboardVC.nib ... 
2025-02-08 08:10:33 +0000  1128 bytes for ./Dashboard.storyboardc/DashboardVC.nib
2025-02-08 08:10:33 +0000  copying file ./Dashboard.storyboardc/ier-t8-igc-view-E5T-nU-2wu.nib ... 
2025-02-08 08:10:33 +0000  9109 bytes for ./Dashboard.storyboardc/ier-t8-igc-view-E5T-nU-2wu.nib
2025-02-08 08:10:33 +0000  copying file ./Dashboard.storyboardc/sbt-RR-9Lv-view-BjB-H8-xci.nib ... 
2025-02-08 08:10:33 +0000  2348 bytes for ./Dashboard.storyboardc/sbt-RR-9Lv-view-BjB-H8-xci.nib
copying file ./Dashboard.storyboardc/BeneficiaryListVC.nib ... 
2025-02-08 08:10:33 +0000  1140 bytes for ./Dashboard.storyboardc/BeneficiaryListVC.nib
copying file ./Dashboard.storyboardc/J2b-vC-WeL-view-Tnj-8p-Bpo.nib ... 
2025-02-08 08:10:33 +0000  8130 bytes for ./Dashboard.storyboardc/J2b-vC-WeL-view-Tnj-8p-Bpo.nib
2025-02-08 08:10:33 +0000  copying file ./Dashboard.storyboardc/MandateListVC.nib ... 
2025-02-08 08:10:33 +0000  1374 bytes for ./Dashboard.storyboardc/MandateListVC.nib
copying file ./Dashboard.storyboardc/PayUPIAndIFSCListVC.nib ... 
2025-02-08 08:10:33 +0000  1069 bytes for ./Dashboard.storyboardc/PayUPIAndIFSCListVC.nib
copying file ./Dashboard.storyboardc/PaymentUPIIDRequestVC.nib ... 
2025-02-08 08:10:33 +0000  1148 bytes for ./Dashboard.storyboardc/PaymentUPIIDRequestVC.nib
copying file ./Dashboard.storyboardc/ShareMyQRCodeVC.nib ... 
2025-02-08 08:10:33 +0000  1061 bytes for ./Dashboard.storyboardc/ShareMyQRCodeVC.nib
copying file ./Dashboard.storyboardc/JKE-Xi-jth-view-5Jq-7I-mBf.nib ... 
2025-02-08 08:10:33 +0000  7139 bytes for ./Dashboard.storyboardc/JKE-Xi-jth-view-5Jq-7I-mBf.nib
copying file ./Dashboard.storyboardc/PaymentIFSCCode.nib ... 
2025-02-08 08:10:33 +0000  1136 bytes for ./Dashboard.storyboardc/PaymentIFSCCode.nib
copying file ./Dashboard.storyboardc/SvT-fp-UNV-view-evR-YO-Zs7.nib ... 
2025-02-08 08:10:33 +0000  16791 bytes for ./Dashboard.storyboardc/SvT-fp-UNV-view-evR-YO-Zs7.nib
copying file ./Dashboard.storyboardc/UPIVerifyVC.nib ... 
2025-02-08 08:10:33 +0000  1375 bytes for ./Dashboard.storyboardc/UPIVerifyVC.nib
copying file ./Dashboard.storyboardc/fjA-5T-kY5-view-cn5-YJ-w5R.nib ... 
2025-02-08 08:10:33 +0000  11779 bytes for ./Dashboard.storyboardc/fjA-5T-kY5-view-cn5-YJ-w5R.nib
copying file ./Dashboard.storyboardc/RaiseComplainDetailVC.nib ... 
2025-02-08 08:10:33 +0000  1059 bytes for ./Dashboard.storyboardc/RaiseComplainDetailVC.nib
copying file ./Dashboard.storyboardc/ClaimPopUpVC.nib ... 
2025-02-08 08:10:33 +0000  1041 bytes for ./Dashboard.storyboardc/ClaimPopUpVC.nib
2025-02-08 08:10:33 +0000  copying file ./Dashboard.storyboardc/9Ch-8Z-0wY-view-921-X7-Hm9.nib ... 
2025-02-08 08:10:33 +0000  16569 bytes for ./Dashboard.storyboardc/9Ch-8Z-0wY-view-921-X7-Hm9.nib
2025-02-08 08:10:33 +0000  copying file ./Dashboard.storyboardc/gm4-6G-DBL-view-os0-E4-yMH.nib ... 
2025-02-08 08:10:33 +0000  26728 bytes for ./Dashboard.storyboardc/gm4-6G-DBL-view-os0-E4-yMH.nib
copying file ./Dashboard.storyboardc/FFJ-jS-Yh9-view-iEj-H7-FoT.nib ... 
2025-02-08 08:10:33 +0000  10515 bytes for ./Dashboard.storyboardc/FFJ-jS-Yh9-view-iEj-H7-FoT.nib
2025-02-08 08:10:33 +0000  copying file ./Dashboard.storyboardc/TabbarVC.nib ... 
2025-02-08 08:10:33 +0000  1107 bytes for ./Dashboard.storyboardc/TabbarVC.nib
copying file ./Dashboard.storyboardc/NotificationListVC.nib ... 
2025-02-08 08:10:33 +0000  1067 bytes for ./Dashboard.storyboardc/NotificationListVC.nib
copying file ./Dashboard.storyboardc/W2W-IT-1vy-view-8U2-UW-Mm0.nib ... 
2025-02-08 08:10:33 +0000  19883 bytes for ./Dashboard.storyboardc/W2W-IT-1vy-view-8U2-UW-Mm0.nib
2025-02-08 08:10:33 +0000  copying file ./Dashboard.storyboardc/CreateMandateVC.nib ... 
2025-02-08 08:10:33 +0000  1061 bytes for ./Dashboard.storyboardc/CreateMandateVC.nib
copying file ./Dashboard.storyboardc/LostAndFoundViewController.nib ... 
2025-02-08 08:10:33 +0000  1174 bytes for ./Dashboard.storyboardc/LostAndFoundViewController.nib
copying file ./Dashboard.storyboardc/UPIPaymentReject.nib ... 
2025-02-08 08:10:33 +0000  1138 bytes for ./Dashboard.storyboardc/UPIPaymentReject.nib
copying file ./Dashboard.storyboardc/RaiseQueryPopUpView2.nib ... 
2025-02-08 08:10:33 +0000  1057 bytes for ./Dashboard.storyboardc/RaiseQueryPopUpView2.nib
2025-02-08 08:10:33 +0000  copying file ./Dashboard.storyboardc/Ccf-Mv-mU8-view-mKK-52-aar.nib ... 
2025-02-08 08:10:33 +0000  13926 bytes for ./Dashboard.storyboardc/Ccf-Mv-mU8-view-mKK-52-aar.nib
copying file ./Dashboard.storyboardc/l4J-h7-dzO-view-UN9-hd-LFz.nib ... 
2025-02-08 08:10:33 +0000  31714 bytes for ./Dashboard.storyboardc/l4J-h7-dzO-view-UN9-hd-LFz.nib
2025-02-08 08:10:33 +0000  copying file ./Dashboard.storyboardc/yjC-2O-GMa-view-Kl2-AI-nIt.nib ... 
2025-02-08 08:10:33 +0000  8123 bytes for ./Dashboard.storyboardc/yjC-2O-GMa-view-Kl2-AI-nIt.nib
copying file ./Dashboard.storyboardc/Info.plist ... 
2025-02-08 08:10:33 +0000  2946 bytes for ./Dashboard.storyboardc/Info.plist
copying file ./Dashboard.storyboardc/qKp-iU-NYv-view-lrt-Oa-bhZ.nib ... 
2025-02-08 08:10:33 +0000  19575 bytes for ./Dashboard.storyboardc/qKp-iU-NYv-view-lrt-Oa-bhZ.nib
2025-02-08 08:10:33 +0000  copying file ./Dashboard.storyboardc/j7a-U3-xcT-view-tBt-Jn-YSE.nib ... 
2025-02-08 08:10:33 +0000  12567 bytes for ./Dashboard.storyboardc/j7a-U3-xcT-view-tBt-Jn-YSE.nib
2025-02-08 08:10:33 +0000  copying file ./Dashboard.storyboardc/8tr-Ka-dOO-view-oXb-n6-LdH.nib ... 
2025-02-08 08:10:33 +0000  24861 bytes for ./Dashboard.storyboardc/8tr-Ka-dOO-view-oXb-n6-LdH.nib
2025-02-08 08:10:33 +0000  copying file ./Dashboard.storyboardc/ChainViewController.nib ... 
2025-02-08 08:10:33 +0000  1055 bytes for ./Dashboard.storyboardc/ChainViewController.nib
2025-02-08 08:10:33 +0000  copying file ./Dashboard.storyboardc/Jzr-fS-gIV-view-Fs1-q4-Rtz.nib ... 
2025-02-08 08:10:33 +0000  20720 bytes for ./Dashboard.storyboardc/Jzr-fS-gIV-view-Fs1-q4-Rtz.nib
copying file ./Dashboard.storyboardc/MilestonesViewController.nib ... 
2025-02-08 08:10:33 +0000  1065 bytes for ./Dashboard.storyboardc/MilestonesViewController.nib
2025-02-08 08:10:33 +0000  copying file ./Dashboard.storyboardc/Tr6-Kw-olb-view-R8T-Wh-gE7.nib ... 
2025-02-08 08:10:33 +0000  10600 bytes for ./Dashboard.storyboardc/Tr6-Kw-olb-view-R8T-Wh-gE7.nib
2025-02-08 08:10:33 +0000  copying file ./Dashboard.storyboardc/BhimUPVC.nib ... 
2025-02-08 08:10:33 +0000  1263 bytes for ./Dashboard.storyboardc/BhimUPVC.nib
2025-02-08 08:10:33 +0000  copying file ./Dashboard.storyboardc/MFx-Q4-2pE-view-l01-9m-HWe.nib ... 
2025-02-08 08:10:33 +0000  37043 bytes for ./Dashboard.storyboardc/MFx-Q4-2pE-view-l01-9m-HWe.nib
2025-02-08 08:10:33 +0000  copying file ./Dashboard.storyboardc/BhimUPIPendingVC.nib ... 
2025-02-08 08:10:33 +0000  1063 bytes for ./Dashboard.storyboardc/BhimUPIPendingVC.nib
2025-02-08 08:10:33 +0000  copying file ./Dashboard.storyboardc/rkq-xH-acc-view-ImM-l3-rFg.nib ... 
2025-02-08 08:10:33 +0000  16380 bytes for ./Dashboard.storyboardc/rkq-xH-acc-view-ImM-l3-rFg.nib
2025-02-08 08:10:33 +0000  copying file ./Dashboard.storyboardc/CreateQRMandateVC.nib ... 
2025-02-08 08:10:33 +0000  1012 bytes for ./Dashboard.storyboardc/CreateQRMandateVC.nib
2025-02-08 08:10:33 +0000  copying file ./Dashboard.storyboardc/LVr-mE-JgO-view-3qt-dX-y3U.nib ... 
2025-02-08 08:10:33 +0000  21522 bytes for ./Dashboard.storyboardc/LVr-mE-JgO-view-3qt-dX-y3U.nib
2025-02-08 08:10:33 +0000  copying file ./Base.lproj/LaunchScreen.storyboardc/01J-lp-oVM-view-Ze5-6b-2t3.nib ... 
2025-02-08 08:10:33 +0000  2042 bytes for ./Base.lproj/LaunchScreen.storyboardc/01J-lp-oVM-view-Ze5-6b-2t3.nib
copying file ./Base.lproj/LaunchScreen.storyboardc/UIViewController-01J-lp-oVM.nib ... 
2025-02-08 08:10:33 +0000  924 bytes for ./Base.lproj/LaunchScreen.storyboardc/UIViewController-01J-lp-oVM.nib
2025-02-08 08:10:33 +0000  copying file ./Base.lproj/LaunchScreen.storyboardc/Info.plist ... 
2025-02-08 08:10:33 +0000  258 bytes for ./Base.lproj/LaunchScreen.storyboardc/Info.plist
2025-02-08 08:10:33 +0000  copying file ./pay.mp3 ... 
2025-02-08 08:10:33 +0000  44847 bytes for ./pay.mp3
2025-02-08 08:10:33 +0000  copying file ./ss.png ... 
2025-02-08 08:10:33 +0000  28785 bytes for ./ss.png
2025-02-08 08:10:33 +0000  copying file ./Harmattan-Regular.ttf ... 
2025-02-08 08:10:33 +0000  542712 bytes for ./Harmattan-Regular.ttf
2025-02-08 08:10:33 +0000  copying file ./Harmattan-Bold.ttf ... 
2025-02-08 08:10:33 +0000  529520 bytes for ./Harmattan-Bold.ttf
2025-02-08 08:10:33 +0000  copying file ./Main.storyboardc/RegistractionVC.nib ... 
2025-02-08 08:10:33 +0000  1136 bytes for ./Main.storyboardc/RegistractionVC.nib
2025-02-08 08:10:33 +0000  copying file ./Main.storyboardc/qTf-6j-AAa-view-ms5-mX-sMY.nib ... 
2025-02-08 08:10:33 +0000  6331 bytes for ./Main.storyboardc/qTf-6j-AAa-view-ms5-mX-sMY.nib
2025-02-08 08:10:33 +0000  copying file ./Main.storyboardc/SetPINVC.nib ... 
2025-02-08 08:10:33 +0000  1046 bytes for ./Main.storyboardc/SetPINVC.nib
2025-02-08 08:10:33 +0000  copying file ./Main.storyboardc/1AU-Zf-Osn-view-HMZ-Bd-fwU.nib ... 
2025-02-08 08:10:33 +0000  6283 bytes for ./Main.storyboardc/1AU-Zf-Osn-view-HMZ-Bd-fwU.nib
2025-02-08 08:10:33 +0000  copying file ./Main.storyboardc/k2l-IH-Jkh-view-CLc-iO-3Hq.nib ... 
2025-02-08 08:10:33 +0000  6327 bytes for ./Main.storyboardc/k2l-IH-Jkh-view-CLc-iO-3Hq.nib
2025-02-08 08:10:33 +0000  copying file ./Main.storyboardc/LoginMPIN.nib ... 
2025-02-08 08:10:33 +0000  1123 bytes for ./Main.storyboardc/LoginMPIN.nib
2025-02-08 08:10:33 +0000  copying file ./Main.storyboardc/IVV-xk-aNv-view-Tsd-ak-kTV.nib ... 
2025-02-08 08:10:33 +0000  6322 bytes for ./Main.storyboardc/IVV-xk-aNv-view-Tsd-ak-kTV.nib
2025-02-08 08:10:33 +0000  copying file ./Main.storyboardc/MAF-0G-CE4-view-aGa-9e-cMk.nib ... 
2025-02-08 08:10:33 +0000  13439 bytes for ./Main.storyboardc/MAF-0G-CE4-view-aGa-9e-cMk.nib
2025-02-08 08:10:33 +0000  copying file ./Main.storyboardc/8qA-vj-mn2-view-JHi-6U-Kfz.nib ... 
2025-02-08 08:10:33 +0000  2794 bytes for ./Main.storyboardc/8qA-vj-mn2-view-JHi-6U-Kfz.nib
2025-02-08 08:10:33 +0000  copying file ./Main.storyboardc/UIViewController-GIM-ai-aB0.nib ... 
2025-02-08 08:10:33 +0000  1363 bytes for ./Main.storyboardc/UIViewController-GIM-ai-aB0.nib
2025-02-08 08:10:33 +0000  copying file ./Main.storyboardc/splashScreenVC.nib ... 
2025-02-08 08:10:33 +0000  1336 bytes for ./Main.storyboardc/splashScreenVC.nib
2025-02-08 08:10:33 +0000  copying file ./Main.storyboardc/UINavigationController-Saj-fI-iM5.nib ... 
2025-02-08 08:10:33 +0000  1984 bytes for ./Main.storyboardc/UINavigationController-Saj-fI-iM5.nib
2025-02-08 08:10:33 +0000  copying file ./Main.storyboardc/Intro1VC.nib ... 
2025-02-08 08:10:33 +0000  1406 bytes for ./Main.storyboardc/Intro1VC.nib
2025-02-08 08:10:33 +0000  copying file ./Main.storyboardc/UIViewController-1AU-Zf-Osn.nib ... 
2025-02-08 08:10:33 +0000  1064 bytes for ./Main.storyboardc/UIViewController-1AU-Zf-Osn.nib
2025-02-08 08:10:33 +0000  copying file ./Main.storyboardc/UIViewController-k2l-IH-Jkh.nib ... 
2025-02-08 08:10:33 +0000  1363 bytes for ./Main.storyboardc/UIViewController-k2l-IH-Jkh.nib
2025-02-08 08:10:33 +0000  copying file ./Main.storyboardc/BYZ-38-t0r-view-8bC-Xf-vdC.nib ... 
2025-02-08 08:10:33 +0000  13557 bytes for ./Main.storyboardc/BYZ-38-t0r-view-8bC-Xf-vdC.nib
2025-02-08 08:10:33 +0000  copying file ./Main.storyboardc/tzG-ST-wSz-view-gZz-uR-nPj.nib ... 
2025-02-08 08:10:33 +0000  16321 bytes for ./Main.storyboardc/tzG-ST-wSz-view-gZz-uR-nPj.nib
2025-02-08 08:10:33 +0000  copying file ./Main.storyboardc/OTPVerifyVC.nib ... 
2025-02-08 08:10:33 +0000  1053 bytes for ./Main.storyboardc/OTPVerifyVC.nib
2025-02-08 08:10:33 +0000  copying file ./Main.storyboardc/tC9-hL-9Ku-view-LRv-Ag-dJg.nib ... 
2025-02-08 08:10:33 +0000  18003 bytes for ./Main.storyboardc/tC9-hL-9Ku-view-LRv-Ag-dJg.nib
2025-02-08 08:10:33 +0000  copying file ./Main.storyboardc/GIM-ai-aB0-view-cGu-8y-TDM.nib ... 
2025-02-08 08:10:33 +0000  6327 bytes for ./Main.storyboardc/GIM-ai-aB0-view-cGu-8y-TDM.nib
2025-02-08 08:10:33 +0000  copying file ./Main.storyboardc/UIViewController-IVV-xk-aNv.nib ... 
2025-02-08 08:10:33 +0000  1363 bytes for ./Main.storyboardc/UIViewController-IVV-xk-aNv.nib
2025-02-08 08:10:33 +0000  copying file ./Main.storyboardc/Info.plist ... 
2025-02-08 08:10:33 +0000  731 bytes for ./Main.storyboardc/Info.plist
2025-02-08 08:10:33 +0000  copying file ./SetMPIN.nib ... 
2025-02-08 08:10:33 +0000  12421 bytes for ./SetMPIN.nib
2025-02-08 08:10:33 +0000  copying file ./BillsTableViewCell.nib ... 
2025-02-08 08:10:33 +0000  27655 bytes for ./BillsTableViewCell.nib
2025-02-08 08:10:33 +0000  copying file ./SearchBusCell.nib ... 
2025-02-08 08:10:33 +0000  11867 bytes for ./SearchBusCell.nib
2025-02-08 08:10:33 +0000  copying file ./Assets.car ... 
2025-02-08 08:10:33 +0000  21909280 bytes for ./Assets.car
2025-02-08 08:10:33 +0000  copying file ./Harmattan-Medium.ttf ... 
2025-02-08 08:10:33 +0000  547432 bytes for ./Harmattan-Medium.ttf
copying file ./ModificationSearchBus.nib ... 
2025-02-08 08:10:33 +0000  11941 bytes for ./ModificationSearchBus.nib
2025-02-08 08:10:33 +0000  copying file ./AppIcon76x76@2x~ipad.png ... 
2025-02-08 08:10:33 +0000  5385 bytes for ./AppIcon76x76@2x~ipad.png
2025-02-08 08:10:33 +0000  copying file ./Slide.nib ... 
2025-02-08 08:10:33 +0000  2606 bytes for ./Slide.nib
2025-02-08 08:10:33 +0000  copying file ./CancellationPolicyFooter.nib ... 
2025-02-08 08:10:33 +0000  3521 bytes for ./CancellationPolicyFooter.nib
2025-02-08 08:10:33 +0000  copying file ./CardDetailTableViewCell.nib ... 
2025-02-08 08:10:33 +0000  7949 bytes for ./CardDetailTableViewCell.nib
2025-02-08 08:10:33 +0000  copying file ./TravellerNameCell.nib ... 
2025-02-08 08:10:33 +0000  8699 bytes for ./TravellerNameCell.nib
2025-02-08 08:10:33 +0000  copying file ./card.otf ... 
2025-02-08 08:10:33 +0000  30268 bytes for ./card.otf
2025-02-08 08:10:33 +0000  copying file ./deduction_alert_hindi.mp3 ... 
2025-02-08 08:10:33 +0000  96813 bytes for ./deduction_alert_hindi.mp3
copying file ./TravelTableViewCell.nib ... 
2025-02-08 08:10:33 +0000  14365 bytes for ./TravelTableViewCell.nib
2025-02-08 08:10:33 +0000  copying file ./CardDetaiilCollectionViewCell.nib ... 
2025-02-08 08:10:33 +0000  8271 bytes for ./CardDetaiilCollectionViewCell.nib
2025-02-08 08:10:33 +0000  copying file ./Frameworks/SwiftyJSON.framework/_CodeSignature/CodeResources ... 
2025-02-08 08:10:33 +0000  1798 bytes for ./Frameworks/SwiftyJSON.framework/_CodeSignature/CodeResources
2025-02-08 08:10:33 +0000  copying file ./Frameworks/SwiftyJSON.framework/SwiftyJSON ... 
2025-02-08 08:10:33 +0000  297264 bytes for ./Frameworks/SwiftyJSON.framework/SwiftyJSON
copying file ./Frameworks/SwiftyJSON.framework/Info.plist ... 
2025-02-08 08:10:33 +0000  792 bytes for ./Frameworks/SwiftyJSON.framework/Info.plist
2025-02-08 08:10:33 +0000  copying file ./Frameworks/GoogleDataTransport.framework/_CodeSignature/CodeResources ... 
2025-02-08 08:10:33 +0000  2380 bytes for ./Frameworks/GoogleDataTransport.framework/_CodeSignature/CodeResources
2025-02-08 08:10:33 +0000  copying file ./Frameworks/GoogleDataTransport.framework/GoogleDataTransport ... 
2025-02-08 08:10:33 +0000  377248 bytes for ./Frameworks/GoogleDataTransport.framework/GoogleDataTransport
2025-02-08 08:10:33 +0000  copying file ./Frameworks/GoogleDataTransport.framework/GoogleDataTransport_Privacy.bundle/PrivacyInfo.xcprivacy ... 
2025-02-08 08:10:33 +0000  1105 bytes for ./Frameworks/GoogleDataTransport.framework/GoogleDataTransport_Privacy.bundle/PrivacyInfo.xcprivacy
2025-02-08 08:10:33 +0000  copying file ./Frameworks/GoogleDataTransport.framework/GoogleDataTransport_Privacy.bundle/Info.plist ... 
2025-02-08 08:10:33 +0000  804 bytes for ./Frameworks/GoogleDataTransport.framework/GoogleDataTransport_Privacy.bundle/Info.plist
2025-02-08 08:10:33 +0000  copying file ./Frameworks/GoogleDataTransport.framework/Info.plist ... 
2025-02-08 08:10:33 +0000  813 bytes for ./Frameworks/GoogleDataTransport.framework/Info.plist
2025-02-08 08:10:33 +0000  copying file ./Frameworks/Smartech.framework/_CodeSignature/CodeResources ... 
2025-02-08 08:10:33 +0000  5280 bytes for ./Frameworks/Smartech.framework/_CodeSignature/CodeResources
2025-02-08 08:10:33 +0000  copying file ./Frameworks/Smartech.framework/SmartechDB.momd/SmartechDB.mom ... 
2025-02-08 08:10:33 +0000  5079 bytes for ./Frameworks/Smartech.framework/SmartechDB.momd/SmartechDB.mom
2025-02-08 08:10:33 +0000  copying file ./Frameworks/Smartech.framework/SmartechDB.momd/VersionInfo.plist ... 
2025-02-08 08:10:33 +0000  2591 bytes for ./Frameworks/Smartech.framework/SmartechDB.momd/VersionInfo.plist
2025-02-08 08:10:33 +0000  copying file ./Frameworks/Smartech.framework/SmartechDB.momd/SmartechDB 5.mom ... 
2025-02-08 08:10:33 +0000  5579 bytes for ./Frameworks/Smartech.framework/SmartechDB.momd/SmartechDB 5.mom
2025-02-08 08:10:33 +0000  copying file ./Frameworks/Smartech.framework/SmartechDB.momd/SmartechDB 4.mom ... 
2025-02-08 08:10:33 +0000  6342 bytes for ./Frameworks/Smartech.framework/SmartechDB.momd/SmartechDB 4.mom
2025-02-08 08:10:33 +0000  copying file ./Frameworks/Smartech.framework/SmartechDB.momd/SmartechDB 6.mom ... 
2025-02-08 08:10:33 +0000  5629 bytes for ./Frameworks/Smartech.framework/SmartechDB.momd/SmartechDB 6.mom
2025-02-08 08:10:33 +0000  copying file ./Frameworks/Smartech.framework/SmartechDB.momd/SmartechDB 7.mom ... 
2025-02-08 08:10:33 +0000  5839 bytes for ./Frameworks/Smartech.framework/SmartechDB.momd/SmartechDB 7.mom
2025-02-08 08:10:33 +0000  copying file ./Frameworks/Smartech.framework/SmartechDB.momd/SmartechDB 3.mom ... 
2025-02-08 08:10:33 +0000  6342 bytes for ./Frameworks/Smartech.framework/SmartechDB.momd/SmartechDB 3.mom
copying file ./Frameworks/Smartech.framework/SmartechDB.momd/SmartechDB 2.mom ... 
2025-02-08 08:10:33 +0000  5512 bytes for ./Frameworks/Smartech.framework/SmartechDB.momd/SmartechDB 2.mom
2025-02-08 08:10:33 +0000  copying file ./Frameworks/Smartech.framework/SmartechDB.momd/SmartechDB 7.omo ... 
2025-02-08 08:10:33 +0000  12872 bytes for ./Frameworks/Smartech.framework/SmartechDB.momd/SmartechDB 7.omo
2025-02-08 08:10:33 +0000  copying file ./Frameworks/Smartech.framework/Smartech ... 
2025-02-08 08:10:33 +0000  1007792 bytes for ./Frameworks/Smartech.framework/Smartech
2025-02-08 08:10:33 +0000  copying file ./Frameworks/Smartech.framework/Assets.car ... 
2025-02-08 08:10:33 +0000  35679 bytes for ./Frameworks/Smartech.framework/Assets.car
2025-02-08 08:10:33 +0000  copying file ./Frameworks/Smartech.framework/PrivacyInfo.xcprivacy ... 
2025-02-08 08:10:33 +0000  2585 bytes for ./Frameworks/Smartech.framework/PrivacyInfo.xcprivacy
2025-02-08 08:10:33 +0000  copying file ./Frameworks/Smartech.framework/Info.plist ... 
2025-02-08 08:10:33 +0000  848 bytes for ./Frameworks/Smartech.framework/Info.plist
2025-02-08 08:10:33 +0000  copying file ./Frameworks/Kingfisher.framework/_CodeSignature/CodeResources ... 
2025-02-08 08:10:33 +0000  2312 bytes for ./Frameworks/Kingfisher.framework/_CodeSignature/CodeResources
2025-02-08 08:10:33 +0000  copying file ./Frameworks/Kingfisher.framework/Kingfisher.bundle/PrivacyInfo.xcprivacy ... 
2025-02-08 08:10:33 +0000  707 bytes for ./Frameworks/Kingfisher.framework/Kingfisher.bundle/PrivacyInfo.xcprivacy
2025-02-08 08:10:33 +0000  copying file ./Frameworks/Kingfisher.framework/Kingfisher.bundle/Info.plist ... 
2025-02-08 08:10:33 +0000  768 bytes for ./Frameworks/Kingfisher.framework/Kingfisher.bundle/Info.plist
2025-02-08 08:10:33 +0000  copying file ./Frameworks/Kingfisher.framework/Kingfisher ... 
2025-02-08 08:10:33 +0000  1881536 bytes for ./Frameworks/Kingfisher.framework/Kingfisher
2025-02-08 08:10:33 +0000  copying file ./Frameworks/Kingfisher.framework/Info.plist ... 
793 bytes for ./Frameworks/Kingfisher.framework/Info.plist
2025-02-08 08:10:33 +0000  copying file ./Frameworks/KeychainAccess.framework/_CodeSignature/CodeResources ... 
2025-02-08 08:10:33 +0000  1798 bytes for ./Frameworks/KeychainAccess.framework/_CodeSignature/CodeResources
2025-02-08 08:10:33 +0000  copying file ./Frameworks/KeychainAccess.framework/KeychainAccess ... 
2025-02-08 08:10:33 +0000  352416 bytes for ./Frameworks/KeychainAccess.framework/KeychainAccess
2025-02-08 08:10:33 +0000  copying file ./Frameworks/KeychainAccess.framework/Info.plist ... 
2025-02-08 08:10:33 +0000  800 bytes for ./Frameworks/KeychainAccess.framework/Info.plist
2025-02-08 08:10:33 +0000  copying file ./Frameworks/FBLPromises.framework/_CodeSignature/CodeResources ... 
2025-02-08 08:10:33 +0000  2348 bytes for ./Frameworks/FBLPromises.framework/_CodeSignature/CodeResources
2025-02-08 08:10:33 +0000  copying file ./Frameworks/FBLPromises.framework/FBLPromises_Privacy.bundle/PrivacyInfo.xcprivacy ... 
2025-02-08 08:10:33 +0000  373 bytes for ./Frameworks/FBLPromises.framework/FBLPromises_Privacy.bundle/PrivacyInfo.xcprivacy
2025-02-08 08:10:33 +0000  copying file ./Frameworks/FBLPromises.framework/FBLPromises_Privacy.bundle/Info.plist ... 
2025-02-08 08:10:33 +0000  786 bytes for ./Frameworks/FBLPromises.framework/FBLPromises_Privacy.bundle/Info.plist
2025-02-08 08:10:33 +0000  copying file ./Frameworks/FBLPromises.framework/FBLPromises ... 
2025-02-08 08:10:33 +0000  189648 bytes for ./Frameworks/FBLPromises.framework/FBLPromises
2025-02-08 08:10:33 +0000  copying file ./Frameworks/FBLPromises.framework/Info.plist ... 
2025-02-08 08:10:33 +0000  794 bytes for ./Frameworks/FBLPromises.framework/Info.plist
2025-02-08 08:10:33 +0000  copying file ./Frameworks/Extended.framework/_CodeSignature/CodeResources ... 
2025-02-08 08:10:33 +0000  1798 bytes for ./Frameworks/Extended.framework/_CodeSignature/CodeResources
2025-02-08 08:10:33 +0000  copying file ./Frameworks/Extended.framework/Extended ... 
2025-02-08 08:10:33 +0000  206512 bytes for ./Frameworks/Extended.framework/Extended
2025-02-08 08:10:33 +0000  copying file ./Frameworks/Extended.framework/Info.plist ... 
2025-02-08 08:10:33 +0000  788 bytes for ./Frameworks/Extended.framework/Info.plist
2025-02-08 08:10:33 +0000  copying file ./Frameworks/FirebaseCoreInternal.framework/_CodeSignature/CodeResources ... 
2025-02-08 08:10:33 +0000  2384 bytes for ./Frameworks/FirebaseCoreInternal.framework/_CodeSignature/CodeResources
2025-02-08 08:10:33 +0000  copying file ./Frameworks/FirebaseCoreInternal.framework/FirebaseCoreInternal_Privacy.bundle/PrivacyInfo.xcprivacy ... 
2025-02-08 08:10:33 +0000  855 bytes for ./Frameworks/FirebaseCoreInternal.framework/FirebaseCoreInternal_Privacy.bundle/PrivacyInfo.xcprivacy
2025-02-08 08:10:33 +0000  copying file ./Frameworks/FirebaseCoreInternal.framework/FirebaseCoreInternal_Privacy.bundle/Info.plist ... 
2025-02-08 08:10:33 +0000  806 bytes for ./Frameworks/FirebaseCoreInternal.framework/FirebaseCoreInternal_Privacy.bundle/Info.plist
2025-02-08 08:10:33 +0000  copying file ./Frameworks/FirebaseCoreInternal.framework/FirebaseCoreInternal ... 
2025-02-08 08:10:33 +0000  340240 bytes for ./Frameworks/FirebaseCoreInternal.framework/FirebaseCoreInternal
2025-02-08 08:10:33 +0000  copying file ./Frameworks/FirebaseCoreInternal.framework/Info.plist ... 
2025-02-08 08:10:33 +0000  815 bytes for ./Frameworks/FirebaseCoreInternal.framework/Info.plist
2025-02-08 08:10:33 +0000  copying file ./Frameworks/FirebaseCore.framework/_CodeSignature/CodeResources ... 
2025-02-08 08:10:33 +0000  2352 bytes for ./Frameworks/FirebaseCore.framework/_CodeSignature/CodeResources
2025-02-08 08:10:33 +0000  copying file ./Frameworks/FirebaseCore.framework/FirebaseCore_Privacy.bundle/PrivacyInfo.xcprivacy ... 
2025-02-08 08:10:33 +0000  855 bytes for ./Frameworks/FirebaseCore.framework/FirebaseCore_Privacy.bundle/PrivacyInfo.xcprivacy
2025-02-08 08:10:33 +0000  copying file ./Frameworks/FirebaseCore.framework/FirebaseCore_Privacy.bundle/Info.plist ... 
2025-02-08 08:10:33 +0000  790 bytes for ./Frameworks/FirebaseCore.framework/FirebaseCore_Privacy.bundle/Info.plist
2025-02-08 08:10:33 +0000  copying file ./Frameworks/FirebaseCore.framework/FirebaseCore ... 
2025-02-08 08:10:33 +0000  201664 bytes for ./Frameworks/FirebaseCore.framework/FirebaseCore
2025-02-08 08:10:33 +0000  copying file ./Frameworks/FirebaseCore.framework/Info.plist ... 
2025-02-08 08:10:33 +0000  797 bytes for ./Frameworks/FirebaseCore.framework/Info.plist
2025-02-08 08:10:33 +0000  copying file ./Frameworks/GoogleUtilities.framework/_CodeSignature/CodeResources ... 
2025-02-08 08:10:33 +0000  2364 bytes for ./Frameworks/GoogleUtilities.framework/_CodeSignature/CodeResources
2025-02-08 08:10:33 +0000  copying file ./Frameworks/GoogleUtilities.framework/GoogleUtilities_Privacy.bundle/PrivacyInfo.xcprivacy ... 
2025-02-08 08:10:33 +0000  1233 bytes for ./Frameworks/GoogleUtilities.framework/GoogleUtilities_Privacy.bundle/PrivacyInfo.xcprivacy
2025-02-08 08:10:33 +0000  copying file ./Frameworks/GoogleUtilities.framework/GoogleUtilities_Privacy.bundle/Info.plist ... 
2025-02-08 08:10:33 +0000  795 bytes for ./Frameworks/GoogleUtilities.framework/GoogleUtilities_Privacy.bundle/Info.plist
2025-02-08 08:10:33 +0000  copying file ./Frameworks/GoogleUtilities.framework/GoogleUtilities ... 
2025-02-08 08:10:33 +0000  284464 bytes for ./Frameworks/GoogleUtilities.framework/GoogleUtilities
2025-02-08 08:10:33 +0000  copying file ./Frameworks/GoogleUtilities.framework/Info.plist ... 
2025-02-08 08:10:33 +0000  804 bytes for ./Frameworks/GoogleUtilities.framework/Info.plist
2025-02-08 08:10:33 +0000  copying file ./Frameworks/PieCharts.framework/_CodeSignature/CodeResources ... 
2025-02-08 08:10:33 +0000  1798 bytes for ./Frameworks/PieCharts.framework/_CodeSignature/CodeResources
2025-02-08 08:10:33 +0000  copying file ./Frameworks/PieCharts.framework/PieCharts ... 
2025-02-08 08:10:33 +0000  331360 bytes for ./Frameworks/PieCharts.framework/PieCharts
2025-02-08 08:10:33 +0000  copying file ./Frameworks/PieCharts.framework/Info.plist ... 
2025-02-08 08:10:33 +0000  790 bytes for ./Frameworks/PieCharts.framework/Info.plist
2025-02-08 08:10:33 +0000  copying file ./Frameworks/FirebaseMessaging.framework/_CodeSignature/CodeResources ... 
2025-02-08 08:10:33 +0000  2372 bytes for ./Frameworks/FirebaseMessaging.framework/_CodeSignature/CodeResources
2025-02-08 08:10:33 +0000  copying file ./Frameworks/FirebaseMessaging.framework/FirebaseMessaging_Privacy.bundle/PrivacyInfo.xcprivacy ... 
2025-02-08 08:10:33 +0000  2357 bytes for ./Frameworks/FirebaseMessaging.framework/FirebaseMessaging_Privacy.bundle/PrivacyInfo.xcprivacy
2025-02-08 08:10:33 +0000  copying file ./Frameworks/FirebaseMessaging.framework/FirebaseMessaging_Privacy.bundle/Info.plist ... 
2025-02-08 08:10:33 +0000  800 bytes for ./Frameworks/FirebaseMessaging.framework/FirebaseMessaging_Privacy.bundle/Info.plist
2025-02-08 08:10:33 +0000  copying file ./Frameworks/FirebaseMessaging.framework/FirebaseMessaging ... 
2025-02-08 08:10:33 +0000  503472 bytes for ./Frameworks/FirebaseMessaging.framework/FirebaseMessaging
2025-02-08 08:10:33 +0000  copying file ./Frameworks/FirebaseMessaging.framework/Info.plist ... 
2025-02-08 08:10:33 +0000  809 bytes for ./Frameworks/FirebaseMessaging.framework/Info.plist
2025-02-08 08:10:33 +0000  copying file ./Frameworks/DropDown.framework/_CodeSignature/CodeResources ... 
2025-02-08 08:10:33 +0000  2024 bytes for ./Frameworks/DropDown.framework/_CodeSignature/CodeResources
2025-02-08 08:10:33 +0000  copying file ./Frameworks/DropDown.framework/DropDown ... 
2025-02-08 08:10:33 +0000  301120 bytes for ./Frameworks/DropDown.framework/DropDown
2025-02-08 08:10:33 +0000  copying file ./Frameworks/DropDown.framework/DropDownCell.nib ... 
2025-02-08 08:10:33 +0000  2547 bytes for ./Frameworks/DropDown.framework/DropDownCell.nib
2025-02-08 08:10:33 +0000  copying file ./Frameworks/DropDown.framework/Info.plist ... 
2025-02-08 08:10:33 +0000  789 bytes for ./Frameworks/DropDown.framework/Info.plist
2025-02-08 08:10:33 +0000  copying file ./Frameworks/nanopb.framework/_CodeSignature/CodeResources ... 
2025-02-08 08:10:33 +0000  2328 bytes for ./Frameworks/nanopb.framework/_CodeSignature/CodeResources
2025-02-08 08:10:33 +0000  copying file ./Frameworks/nanopb.framework/nanopb_Privacy.bundle/PrivacyInfo.xcprivacy ... 
2025-02-08 08:10:33 +0000  374 bytes for ./Frameworks/nanopb.framework/nanopb_Privacy.bundle/PrivacyInfo.xcprivacy
2025-02-08 08:10:33 +0000  copying file ./Frameworks/nanopb.framework/nanopb_Privacy.bundle/Info.plist ... 
2025-02-08 08:10:33 +0000  779 bytes for ./Frameworks/nanopb.framework/nanopb_Privacy.bundle/Info.plist
2025-02-08 08:10:33 +0000  copying file ./Frameworks/nanopb.framework/nanopb ... 
2025-02-08 08:10:33 +0000  95344 bytes for ./Frameworks/nanopb.framework/nanopb
2025-02-08 08:10:33 +0000  copying file ./Frameworks/nanopb.framework/Info.plist ... 
2025-02-08 08:10:33 +0000  788 bytes for ./Frameworks/nanopb.framework/Info.plist
2025-02-08 08:10:33 +0000  copying file ./Frameworks/CommonLibrary.framework/_CodeSignature/CodeResources ... 
2025-02-08 08:10:33 +0000  2472 bytes for ./Frameworks/CommonLibrary.framework/_CodeSignature/CodeResources
2025-02-08 08:10:33 +0000  copying file ./Frameworks/CommonLibrary.framework/toolbar_back_arrow.png ... 
2025-02-08 08:10:33 +0000  440 bytes for ./Frameworks/CommonLibrary.framework/toolbar_back_arrow.png
copying file ./Frameworks/CommonLibrary.framework/CommonLibrary ... 
2025-02-08 08:10:33 +0000  739296 bytes for ./Frameworks/CommonLibrary.framework/CommonLibrary
2025-02-08 08:10:33 +0000  copying file ./Frameworks/CommonLibrary.framework/locked_phone.png ... 
2025-02-08 08:10:33 +0000  23622 bytes for ./Frameworks/CommonLibrary.framework/locked_phone.png
2025-02-08 08:10:33 +0000  copying file ./Frameworks/CommonLibrary.framework/xml-signature.js ... 
2025-02-08 08:10:33 +0000  598945 bytes for ./Frameworks/CommonLibrary.framework/xml-signature.js
2025-02-08 08:10:33 +0000  copying file ./Frameworks/CommonLibrary.framework/Info.plist ... 
2025-02-08 08:10:33 +0000  805 bytes for ./Frameworks/CommonLibrary.framework/Info.plist
2025-02-08 08:10:33 +0000  copying file ./Frameworks/IQKeyboardManager.framework/_CodeSignature/CodeResources ... 
2025-02-08 08:10:33 +0000  2340 bytes for ./Frameworks/IQKeyboardManager.framework/_CodeSignature/CodeResources
2025-02-08 08:10:33 +0000  copying file ./Frameworks/IQKeyboardManager.framework/IQKeyboardManager.bundle/PrivacyInfo.xcprivacy ... 
2025-02-08 08:10:33 +0000  373 bytes for ./Frameworks/IQKeyboardManager.framework/IQKeyboardManager.bundle/PrivacyInfo.xcprivacy
2025-02-08 08:10:33 +0000  copying file ./Frameworks/IQKeyboardManager.framework/IQKeyboardManager.bundle/Info.plist ... 
2025-02-08 08:10:33 +0000  784 bytes for ./Frameworks/IQKeyboardManager.framework/IQKeyboardManager.bundle/Info.plist
2025-02-08 08:10:33 +0000  copying file ./Frameworks/IQKeyboardManager.framework/IQKeyboardManager ... 
2025-02-08 08:10:33 +0000  326128 bytes for ./Frameworks/IQKeyboardManager.framework/IQKeyboardManager
2025-02-08 08:10:33 +0000  copying file ./Frameworks/IQKeyboardManager.framework/Info.plist ... 
2025-02-08 08:10:33 +0000  809 bytes for ./Frameworks/IQKeyboardManager.framework/Info.plist
2025-02-08 08:10:33 +0000  copying file ./Frameworks/Toast_Swift.framework/_CodeSignature/CodeResources ... 
2025-02-08 08:10:33 +0000  2316 bytes for ./Frameworks/Toast_Swift.framework/_CodeSignature/CodeResources
2025-02-08 08:10:33 +0000  copying file ./Frameworks/Toast_Swift.framework/Toast-Swift.bundle/PrivacyInfo.xcprivacy ... 
2025-02-08 08:10:33 +0000  372 bytes for ./Frameworks/Toast_Swift.framework/Toast-Swift.bundle/PrivacyInfo.xcprivacy
2025-02-08 08:10:33 +0000  copying file ./Frameworks/Toast_Swift.framework/Toast-Swift.bundle/Info.plist ... 
2025-02-08 08:10:33 +0000  769 bytes for ./Frameworks/Toast_Swift.framework/Toast-Swift.bundle/Info.plist
2025-02-08 08:10:33 +0000  copying file ./Frameworks/Toast_Swift.framework/Toast_Swift ... 
2025-02-08 08:10:33 +0000  170160 bytes for ./Frameworks/Toast_Swift.framework/Toast_Swift
2025-02-08 08:10:33 +0000  copying file ./Frameworks/Toast_Swift.framework/Info.plist ... 
2025-02-08 08:10:33 +0000  794 bytes for ./Frameworks/Toast_Swift.framework/Info.plist
2025-02-08 08:10:33 +0000  copying file ./Frameworks/SSSwiftUILoader.framework/_CodeSignature/CodeResources ... 
2025-02-08 08:10:33 +0000  1798 bytes for ./Frameworks/SSSwiftUILoader.framework/_CodeSignature/CodeResources
2025-02-08 08:10:33 +0000  copying file ./Frameworks/SSSwiftUILoader.framework/SSSwiftUILoader ... 
2025-02-08 08:10:33 +0000  162736 bytes for ./Frameworks/SSSwiftUILoader.framework/SSSwiftUILoader
2025-02-08 08:10:33 +0000  copying file ./Frameworks/SSSwiftUILoader.framework/Info.plist ... 
2025-02-08 08:10:33 +0000  804 bytes for ./Frameworks/SSSwiftUILoader.framework/Info.plist
2025-02-08 08:10:33 +0000  copying file ./Frameworks/FSPopoverView.framework/_CodeSignature/CodeResources ... 
2025-02-08 08:10:33 +0000  1798 bytes for ./Frameworks/FSPopoverView.framework/_CodeSignature/CodeResources
2025-02-08 08:10:33 +0000  copying file ./Frameworks/FSPopoverView.framework/FSPopoverView ... 
2025-02-08 08:10:33 +0000  424624 bytes for ./Frameworks/FSPopoverView.framework/FSPopoverView
2025-02-08 08:10:33 +0000  copying file ./Frameworks/FSPopoverView.framework/Info.plist ... 
2025-02-08 08:10:33 +0000  798 bytes for ./Frameworks/FSPopoverView.framework/Info.plist
2025-02-08 08:10:33 +0000  copying file ./Frameworks/FirebaseInstallations.framework/_CodeSignature/CodeResources ... 
2025-02-08 08:10:33 +0000  2388 bytes for ./Frameworks/FirebaseInstallations.framework/_CodeSignature/CodeResources
2025-02-08 08:10:33 +0000  copying file ./Frameworks/FirebaseInstallations.framework/FirebaseInstallations ... 
2025-02-08 08:10:33 +0000  257664 bytes for ./Frameworks/FirebaseInstallations.framework/FirebaseInstallations
2025-02-08 08:10:33 +0000  copying file ./Frameworks/FirebaseInstallations.framework/FirebaseInstallations_Privacy.bundle/PrivacyInfo.xcprivacy ... 
2025-02-08 08:10:33 +0000  1105 bytes for ./Frameworks/FirebaseInstallations.framework/FirebaseInstallations_Privacy.bundle/PrivacyInfo.xcprivacy
2025-02-08 08:10:33 +0000  copying file ./Frameworks/FirebaseInstallations.framework/FirebaseInstallations_Privacy.bundle/Info.plist ... 
2025-02-08 08:10:33 +0000  808 bytes for ./Frameworks/FirebaseInstallations.framework/FirebaseInstallations_Privacy.bundle/Info.plist
2025-02-08 08:10:33 +0000  copying file ./Frameworks/FirebaseInstallations.framework/Info.plist ... 
2025-02-08 08:10:33 +0000  817 bytes for ./Frameworks/FirebaseInstallations.framework/Info.plist
2025-02-08 08:10:33 +0000  copying file ./Frameworks/OlivePayLibrary.framework/_CodeSignature/CodeResources ... 
2025-02-08 08:10:33 +0000  2260 bytes for ./Frameworks/OlivePayLibrary.framework/_CodeSignature/CodeResources
2025-02-08 08:10:33 +0000  copying file ./Frameworks/OlivePayLibrary.framework/ListKeysPayload.xml ... 
2025-02-08 08:10:33 +0000  2896 bytes for ./Frameworks/OlivePayLibrary.framework/ListKeysPayload.xml
2025-02-08 08:10:33 +0000  copying file ./Frameworks/OlivePayLibrary.framework/upiuataxisbankcoin.cer ... 
2025-02-08 08:10:33 +0000  1323 bytes for ./Frameworks/OlivePayLibrary.framework/upiuataxisbankcoin.cer
2025-02-08 08:10:33 +0000  copying file ./Frameworks/OlivePayLibrary.framework/Info.plist ... 
2025-02-08 08:10:33 +0000  941 bytes for ./Frameworks/OlivePayLibrary.framework/Info.plist
2025-02-08 08:10:33 +0000  copying file ./Frameworks/OlivePayLibrary.framework/OlivePayLibrary ... 
2025-02-08 08:10:33 +0000  4533120 bytes for ./Frameworks/OlivePayLibrary.framework/OlivePayLibrary
2025-02-08 08:10:33 +0000  copying file ./Frameworks/OpalImagePicker.framework/_CodeSignature/CodeResources ... 
2025-02-08 08:10:33 +0000  2346 bytes for ./Frameworks/OpalImagePicker.framework/_CodeSignature/CodeResources
2025-02-08 08:10:33 +0000  copying file ./Frameworks/OpalImagePicker.framework/OpalImagePicker ... 
2025-02-08 08:10:33 +0000  364752 bytes for ./Frameworks/OpalImagePicker.framework/OpalImagePicker
2025-02-08 08:10:33 +0000  copying file ./Frameworks/OpalImagePicker.framework/Info.plist ... 
2025-02-08 08:10:33 +0000  804 bytes for ./Frameworks/OpalImagePicker.framework/Info.plist
2025-02-08 08:10:33 +0000  copying file ./Frameworks/OpalImagePicker.framework/OpalImagePickerResources.bundle/Assets.car ... 
2025-02-08 08:10:33 +0000  71567 bytes for ./Frameworks/OpalImagePicker.framework/OpalImagePickerResources.bundle/Assets.car
2025-02-08 08:10:33 +0000  copying file ./Frameworks/OpalImagePicker.framework/OpalImagePickerResources.bundle/Info.plist ... 
2025-02-08 08:10:33 +0000  797 bytes for ./Frameworks/OpalImagePicker.framework/OpalImagePickerResources.bundle/Info.plist
2025-02-08 08:10:33 +0000  copying file ./Frameworks/ObjectMapper.framework/_CodeSignature/CodeResources ... 
2025-02-08 08:10:33 +0000  1798 bytes for ./Frameworks/ObjectMapper.framework/_CodeSignature/CodeResources
2025-02-08 08:10:33 +0000  copying file ./Frameworks/ObjectMapper.framework/ObjectMapper ... 
2025-02-08 08:10:33 +0000  394752 bytes for ./Frameworks/ObjectMapper.framework/ObjectMapper
2025-02-08 08:10:33 +0000  copying file ./Frameworks/ObjectMapper.framework/Info.plist ... 
2025-02-08 08:10:33 +0000  796 bytes for ./Frameworks/ObjectMapper.framework/Info.plist
2025-02-08 08:10:33 +0000  copying file ./Frameworks/DatePicker.framework/_CodeSignature/CodeResources ... 
2025-02-08 08:10:33 +0000  8806 bytes for ./Frameworks/DatePicker.framework/_CodeSignature/CodeResources
2025-02-08 08:10:33 +0000  copying file ./Frameworks/DatePicker.framework/DatePicker ... 
2025-02-08 08:10:33 +0000  345872 bytes for ./Frameworks/DatePicker.framework/DatePicker
2025-02-08 08:10:33 +0000  copying file ./Frameworks/DatePicker.framework/DatePicker.bundle/Picker.storyboardc/DeG-K1-7na-view-i5d-Hz-64e.nib/objects-11.0+.nib ... 
2025-02-08 08:10:33 +0000  2929 bytes for ./Frameworks/DatePicker.framework/DatePicker.bundle/Picker.storyboardc/DeG-K1-7na-view-i5d-Hz-64e.nib/objects-11.0+.nib
2025-02-08 08:10:33 +0000  copying file ./Frameworks/DatePicker.framework/DatePicker.bundle/Picker.storyboardc/DeG-K1-7na-view-i5d-Hz-64e.nib/runtime.nib ... 
2025-02-08 08:10:33 +0000  3054 bytes for ./Frameworks/DatePicker.framework/DatePicker.bundle/Picker.storyboardc/DeG-K1-7na-view-i5d-Hz-64e.nib/runtime.nib
2025-02-08 08:10:33 +0000  copying file ./Frameworks/DatePicker.framework/DatePicker.bundle/Picker.storyboardc/Picker.nib/objects-11.0+.nib ... 
2025-02-08 08:10:33 +0000  1048 bytes for ./Frameworks/DatePicker.framework/DatePicker.bundle/Picker.storyboardc/Picker.nib/objects-11.0+.nib
2025-02-08 08:10:33 +0000  copying file ./Frameworks/DatePicker.framework/DatePicker.bundle/Picker.storyboardc/Picker.nib/runtime.nib ... 
2025-02-08 08:10:33 +0000  1048 bytes for ./Frameworks/DatePicker.framework/DatePicker.bundle/Picker.storyboardc/Picker.nib/runtime.nib
2025-02-08 08:10:33 +0000  copying file ./Frameworks/DatePicker.framework/DatePicker.bundle/Picker.storyboardc/Info.plist ... 
2025-02-08 08:10:33 +0000  133 bytes for ./Frameworks/DatePicker.framework/DatePicker.bundle/Picker.storyboardc/Info.plist
2025-02-08 08:10:33 +0000  copying file ./Frameworks/DatePicker.framework/DatePicker.bundle/MonthCollectionViewCell.nib/runtime.nib ... 
2025-02-08 08:10:33 +0000  3285 bytes for ./Frameworks/DatePicker.framework/DatePicker.bundle/MonthCollectionViewCell.nib/runtime.nib
2025-02-08 08:10:33 +0000  copying file ./Frameworks/DatePicker.framework/DatePicker.bundle/MonthCollectionViewCell.nib/objects-12.3+.nib ... 
2025-02-08 08:10:33 +0000  4160 bytes for ./Frameworks/DatePicker.framework/DatePicker.bundle/MonthCollectionViewCell.nib/objects-12.3+.nib
2025-02-08 08:10:33 +0000  copying file ./Frameworks/DatePicker.framework/DatePicker.bundle/YearCollectionViewCell.nib/runtime.nib ... 
2025-02-08 08:10:33 +0000  3261 bytes for ./Frameworks/DatePicker.framework/DatePicker.bundle/YearCollectionViewCell.nib/runtime.nib
2025-02-08 08:10:33 +0000  copying file ./Frameworks/DatePicker.framework/DatePicker.bundle/YearCollectionViewCell.nib/objects-12.3+.nib ... 
2025-02-08 08:10:33 +0000  4135 bytes for ./Frameworks/DatePicker.framework/DatePicker.bundle/YearCollectionViewCell.nib/objects-12.3+.nib
2025-02-08 08:10:33 +0000  copying file ./Frameworks/DatePicker.framework/DatePicker.bundle/en.lproj/DayCollectionViewCell.nib/runtime.nib ... 
2025-02-08 08:10:33 +0000  3848 bytes for ./Frameworks/DatePicker.framework/DatePicker.bundle/en.lproj/DayCollectionViewCell.nib/runtime.nib
copying file ./Frameworks/DatePicker.framework/DatePicker.bundle/en.lproj/DayCollectionViewCell.nib/objects-12.3+.nib ... 
2025-02-08 08:10:33 +0000  4722 bytes for ./Frameworks/DatePicker.framework/DatePicker.bundle/en.lproj/DayCollectionViewCell.nib/objects-12.3+.nib
2025-02-08 08:10:33 +0000  copying file ./Frameworks/DatePicker.framework/DatePicker.bundle/DayHeaderCollectionViewCell.nib/runtime.nib ... 
2025-02-08 08:10:33 +0000  2631 bytes for ./Frameworks/DatePicker.framework/DatePicker.bundle/DayHeaderCollectionViewCell.nib/runtime.nib
2025-02-08 08:10:33 +0000  copying file ./Frameworks/DatePicker.framework/DatePicker.bundle/DayHeaderCollectionViewCell.nib/objects-12.3+.nib ... 
2025-02-08 08:10:33 +0000  3508 bytes for ./Frameworks/DatePicker.framework/DatePicker.bundle/DayHeaderCollectionViewCell.nib/objects-12.3+.nib
2025-02-08 08:10:33 +0000  copying file ./Frameworks/DatePicker.framework/DatePicker.bundle/DaysCollectionViewCell.nib/runtime.nib ... 
2025-02-08 08:10:33 +0000  2178 bytes for ./Frameworks/DatePicker.framework/DatePicker.bundle/DaysCollectionViewCell.nib/runtime.nib
2025-02-08 08:10:33 +0000  copying file ./Frameworks/DatePicker.framework/DatePicker.bundle/DaysCollectionViewCell.nib/objects-12.3+.nib ... 
2025-02-08 08:10:33 +0000  3054 bytes for ./Frameworks/DatePicker.framework/DatePicker.bundle/DaysCollectionViewCell.nib/objects-12.3+.nib
2025-02-08 08:10:33 +0000  copying file ./Frameworks/DatePicker.framework/DatePicker.bundle/MonthsCollectionViewCell.nib/runtime.nib ... 
2025-02-08 08:10:33 +0000  3052 bytes for ./Frameworks/DatePicker.framework/DatePicker.bundle/MonthsCollectionViewCell.nib/runtime.nib
2025-02-08 08:10:33 +0000  copying file ./Frameworks/DatePicker.framework/DatePicker.bundle/MonthsCollectionViewCell.nib/objects-12.3+.nib ... 
2025-02-08 08:10:33 +0000  3926 bytes for ./Frameworks/DatePicker.framework/DatePicker.bundle/MonthsCollectionViewCell.nib/objects-12.3+.nib
2025-02-08 08:10:33 +0000  copying file ./Frameworks/DatePicker.framework/DatePicker.bundle/ButtonCollectionViewCell.nib/runtime.nib ... 
2025-02-08 08:10:33 +0000  3086 bytes for ./Frameworks/DatePicker.framework/DatePicker.bundle/ButtonCollectionViewCell.nib/runtime.nib
2025-02-08 08:10:33 +0000  copying file ./Frameworks/DatePicker.framework/DatePicker.bundle/ButtonCollectionViewCell.nib/objects-12.3+.nib ... 
2025-02-08 08:10:33 +0000  3960 bytes for ./Frameworks/DatePicker.framework/DatePicker.bundle/ButtonCollectionViewCell.nib/objects-12.3+.nib
2025-02-08 08:10:33 +0000  copying file ./Frameworks/DatePicker.framework/DatePicker.bundle/YearsCollectionViewCell.nib/runtime.nib ... 
2025-02-08 08:10:33 +0000  3122 bytes for ./Frameworks/DatePicker.framework/DatePicker.bundle/YearsCollectionViewCell.nib/runtime.nib
2025-02-08 08:10:33 +0000  copying file ./Frameworks/DatePicker.framework/DatePicker.bundle/YearsCollectionViewCell.nib/objects-12.3+.nib ... 
2025-02-08 08:10:33 +0000  3996 bytes for ./Frameworks/DatePicker.framework/DatePicker.bundle/YearsCollectionViewCell.nib/objects-12.3+.nib
2025-02-08 08:10:33 +0000  copying file ./Frameworks/DatePicker.framework/DatePicker.bundle/Info.plist ... 
2025-02-08 08:10:33 +0000  767 bytes for ./Frameworks/DatePicker.framework/DatePicker.bundle/Info.plist
2025-02-08 08:10:33 +0000  copying file ./Frameworks/DatePicker.framework/Info.plist ... 
2025-02-08 08:10:33 +0000  792 bytes for ./Frameworks/DatePicker.framework/Info.plist
2025-02-08 08:10:33 +0000  copying file ./Frameworks/SDWebImage.framework/_CodeSignature/CodeResources ... 
2025-02-08 08:10:33 +0000  2312 bytes for ./Frameworks/SDWebImage.framework/_CodeSignature/CodeResources
2025-02-08 08:10:33 +0000  copying file ./Frameworks/SDWebImage.framework/SDWebImage.bundle/PrivacyInfo.xcprivacy ... 
2025-02-08 08:10:33 +0000  599 bytes for ./Frameworks/SDWebImage.framework/SDWebImage.bundle/PrivacyInfo.xcprivacy
copying file ./Frameworks/SDWebImage.framework/SDWebImage.bundle/Info.plist ... 
2025-02-08 08:10:33 +0000  767 bytes for ./Frameworks/SDWebImage.framework/SDWebImage.bundle/Info.plist
2025-02-08 08:10:33 +0000  copying file ./Frameworks/SDWebImage.framework/SDWebImage ... 
2025-02-08 08:10:33 +0000  848192 bytes for ./Frameworks/SDWebImage.framework/SDWebImage
2025-02-08 08:10:33 +0000  copying file ./Frameworks/SDWebImage.framework/Info.plist ... 
2025-02-08 08:10:33 +0000  793 bytes for ./Frameworks/SDWebImage.framework/Info.plist
2025-02-08 08:10:33 +0000  copying file ./Frameworks/ProgressHUD.framework/_CodeSignature/CodeResources ... 
2025-02-08 08:10:33 +0000  1798 bytes for ./Frameworks/ProgressHUD.framework/_CodeSignature/CodeResources
2025-02-08 08:10:33 +0000  copying file ./Frameworks/ProgressHUD.framework/ProgressHUD ... 
2025-02-08 08:10:33 +0000  320800 bytes for ./Frameworks/ProgressHUD.framework/ProgressHUD
2025-02-08 08:10:33 +0000  copying file ./Frameworks/ProgressHUD.framework/Info.plist ... 
2025-02-08 08:10:33 +0000  795 bytes for ./Frameworks/ProgressHUD.framework/Info.plist
2025-02-08 08:10:33 +0000  copying file ./Frameworks/Lottie.framework/_CodeSignature/CodeResources ... 
2025-02-08 08:10:33 +0000  2340 bytes for ./Frameworks/Lottie.framework/_CodeSignature/CodeResources
2025-02-08 08:10:33 +0000  copying file ./Frameworks/Lottie.framework/LottiePrivacyInfo.bundle/PrivacyInfo.xcprivacy ... 
2025-02-08 08:10:33 +0000  599 bytes for ./Frameworks/Lottie.framework/LottiePrivacyInfo.bundle/PrivacyInfo.xcprivacy
2025-02-08 08:10:33 +0000  copying file ./Frameworks/Lottie.framework/LottiePrivacyInfo.bundle/Info.plist ... 
2025-02-08 08:10:33 +0000  783 bytes for ./Frameworks/Lottie.framework/LottiePrivacyInfo.bundle/Info.plist
2025-02-08 08:10:33 +0000  copying file ./Frameworks/Lottie.framework/Lottie ... 
2025-02-08 08:10:33 +0000  4374320 bytes for ./Frameworks/Lottie.framework/Lottie
2025-02-08 08:10:33 +0000  copying file ./Frameworks/Lottie.framework/Info.plist ... 
2025-02-08 08:10:33 +0000  784 bytes for ./Frameworks/Lottie.framework/Info.plist
2025-02-08 08:10:33 +0000  copying file ./Frameworks/SwiftLoader.framework/_CodeSignature/CodeResources ... 
2025-02-08 08:10:33 +0000  1798 bytes for ./Frameworks/SwiftLoader.framework/_CodeSignature/CodeResources
2025-02-08 08:10:33 +0000  copying file ./Frameworks/SwiftLoader.framework/SwiftLoader ... 
2025-02-08 08:10:33 +0000  140144 bytes for ./Frameworks/SwiftLoader.framework/SwiftLoader
copying file ./Frameworks/SwiftLoader.framework/Info.plist ... 
2025-02-08 08:10:33 +0000  794 bytes for ./Frameworks/SwiftLoader.framework/Info.plist
2025-02-08 08:10:33 +0000  copying file ./AddRoomCell.nib ... 
2025-02-08 08:10:33 +0000  11204 bytes for ./AddRoomCell.nib
2025-02-08 08:10:33 +0000  copying file ./embedded.mobileprovision ... 
2025-02-08 08:10:33 +0000  18637 bytes for ./embedded.mobileprovision
copying file ./MoreTableViewCell.nib ... 
2025-02-08 08:10:33 +0000  21731 bytes for ./MoreTableViewCell.nib
copying file ./Roboto-Bold.ttf ... 
2025-02-08 08:10:33 +0000  167336 bytes for ./Roboto-Bold.ttf
2025-02-08 08:10:33 +0000  copying file ./CancellationPolicyTitleCell.nib ... 
2025-02-08 08:10:33 +0000  3974 bytes for ./CancellationPolicyTitleCell.nib
copying file ./Roboto-Thin.ttf ... 
2025-02-08 08:10:33 +0000  168488 bytes for ./Roboto-Thin.ttf
2025-02-08 08:10:33 +0000  copying file ./Roboto-Black.ttf ... 
2025-02-08 08:10:33 +0000  168060 bytes for ./Roboto-Black.ttf
2025-02-08 08:10:33 +0000  copying file ./FloatingMenuView.nib ... 
2025-02-08 08:10:33 +0000  9177 bytes for ./FloatingMenuView.nib
2025-02-08 08:10:33 +0000  copying file ./Iceland-Regular.ttf ... 
2025-02-08 08:10:33 +0000  35904 bytes for ./Iceland-Regular.ttf
2025-02-08 08:10:33 +0000  copying file ./TasactionPieChartVC.nib ... 
2025-02-08 08:10:33 +0000  3924 bytes for ./TasactionPieChartVC.nib
2025-02-08 08:10:33 +0000  copying file ./Info.plist ... 
2025-02-08 08:10:33 +0000  2849 bytes for ./Info.plist
2025-02-08 08:10:33 +0000  copying file ./BookingViewSuccess.nib ... 
2025-02-08 08:10:33 +0000  6323 bytes for ./BookingViewSuccess.nib
2025-02-08 08:10:33 +0000  copying file ./IncreaseRoomCell.nib ... 
2025-02-08 08:10:33 +0000  4560 bytes for ./IncreaseRoomCell.nib
2025-02-08 08:10:33 +0000  copying file ./PkgInfo ... 
2025-02-08 08:10:33 +0000  8 bytes for ./PkgInfo
2025-02-08 08:10:33 +0000  copying file ./Complaint.storyboardc/ADn-3g-bgM-view-vPR-kI-BlU.nib ... 
2025-02-08 08:10:33 +0000  17368 bytes for ./Complaint.storyboardc/ADn-3g-bgM-view-vPR-kI-BlU.nib
2025-02-08 08:10:33 +0000  copying file ./Complaint.storyboardc/CuG-jj-gzh-view-f0l-x9-mBG.nib ... 
2025-02-08 08:10:33 +0000  15015 bytes for ./Complaint.storyboardc/CuG-jj-gzh-view-f0l-x9-mBG.nib
2025-02-08 08:10:33 +0000  copying file ./Complaint.storyboardc/TransactionHistoryForComplaintVC.nib ... 
2025-02-08 08:10:33 +0000  1493 bytes for ./Complaint.storyboardc/TransactionHistoryForComplaintVC.nib
2025-02-08 08:10:33 +0000  copying file ./Complaint.storyboardc/WRC-R3-X6g-view-wGh-bV-3DD.nib ... 
2025-02-08 08:10:33 +0000  19760 bytes for ./Complaint.storyboardc/WRC-R3-X6g-view-wGh-bV-3DD.nib
2025-02-08 08:10:33 +0000  copying file ./Complaint.storyboardc/HistoryFIlterVC.nib ... 
2025-02-08 08:10:33 +0000  1136 bytes for ./Complaint.storyboardc/HistoryFIlterVC.nib
2025-02-08 08:10:33 +0000  copying file ./Complaint.storyboardc/ComplaintFormVC.nib ... 
2025-02-08 08:10:33 +0000  1389 bytes for ./Complaint.storyboardc/ComplaintFormVC.nib
2025-02-08 08:10:33 +0000  copying file ./Complaint.storyboardc/ComplaintSubmittedVC.nib ... 
2025-02-08 08:10:33 +0000  1146 bytes for ./Complaint.storyboardc/ComplaintSubmittedVC.nib
2025-02-08 08:10:33 +0000  copying file ./Complaint.storyboardc/nM0-hl-4dv-view-Htr-ps-JIL.nib ... 
2025-02-08 08:10:33 +0000  19844 bytes for ./Complaint.storyboardc/nM0-hl-4dv-view-Htr-ps-JIL.nib
2025-02-08 08:10:33 +0000  copying file ./Complaint.storyboardc/Info.plist ... 
2025-02-08 08:10:33 +0000  332 bytes for ./Complaint.storyboardc/Info.plist
2025-02-08 08:10:33 +0000  copying file ./Cosmos_Cosmos.bundle/PrivacyInfo.xcprivacy ... 
2025-02-08 08:10:33 +0000  373 bytes for ./Cosmos_Cosmos.bundle/PrivacyInfo.xcprivacy
2025-02-08 08:10:33 +0000  copying file ./Cosmos_Cosmos.bundle/Info.plist ... 
2025-02-08 08:10:33 +0000  671 bytes for ./Cosmos_Cosmos.bundle/Info.plist
2025-02-08 08:10:33 +0000  /usr/bin/ditto exited with 0
2025-02-08 08:10:33 +0000  Processing step: IDEDistributionEmbedProfileStep
2025-02-08 08:10:33 +0000  Skipping profile for item: <IDEDistributionItem: 0x6000190ecb40; bundleID='com.NPCI.-CommonLibrary.CommonLibrary', path='<DVTFilePath:0x60004de74ee0:'/Users/admin/Library/Developer/Xcode/Archives/2025-02-08/MaxPay 08-02-25, 1.23 PM.xcarchive/Products/Applications/MaxPay.app/Frameworks/CommonLibrary.framework'>', codeSigningInfo='<_DVTCodeSigningInformation_Path: 0x6000156e29e0; isSigned='1', isAdHocSigned='0', signingCertificate='<DVTSigningCertificate: 0x600048f0dd40; name='Apple Development: Madhuresh Singh (4X7KN4PKV7)', hash='0A38B107EB4B7257E87995C367727BD063EEB167', serialNumber='42499EFA75E21BB023BEBEAE75B77BAE', certificateKinds='(
    "1.2.840.113635.100.6.1.12",
    "1.2.840.113635.100.6.1.2"
), issueDate='2024-10-03 10:47:47 +0000''>', entitlements='(null)', teamID='G4WLA9639A', identifier='com.NPCI.-CommonLibrary.CommonLibrary', executablePath='<DVTFilePath:0x600019095920:'/Users/admin/Library/Developer/Xcode/Archives/2025-02-08/MaxPay 08-02-25, 1.23 PM.xcarchive/Products/Applications/MaxPay.app/Frameworks/CommonLibrary.framework/CommonLibrary'>', hardenedRuntime='0'>'>
2025-02-08 08:10:33 +0000  Skipping profile for item: <IDEDistributionItem: 0x600041f526a0; bundleID='org.cocoapods.DatePicker', path='<DVTFilePath:0x60004de75340:'/Users/admin/Library/Developer/Xcode/Archives/2025-02-08/MaxPay 08-02-25, 1.23 PM.xcarchive/Products/Applications/MaxPay.app/Frameworks/DatePicker.framework'>', codeSigningInfo='<_DVTCodeSigningInformation_Path: 0x6000156e1630; isSigned='1', isAdHocSigned='0', signingCertificate='<DVTSigningCertificate: 0x600048067600; name='Apple Development: Madhuresh Singh (4X7KN4PKV7)', hash='0A38B107EB4B7257E87995C367727BD063EEB167', serialNumber='42499EFA75E21BB023BEBEAE75B77BAE', certificateKinds='(
    "1.2.840.113635.100.6.1.12",
    "1.2.840.113635.100.6.1.2"
), issueDate='2024-10-03 10:47:47 +0000''>', entitlements='(null)', teamID='G4WLA9639A', identifier='org.cocoapods.DatePicker', executablePath='<DVTFilePath:0x600019095c80:'/Users/admin/Library/Developer/Xcode/Archives/2025-02-08/MaxPay 08-02-25, 1.23 PM.xcarchive/Products/Applications/MaxPay.app/Frameworks/DatePicker.framework/DatePicker'>', hardenedRuntime='0'>'>
2025-02-08 08:10:33 +0000  Skipping profile for item: <IDEDistributionItem: 0x600019f4cd20; bundleID='org.cocoapods.DropDown', path='<DVTFilePath:0x60004de767d0:'/Users/admin/Library/Developer/Xcode/Archives/2025-02-08/MaxPay 08-02-25, 1.23 PM.xcarchive/Products/Applications/MaxPay.app/Frameworks/DropDown.framework'>', codeSigningInfo='<_DVTCodeSigningInformation_Path: 0x6000156d5ef0; isSigned='1', isAdHocSigned='0', signingCertificate='<DVTSigningCertificate: 0x600048067600; name='Apple Development: Madhuresh Singh (4X7KN4PKV7)', hash='0A38B107EB4B7257E87995C367727BD063EEB167', serialNumber='42499EFA75E21BB023BEBEAE75B77BAE', certificateKinds='(
    "1.2.840.113635.100.6.1.12",
    "1.2.840.113635.100.6.1.2"
), issueDate='2024-10-03 10:47:47 +0000''>', entitlements='(null)', teamID='G4WLA9639A', identifier='org.cocoapods.DropDown', executablePath='<DVTFilePath:0x6000190bb480:'/Users/admin/Library/Developer/Xcode/Archives/2025-02-08/MaxPay 08-02-25, 1.23 PM.xcarchive/Products/Applications/MaxPay.app/Frameworks/DropDown.framework/DropDown'>', hardenedRuntime='0'>'>
2025-02-08 08:10:33 +0000  Skipping profile for item: <IDEDistributionItem: 0x6000190ee820; bundleID='org.cocoapods.Extended', path='<DVTFilePath:0x60004de76a70:'/Users/admin/Library/Developer/Xcode/Archives/2025-02-08/MaxPay 08-02-25, 1.23 PM.xcarchive/Products/Applications/MaxPay.app/Frameworks/Extended.framework'>', codeSigningInfo='<_DVTCodeSigningInformation_Path: 0x6000156d4eb0; isSigned='1', isAdHocSigned='0', signingCertificate='<DVTSigningCertificate: 0x600048f2c840; name='Apple Development: Madhuresh Singh (4X7KN4PKV7)', hash='0A38B107EB4B7257E87995C367727BD063EEB167', serialNumber='42499EFA75E21BB023BEBEAE75B77BAE', certificateKinds='(
    "1.2.840.113635.100.6.1.12",
    "1.2.840.113635.100.6.1.2"
), issueDate='2024-10-03 10:47:47 +0000''>', entitlements='(null)', teamID='G4WLA9639A', identifier='org.cocoapods.Extended', executablePath='<DVTFilePath:0x6000190b93e0:'/Users/admin/Library/Developer/Xcode/Archives/2025-02-08/MaxPay 08-02-25, 1.23 PM.xcarchive/Products/Applications/MaxPay.app/Frameworks/Extended.framework/Extended'>', hardenedRuntime='0'>'>
2025-02-08 08:10:33 +0000  Skipping profile for item: <IDEDistributionItem: 0x6000190fb0c0; bundleID='org.cocoapods.FBLPromises', path='<DVTFilePath:0x60004de76c30:'/Users/admin/Library/Developer/Xcode/Archives/2025-02-08/MaxPay 08-02-25, 1.23 PM.xcarchive/Products/Applications/MaxPay.app/Frameworks/FBLPromises.framework'>', codeSigningInfo='<_DVTCodeSigningInformation_Path: 0x60001567f700; isSigned='1', isAdHocSigned='0', signingCertificate='<DVTSigningCertificate: 0x600048f0dd40; name='Apple Development: Madhuresh Singh (4X7KN4PKV7)', hash='0A38B107EB4B7257E87995C367727BD063EEB167', serialNumber='42499EFA75E21BB023BEBEAE75B77BAE', certificateKinds='(
    "1.2.840.113635.100.6.1.12",
    "1.2.840.113635.100.6.1.2"
), issueDate='2024-10-03 10:47:47 +0000''>', entitlements='(null)', teamID='G4WLA9639A', identifier='org.cocoapods.FBLPromises', executablePath='<DVTFilePath:0x6000190b9920:'/Users/admin/Library/Developer/Xcode/Archives/2025-02-08/MaxPay 08-02-25, 1.23 PM.xcarchive/Products/Applications/MaxPay.app/Frameworks/FBLPromises.framework/FBLPromises'>', hardenedRuntime='0'>'>
2025-02-08 08:10:33 +0000  Skipping profile for item: <IDEDistributionItem: 0x6000190fefa0; bundleID='org.cocoapods.FSPopoverView', path='<DVTFilePath:0x60004de77db0:'/Users/admin/Library/Developer/Xcode/Archives/2025-02-08/MaxPay 08-02-25, 1.23 PM.xcarchive/Products/Applications/MaxPay.app/Frameworks/FSPopoverView.framework'>', codeSigningInfo='<_DVTCodeSigningInformation_Path: 0x6000156e14a0; isSigned='1', isAdHocSigned='0', signingCertificate='<DVTSigningCertificate: 0x600048f2c840; name='Apple Development: Madhuresh Singh (4X7KN4PKV7)', hash='0A38B107EB4B7257E87995C367727BD063EEB167', serialNumber='42499EFA75E21BB023BEBEAE75B77BAE', certificateKinds='(
    "1.2.840.113635.100.6.1.12",
    "1.2.840.113635.100.6.1.2"
), issueDate='2024-10-03 10:47:47 +0000''>', entitlements='(null)', teamID='G4WLA9639A', identifier='org.cocoapods.FSPopoverView', executablePath='<DVTFilePath:0x6000190c0240:'/Users/admin/Library/Developer/Xcode/Archives/2025-02-08/MaxPay 08-02-25, 1.23 PM.xcarchive/Products/Applications/MaxPay.app/Frameworks/FSPopoverView.framework/FSPopoverView'>', hardenedRuntime='0'>'>
2025-02-08 08:10:33 +0000  Skipping profile for item: <IDEDistributionItem: 0x6000190eca20; bundleID='org.cocoapods.FirebaseCore', path='<DVTFilePath:0x60004de76fb0:'/Users/admin/Library/Developer/Xcode/Archives/2025-02-08/MaxPay 08-02-25, 1.23 PM.xcarchive/Products/Applications/MaxPay.app/Frameworks/FirebaseCore.framework'>', codeSigningInfo='<_DVTCodeSigningInformation_Path: 0x6000156411d0; isSigned='1', isAdHocSigned='0', signingCertificate='<DVTSigningCertificate: 0x600048f2c840; name='Apple Development: Madhuresh Singh (4X7KN4PKV7)', hash='0A38B107EB4B7257E87995C367727BD063EEB167', serialNumber='42499EFA75E21BB023BEBEAE75B77BAE', certificateKinds='(
    "1.2.840.113635.100.6.1.12",
    "1.2.840.113635.100.6.1.2"
), issueDate='2024-10-03 10:47:47 +0000''>', entitlements='(null)', teamID='G4WLA9639A', identifier='org.cocoapods.FirebaseCore', executablePath='<DVTFilePath:0x6000190b8ea0:'/Users/admin/Library/Developer/Xcode/Archives/2025-02-08/MaxPay 08-02-25, 1.23 PM.xcarchive/Products/Applications/MaxPay.app/Frameworks/FirebaseCore.framework/FirebaseCore'>', hardenedRuntime='0'>'>
2025-02-08 08:10:33 +0000  Skipping profile for item: <IDEDistributionItem: 0x6000190ed680; bundleID='org.cocoapods.FirebaseCoreInternal', path='<DVTFilePath:0x60004de77330:'/Users/admin/Library/Developer/Xcode/Archives/2025-02-08/MaxPay 08-02-25, 1.23 PM.xcarchive/Products/Applications/MaxPay.app/Frameworks/FirebaseCoreInternal.framework'>', codeSigningInfo='<_DVTCodeSigningInformation_Path: 0x6000156e3ca0; isSigned='1', isAdHocSigned='0', signingCertificate='<DVTSigningCertificate: 0x600048f2c840; name='Apple Development: Madhuresh Singh (4X7KN4PKV7)', hash='0A38B107EB4B7257E87995C367727BD063EEB167', serialNumber='42499EFA75E21BB023BEBEAE75B77BAE', certificateKinds='(
    "1.2.840.113635.100.6.1.12",
    "1.2.840.113635.100.6.1.2"
), issueDate='2024-10-03 10:47:47 +0000''>', entitlements='(null)', teamID='G4WLA9639A', identifier='org.cocoapods.FirebaseCoreInternal', executablePath='<DVTFilePath:0x60004de77410:'/Users/admin/Library/Developer/Xcode/Archives/2025-02-08/MaxPay 08-02-25, 1.23 PM.xcarchive/Products/Applications/MaxPay.app/Frameworks/FirebaseCoreInternal.framework/FirebaseCoreInternal'>', hardenedRuntime='0'>'>
2025-02-08 08:10:33 +0000  Skipping profile for item: <IDEDistributionItem: 0x6000190fe8e0; bundleID='org.cocoapods.FirebaseInstallations', path='<DVTFilePath:0x60004de776b0:'/Users/admin/Library/Developer/Xcode/Archives/2025-02-08/MaxPay 08-02-25, 1.23 PM.xcarchive/Products/Applications/MaxPay.app/Frameworks/FirebaseInstallations.framework'>', codeSigningInfo='<_DVTCodeSigningInformation_Path: 0x6000155a9ef0; isSigned='1', isAdHocSigned='0', signingCertificate='<DVTSigningCertificate: 0x600048f0dd40; name='Apple Development: Madhuresh Singh (4X7KN4PKV7)', hash='0A38B107EB4B7257E87995C367727BD063EEB167', serialNumber='42499EFA75E21BB023BEBEAE75B77BAE', certificateKinds='(
    "1.2.840.113635.100.6.1.12",
    "1.2.840.113635.100.6.1.2"
), issueDate='2024-10-03 10:47:47 +0000''>', entitlements='(null)', teamID='G4WLA9639A', identifier='org.cocoapods.FirebaseInstallations', executablePath='<DVTFilePath:0x60004de77790:'/Users/admin/Library/Developer/Xcode/Archives/2025-02-08/MaxPay 08-02-25, 1.23 PM.xcarchive/Products/Applications/MaxPay.app/Frameworks/FirebaseInstallations.framework/FirebaseInstallations'>', hardenedRuntime='0'>'>
2025-02-08 08:10:33 +0000  Skipping profile for item: <IDEDistributionItem: 0x6000190f59e0; bundleID='org.cocoapods.FirebaseMessaging', path='<DVTFilePath:0x60004de77a30:'/Users/admin/Library/Developer/Xcode/Archives/2025-02-08/MaxPay 08-02-25, 1.23 PM.xcarchive/Products/Applications/MaxPay.app/Frameworks/FirebaseMessaging.framework'>', codeSigningInfo='<_DVTCodeSigningInformation_Path: 0x6000156ca670; isSigned='1', isAdHocSigned='0', signingCertificate='<DVTSigningCertificate: 0x600048f2c840; name='Apple Development: Madhuresh Singh (4X7KN4PKV7)', hash='0A38B107EB4B7257E87995C367727BD063EEB167', serialNumber='42499EFA75E21BB023BEBEAE75B77BAE', certificateKinds='(
    "1.2.840.113635.100.6.1.12",
    "1.2.840.113635.100.6.1.2"
), issueDate='2024-10-03 10:47:47 +0000''>', entitlements='(null)', teamID='G4WLA9639A', identifier='org.cocoapods.FirebaseMessaging', executablePath='<DVTFilePath:0x60004de77b10:'/Users/admin/Library/Developer/Xcode/Archives/2025-02-08/MaxPay 08-02-25, 1.23 PM.xcarchive/Products/Applications/MaxPay.app/Frameworks/FirebaseMessaging.framework/FirebaseMessaging'>', hardenedRuntime='0'>'>
2025-02-08 08:10:34 +0000  Skipping profile for item: <IDEDistributionItem: 0x6000190edec0; bundleID='org.cocoapods.GoogleDataTransport', path='<DVTFilePath:0x60004de77f70:'/Users/admin/Library/Developer/Xcode/Archives/2025-02-08/MaxPay 08-02-25, 1.23 PM.xcarchive/Products/Applications/MaxPay.app/Frameworks/GoogleDataTransport.framework'>', codeSigningInfo='<_DVTCodeSigningInformation_Path: 0x6000156e2940; isSigned='1', isAdHocSigned='0', signingCertificate='<DVTSigningCertificate: 0x600048f0dd40; name='Apple Development: Madhuresh Singh (4X7KN4PKV7)', hash='0A38B107EB4B7257E87995C367727BD063EEB167', serialNumber='42499EFA75E21BB023BEBEAE75B77BAE', certificateKinds='(
    "1.2.840.113635.100.6.1.12",
    "1.2.840.113635.100.6.1.2"
), issueDate='2024-10-03 10:47:47 +0000''>', entitlements='(null)', teamID='G4WLA9639A', identifier='org.cocoapods.GoogleDataTransport', executablePath='<DVTFilePath:0x60004de70070:'/Users/admin/Library/Developer/Xcode/Archives/2025-02-08/MaxPay 08-02-25, 1.23 PM.xcarchive/Products/Applications/MaxPay.app/Frameworks/GoogleDataTransport.framework/GoogleDataTransport'>', hardenedRuntime='0'>'>
2025-02-08 08:10:34 +0000  Skipping profile for item: <IDEDistributionItem: 0x60000d0b5fe0; bundleID='org.cocoapods.GoogleUtilities', path='<DVTFilePath:0x60004de70310:'/Users/admin/Library/Developer/Xcode/Archives/2025-02-08/MaxPay 08-02-25, 1.23 PM.xcarchive/Products/Applications/MaxPay.app/Frameworks/GoogleUtilities.framework'>', codeSigningInfo='<_DVTCodeSigningInformation_Path: 0x6000156ca210; isSigned='1', isAdHocSigned='0', signingCertificate='<DVTSigningCertificate: 0x600048f0dd40; name='Apple Development: Madhuresh Singh (4X7KN4PKV7)', hash='0A38B107EB4B7257E87995C367727BD063EEB167', serialNumber='42499EFA75E21BB023BEBEAE75B77BAE', certificateKinds='(
    "1.2.840.113635.100.6.1.12",
    "1.2.840.113635.100.6.1.2"
), issueDate='2024-10-03 10:47:47 +0000''>', entitlements='(null)', teamID='G4WLA9639A', identifier='org.cocoapods.GoogleUtilities', executablePath='<DVTFilePath:0x6000190c3ba0:'/Users/admin/Library/Developer/Xcode/Archives/2025-02-08/MaxPay 08-02-25, 1.23 PM.xcarchive/Products/Applications/MaxPay.app/Frameworks/GoogleUtilities.framework/GoogleUtilities'>', hardenedRuntime='0'>'>
2025-02-08 08:10:34 +0000  Skipping profile for item: <IDEDistributionItem: 0x6000190e8a80; bundleID='org.cocoapods.IQKeyboardManager', path='<DVTFilePath:0x60004de70690:'/Users/admin/Library/Developer/Xcode/Archives/2025-02-08/MaxPay 08-02-25, 1.23 PM.xcarchive/Products/Applications/MaxPay.app/Frameworks/IQKeyboardManager.framework'>', codeSigningInfo='<_DVTCodeSigningInformation_Path: 0x600015694140; isSigned='1', isAdHocSigned='0', signingCertificate='<DVTSigningCertificate: 0x600048f2c840; name='Apple Development: Madhuresh Singh (4X7KN4PKV7)', hash='0A38B107EB4B7257E87995C367727BD063EEB167', serialNumber='42499EFA75E21BB023BEBEAE75B77BAE', certificateKinds='(
    "1.2.840.113635.100.6.1.12",
    "1.2.840.113635.100.6.1.2"
), issueDate='2024-10-03 10:47:47 +0000''>', entitlements='(null)', teamID='G4WLA9639A', identifier='org.cocoapods.IQKeyboardManager', executablePath='<DVTFilePath:0x60004de707e0:'/Users/admin/Library/Developer/Xcode/Archives/2025-02-08/MaxPay 08-02-25, 1.23 PM.xcarchive/Products/Applications/MaxPay.app/Frameworks/IQKeyboardManager.framework/IQKeyboardManager'>', hardenedRuntime='0'>'>
2025-02-08 08:10:34 +0000  Skipping profile for item: <IDEDistributionItem: 0x600009fd64c0; bundleID='org.cocoapods.KeychainAccess', path='<DVTFilePath:0x60004de70a80:'/Users/admin/Library/Developer/Xcode/Archives/2025-02-08/MaxPay 08-02-25, 1.23 PM.xcarchive/Products/Applications/MaxPay.app/Frameworks/KeychainAccess.framework'>', codeSigningInfo='<_DVTCodeSigningInformation_Path: 0x6000155c38e0; isSigned='1', isAdHocSigned='0', signingCertificate='<DVTSigningCertificate: 0x600048f2c840; name='Apple Development: Madhuresh Singh (4X7KN4PKV7)', hash='0A38B107EB4B7257E87995C367727BD063EEB167', serialNumber='42499EFA75E21BB023BEBEAE75B77BAE', certificateKinds='(
    "1.2.840.113635.100.6.1.12",
    "1.2.840.113635.100.6.1.2"
), issueDate='2024-10-03 10:47:47 +0000''>', entitlements='(null)', teamID='G4WLA9639A', identifier='org.cocoapods.KeychainAccess', executablePath='<DVTFilePath:0x6000190c2820:'/Users/admin/Library/Developer/Xcode/Archives/2025-02-08/MaxPay 08-02-25, 1.23 PM.xcarchive/Products/Applications/MaxPay.app/Frameworks/KeychainAccess.framework/KeychainAccess'>', hardenedRuntime='0'>'>
2025-02-08 08:10:34 +0000  Skipping profile for item: <IDEDistributionItem: 0x6000190f6400; bundleID='org.cocoapods.Kingfisher', path='<DVTFilePath:0x60004de70c40:'/Users/admin/Library/Developer/Xcode/Archives/2025-02-08/MaxPay 08-02-25, 1.23 PM.xcarchive/Products/Applications/MaxPay.app/Frameworks/Kingfisher.framework'>', codeSigningInfo='<_DVTCodeSigningInformation_Path: 0x6000114c14f0; isSigned='1', isAdHocSigned='0', signingCertificate='<DVTSigningCertificate: 0x600048f0dd40; name='Apple Development: Madhuresh Singh (4X7KN4PKV7)', hash='0A38B107EB4B7257E87995C367727BD063EEB167', serialNumber='42499EFA75E21BB023BEBEAE75B77BAE', certificateKinds='(
    "1.2.840.113635.100.6.1.12",
    "1.2.840.113635.100.6.1.2"
), issueDate='2024-10-03 10:47:47 +0000''>', entitlements='(null)', teamID='G4WLA9639A', identifier='org.cocoapods.Kingfisher', executablePath='<DVTFilePath:0x6000190c2f40:'/Users/admin/Library/Developer/Xcode/Archives/2025-02-08/MaxPay 08-02-25, 1.23 PM.xcarchive/Products/Applications/MaxPay.app/Frameworks/Kingfisher.framework/Kingfisher'>', hardenedRuntime='0'>'>
2025-02-08 08:10:34 +0000  Skipping profile for item: <IDEDistributionItem: 0x600041f51aa0; bundleID='org.cocoapods.Lottie', path='<DVTFilePath:0x60004de70fc0:'/Users/admin/Library/Developer/Xcode/Archives/2025-02-08/MaxPay 08-02-25, 1.23 PM.xcarchive/Products/Applications/MaxPay.app/Frameworks/Lottie.framework'>', codeSigningInfo='<_DVTCodeSigningInformation_Path: 0x6000155c18b0; isSigned='1', isAdHocSigned='0', signingCertificate='<DVTSigningCertificate: 0x600048067600; name='Apple Development: Madhuresh Singh (4X7KN4PKV7)', hash='0A38B107EB4B7257E87995C367727BD063EEB167', serialNumber='42499EFA75E21BB023BEBEAE75B77BAE', certificateKinds='(
    "1.2.840.113635.100.6.1.12",
    "1.2.840.113635.100.6.1.2"
), issueDate='2024-10-03 10:47:47 +0000''>', entitlements='(null)', teamID='G4WLA9639A', identifier='org.cocoapods.Lottie', executablePath='<DVTFilePath:0x6000190c2be0:'/Users/admin/Library/Developer/Xcode/Archives/2025-02-08/MaxPay 08-02-25, 1.23 PM.xcarchive/Products/Applications/MaxPay.app/Frameworks/Lottie.framework/Lottie'>', hardenedRuntime='0'>'>
2025-02-08 08:10:34 +0000  Skipping profile for item: <IDEDistributionItem: 0x600019f4cde0; bundleID='org.cocoapods.ObjectMapper', path='<DVTFilePath:0x60004de716c0:'/Users/admin/Library/Developer/Xcode/Archives/2025-02-08/MaxPay 08-02-25, 1.23 PM.xcarchive/Products/Applications/MaxPay.app/Frameworks/ObjectMapper.framework'>', codeSigningInfo='<_DVTCodeSigningInformation_Path: 0x6000156e2b20; isSigned='1', isAdHocSigned='0', signingCertificate='<DVTSigningCertificate: 0x600048f2c840; name='Apple Development: Madhuresh Singh (4X7KN4PKV7)', hash='0A38B107EB4B7257E87995C367727BD063EEB167', serialNumber='42499EFA75E21BB023BEBEAE75B77BAE', certificateKinds='(
    "1.2.840.113635.100.6.1.12",
    "1.2.840.113635.100.6.1.2"
), issueDate='2024-10-03 10:47:47 +0000''>', entitlements='(null)', teamID='G4WLA9639A', identifier='org.cocoapods.ObjectMapper', executablePath='<DVTFilePath:0x6000190be280:'/Users/admin/Library/Developer/Xcode/Archives/2025-02-08/MaxPay 08-02-25, 1.23 PM.xcarchive/Products/Applications/MaxPay.app/Frameworks/ObjectMapper.framework/ObjectMapper'>', hardenedRuntime='0'>'>
2025-02-08 08:10:34 +0000  Skipping profile for item: <IDEDistributionItem: 0x6000190ef000; bundleID='com.olive.OlivePayLibrary', path='<DVTFilePath:0x60004de71880:'/Users/admin/Library/Developer/Xcode/Archives/2025-02-08/MaxPay 08-02-25, 1.23 PM.xcarchive/Products/Applications/MaxPay.app/Frameworks/OlivePayLibrary.framework'>', codeSigningInfo='<_DVTCodeSigningInformation_Path: 0x6000156b5220; isSigned='1', isAdHocSigned='0', signingCertificate='<DVTSigningCertificate: 0x600040fea880; name='Apple Development: Madhuresh Singh (4X7KN4PKV7)', hash='0A38B107EB4B7257E87995C367727BD063EEB167', serialNumber='42499EFA75E21BB023BEBEAE75B77BAE', certificateKinds='(
    "1.2.840.113635.100.6.1.12",
    "1.2.840.113635.100.6.1.2"
), issueDate='2024-10-03 10:47:47 +0000''>', entitlements='(null)', teamID='G4WLA9639A', identifier='com.olive.OlivePayLibrary', executablePath='<DVTFilePath:0x6000190bf2a0:'/Users/admin/Library/Developer/Xcode/Archives/2025-02-08/MaxPay 08-02-25, 1.23 PM.xcarchive/Products/Applications/MaxPay.app/Frameworks/OlivePayLibrary.framework/OlivePayLibrary'>', hardenedRuntime='0'>'>
2025-02-08 08:10:34 +0000  Skipping profile for item: <IDEDistributionItem: 0x6000190f9380; bundleID='org.cocoapods.OpalImagePicker', path='<DVTFilePath:0x60004de71c00:'/Users/admin/Library/Developer/Xcode/Archives/2025-02-08/MaxPay 08-02-25, 1.23 PM.xcarchive/Products/Applications/MaxPay.app/Frameworks/OpalImagePicker.framework'>', codeSigningInfo='<_DVTCodeSigningInformation_Path: 0x6000156c9ae0; isSigned='1', isAdHocSigned='0', signingCertificate='<DVTSigningCertificate: 0x600028f2c9c0; name='Apple Development: Madhuresh Singh (4X7KN4PKV7)', hash='0A38B107EB4B7257E87995C367727BD063EEB167', serialNumber='42499EFA75E21BB023BEBEAE75B77BAE', certificateKinds='(
    "1.2.840.113635.100.6.1.12",
    "1.2.840.113635.100.6.1.2"
), issueDate='2024-10-03 10:47:47 +0000''>', entitlements='(null)', teamID='G4WLA9639A', identifier='org.cocoapods.OpalImagePicker', executablePath='<DVTFilePath:0x6000190bfcc0:'/Users/admin/Library/Developer/Xcode/Archives/2025-02-08/MaxPay 08-02-25, 1.23 PM.xcarchive/Products/Applications/MaxPay.app/Frameworks/OpalImagePicker.framework/OpalImagePicker'>', hardenedRuntime='0'>'>
2025-02-08 08:10:34 +0000  Skipping profile for item: <IDEDistributionItem: 0x6000190feee0; bundleID='org.cocoapods.PieCharts', path='<DVTFilePath:0x60004de71f10:'/Users/admin/Library/Developer/Xcode/Archives/2025-02-08/MaxPay 08-02-25, 1.23 PM.xcarchive/Products/Applications/MaxPay.app/Frameworks/PieCharts.framework'>', codeSigningInfo='<_DVTCodeSigningInformation_Path: 0x6000115cb610; isSigned='1', isAdHocSigned='0', signingCertificate='<DVTSigningCertificate: 0x600048f08a80; name='Apple Development: Madhuresh Singh (4X7KN4PKV7)', hash='0A38B107EB4B7257E87995C367727BD063EEB167', serialNumber='42499EFA75E21BB023BEBEAE75B77BAE', certificateKinds='(
    "1.2.840.113635.100.6.1.12",
    "1.2.840.113635.100.6.1.2"
), issueDate='2024-10-03 10:47:47 +0000''>', entitlements='(null)', teamID='G4WLA9639A', identifier='org.cocoapods.PieCharts', executablePath='<DVTFilePath:0x6000190bd860:'/Users/admin/Library/Developer/Xcode/Archives/2025-02-08/MaxPay 08-02-25, 1.23 PM.xcarchive/Products/Applications/MaxPay.app/Frameworks/PieCharts.framework/PieCharts'>', hardenedRuntime='0'>'>
2025-02-08 08:10:34 +0000  Skipping profile for item: <IDEDistributionItem: 0x6000190f4cc0; bundleID='org.cocoapods.ProgressHUD', path='<DVTFilePath:0x60004de720d0:'/Users/admin/Library/Developer/Xcode/Archives/2025-02-08/MaxPay 08-02-25, 1.23 PM.xcarchive/Products/Applications/MaxPay.app/Frameworks/ProgressHUD.framework'>', codeSigningInfo='<_DVTCodeSigningInformation_Path: 0x60003165dbd0; isSigned='1', isAdHocSigned='0', signingCertificate='<DVTSigningCertificate: 0x600048f0dd40; name='Apple Development: Madhuresh Singh (4X7KN4PKV7)', hash='0A38B107EB4B7257E87995C367727BD063EEB167', serialNumber='42499EFA75E21BB023BEBEAE75B77BAE', certificateKinds='(
    "1.2.840.113635.100.6.1.12",
    "1.2.840.113635.100.6.1.2"
), issueDate='2024-10-03 10:47:47 +0000''>', entitlements='(null)', teamID='G4WLA9639A', identifier='org.cocoapods.ProgressHUD', executablePath='<DVTFilePath:0x6000190bdc80:'/Users/admin/Library/Developer/Xcode/Archives/2025-02-08/MaxPay 08-02-25, 1.23 PM.xcarchive/Products/Applications/MaxPay.app/Frameworks/ProgressHUD.framework/ProgressHUD'>', hardenedRuntime='0'>'>
2025-02-08 08:10:34 +0000  Skipping profile for item: <IDEDistributionItem: 0x60000d082b20; bundleID='org.cocoapods.SDWebImage', path='<DVTFilePath:0x60004de72290:'/Users/admin/Library/Developer/Xcode/Archives/2025-02-08/MaxPay 08-02-25, 1.23 PM.xcarchive/Products/Applications/MaxPay.app/Frameworks/SDWebImage.framework'>', codeSigningInfo='<_DVTCodeSigningInformation_Path: 0x600015503f70; isSigned='1', isAdHocSigned='0', signingCertificate='<DVTSigningCertificate: 0x600048f0dd40; name='Apple Development: Madhuresh Singh (4X7KN4PKV7)', hash='0A38B107EB4B7257E87995C367727BD063EEB167', serialNumber='42499EFA75E21BB023BEBEAE75B77BAE', certificateKinds='(
    "1.2.840.113635.100.6.1.12",
    "1.2.840.113635.100.6.1.2"
), issueDate='2024-10-03 10:47:47 +0000''>', entitlements='(null)', teamID='G4WLA9639A', identifier='org.cocoapods.SDWebImage', executablePath='<DVTFilePath:0x6000190bdda0:'/Users/admin/Library/Developer/Xcode/Archives/2025-02-08/MaxPay 08-02-25, 1.23 PM.xcarchive/Products/Applications/MaxPay.app/Frameworks/SDWebImage.framework/SDWebImage'>', hardenedRuntime='0'>'>
2025-02-08 08:10:34 +0000  Skipping profile for item: <IDEDistributionItem: 0x6000190ff6c0; bundleID='org.cocoapods.SSSwiftUILoader', path='<DVTFilePath:0x60004de72ca0:'/Users/admin/Library/Developer/Xcode/Archives/2025-02-08/MaxPay 08-02-25, 1.23 PM.xcarchive/Products/Applications/MaxPay.app/Frameworks/SSSwiftUILoader.framework'>', codeSigningInfo='<_DVTCodeSigningInformation_Path: 0x6000156cbac0; isSigned='1', isAdHocSigned='0', signingCertificate='<DVTSigningCertificate: 0x600048f15740; name='Apple Development: Madhuresh Singh (4X7KN4PKV7)', hash='0A38B107EB4B7257E87995C367727BD063EEB167', serialNumber='42499EFA75E21BB023BEBEAE75B77BAE', certificateKinds='(
    "1.2.840.113635.100.6.1.12",
    "1.2.840.113635.100.6.1.2"
), issueDate='2024-10-03 10:47:47 +0000''>', entitlements='(null)', teamID='G4WLA9639A', identifier='org.cocoapods.SSSwiftUILoader', executablePath='<DVTFilePath:0x600009f23600:'/Users/admin/Library/Developer/Xcode/Archives/2025-02-08/MaxPay 08-02-25, 1.23 PM.xcarchive/Products/Applications/MaxPay.app/Frameworks/SSSwiftUILoader.framework/SSSwiftUILoader'>', hardenedRuntime='0'>'>
2025-02-08 08:10:34 +0000  Skipping profile for item: <IDEDistributionItem: 0x6000190ee700; bundleID='com.netcore.Smartech', path='<DVTFilePath:0x60004de72610:'/Users/admin/Library/Developer/Xcode/Archives/2025-02-08/MaxPay 08-02-25, 1.23 PM.xcarchive/Products/Applications/MaxPay.app/Frameworks/Smartech.framework'>', codeSigningInfo='<_DVTCodeSigningInformation_Path: 0x6000156e24e0; isSigned='1', isAdHocSigned='0', signingCertificate='<DVTSigningCertificate: 0x600048f0dd40; name='Apple Development: Madhuresh Singh (4X7KN4PKV7)', hash='0A38B107EB4B7257E87995C367727BD063EEB167', serialNumber='42499EFA75E21BB023BEBEAE75B77BAE', certificateKinds='(
    "1.2.840.113635.100.6.1.12",
    "1.2.840.113635.100.6.1.2"
), issueDate='2024-10-03 10:47:47 +0000''>', entitlements='(null)', teamID='G4WLA9639A', identifier='com.netcore.Smartech', executablePath='<DVTFilePath:0x6000190bd320:'/Users/admin/Library/Developer/Xcode/Archives/2025-02-08/MaxPay 08-02-25, 1.23 PM.xcarchive/Products/Applications/MaxPay.app/Frameworks/Smartech.framework/Smartech'>', hardenedRuntime='0'>'>
2025-02-08 08:10:34 +0000  Skipping profile for item: <IDEDistributionItem: 0x6000190f4c00; bundleID='org.cocoapods.SwiftLoader', path='<DVTFilePath:0x60000de1b020:'/Users/admin/Library/Developer/Xcode/Archives/2025-02-08/MaxPay 08-02-25, 1.23 PM.xcarchive/Products/Applications/MaxPay.app/Frameworks/SwiftLoader.framework'>', codeSigningInfo='<_DVTCodeSigningInformation_Path: 0x6000155a8640; isSigned='1', isAdHocSigned='0', signingCertificate='<DVTSigningCertificate: 0x600048f0dd40; name='Apple Development: Madhuresh Singh (4X7KN4PKV7)', hash='0A38B107EB4B7257E87995C367727BD063EEB167', serialNumber='42499EFA75E21BB023BEBEAE75B77BAE', certificateKinds='(
    "1.2.840.113635.100.6.1.12",
    "1.2.840.113635.100.6.1.2"
), issueDate='2024-10-03 10:47:47 +0000''>', entitlements='(null)', teamID='G4WLA9639A', identifier='org.cocoapods.SwiftLoader', executablePath='<DVTFilePath:0x6000090f0480:'/Users/admin/Library/Developer/Xcode/Archives/2025-02-08/MaxPay 08-02-25, 1.23 PM.xcarchive/Products/Applications/MaxPay.app/Frameworks/SwiftLoader.framework/SwiftLoader'>', hardenedRuntime='0'>'>
2025-02-08 08:10:34 +0000  Skipping profile for item: <IDEDistributionItem: 0x600021f54660; bundleID='org.cocoapods.SwiftyJSON', path='<DVTFilePath:0x60000de19ff0:'/Users/admin/Library/Developer/Xcode/Archives/2025-02-08/MaxPay 08-02-25, 1.23 PM.xcarchive/Products/Applications/MaxPay.app/Frameworks/SwiftyJSON.framework'>', codeSigningInfo='<_DVTCodeSigningInformation_Path: 0x60003165d0e0; isSigned='1', isAdHocSigned='0', signingCertificate='<DVTSigningCertificate: 0x600048f0dd40; name='Apple Development: Madhuresh Singh (4X7KN4PKV7)', hash='0A38B107EB4B7257E87995C367727BD063EEB167', serialNumber='42499EFA75E21BB023BEBEAE75B77BAE', certificateKinds='(
    "1.2.840.113635.100.6.1.12",
    "1.2.840.113635.100.6.1.2"
), issueDate='2024-10-03 10:47:47 +0000''>', entitlements='(null)', teamID='G4WLA9639A', identifier='org.cocoapods.SwiftyJSON', executablePath='<DVTFilePath:0x600009098cc0:'/Users/admin/Library/Developer/Xcode/Archives/2025-02-08/MaxPay 08-02-25, 1.23 PM.xcarchive/Products/Applications/MaxPay.app/Frameworks/SwiftyJSON.framework/SwiftyJSON'>', hardenedRuntime='0'>'>
2025-02-08 08:10:34 +0000  Skipping profile for item: <IDEDistributionItem: 0x600019f4cfc0; bundleID='org.cocoapods.Toast-Swift', path='<DVTFilePath:0x60000de1adf0:'/Users/admin/Library/Developer/Xcode/Archives/2025-02-08/MaxPay 08-02-25, 1.23 PM.xcarchive/Products/Applications/MaxPay.app/Frameworks/Toast_Swift.framework'>', codeSigningInfo='<_DVTCodeSigningInformation_Path: 0x6000155abc00; isSigned='1', isAdHocSigned='0', signingCertificate='<DVTSigningCertificate: 0x600048f15740; name='Apple Development: Madhuresh Singh (4X7KN4PKV7)', hash='0A38B107EB4B7257E87995C367727BD063EEB167', serialNumber='42499EFA75E21BB023BEBEAE75B77BAE', certificateKinds='(
    "1.2.840.113635.100.6.1.12",
    "1.2.840.113635.100.6.1.2"
), issueDate='2024-10-03 10:47:47 +0000''>', entitlements='(null)', teamID='G4WLA9639A', identifier='org.cocoapods.Toast-Swift', executablePath='<DVTFilePath:0x60000908fea0:'/Users/admin/Library/Developer/Xcode/Archives/2025-02-08/MaxPay 08-02-25, 1.23 PM.xcarchive/Products/Applications/MaxPay.app/Frameworks/Toast_Swift.framework/Toast_Swift'>', hardenedRuntime='0'>'>
2025-02-08 08:10:34 +0000  Skipping profile for item: <IDEDistributionItem: 0x6000190f52c0; bundleID='org.cocoapods.nanopb', path='<DVTFilePath:0x60004de71340:'/Users/admin/Library/Developer/Xcode/Archives/2025-02-08/MaxPay 08-02-25, 1.23 PM.xcarchive/Products/Applications/MaxPay.app/Frameworks/nanopb.framework'>', codeSigningInfo='<_DVTCodeSigningInformation_Path: 0x6000155c11d0; isSigned='1', isAdHocSigned='0', signingCertificate='<DVTSigningCertificate: 0x600048067600; name='Apple Development: Madhuresh Singh (4X7KN4PKV7)', hash='0A38B107EB4B7257E87995C367727BD063EEB167', serialNumber='42499EFA75E21BB023BEBEAE75B77BAE', certificateKinds='(
    "1.2.840.113635.100.6.1.12",
    "1.2.840.113635.100.6.1.2"
), issueDate='2024-10-03 10:47:47 +0000''>', entitlements='(null)', teamID='G4WLA9639A', identifier='org.cocoapods.nanopb', executablePath='<DVTFilePath:0x6000190be820:'/Users/admin/Library/Developer/Xcode/Archives/2025-02-08/MaxPay 08-02-25, 1.23 PM.xcarchive/Products/Applications/MaxPay.app/Frameworks/nanopb.framework/nanopb'>', hardenedRuntime='0'>'>
2025-02-08 08:10:34 +0000  Processing step: IDEDistributionInfoPlistStep
2025-02-08 08:10:34 +0000  Skipping step: IDEDistributionInfoPlistStep because it said so
2025-02-08 08:10:34 +0000  Skipping step: IDEDistributionInfoPlistStep because it said so
2025-02-08 08:10:34 +0000  Skipping step: IDEDistributionInfoPlistStep because it said so
2025-02-08 08:10:34 +0000  Skipping step: IDEDistributionInfoPlistStep because it said so
2025-02-08 08:10:34 +0000  Skipping step: IDEDistributionInfoPlistStep because it said so
2025-02-08 08:10:34 +0000  Skipping step: IDEDistributionInfoPlistStep because it said so
2025-02-08 08:10:34 +0000  Skipping step: IDEDistributionInfoPlistStep because it said so
2025-02-08 08:10:34 +0000  Skipping step: IDEDistributionInfoPlistStep because it said so
2025-02-08 08:10:34 +0000  Skipping step: IDEDistributionInfoPlistStep because it said so
2025-02-08 08:10:34 +0000  Skipping step: IDEDistributionInfoPlistStep because it said so
2025-02-08 08:10:34 +0000  Skipping step: IDEDistributionInfoPlistStep because it said so
2025-02-08 08:10:34 +0000  Skipping step: IDEDistributionInfoPlistStep because it said so
2025-02-08 08:10:34 +0000  Skipping step: IDEDistributionInfoPlistStep because it said so
2025-02-08 08:10:34 +0000  Skipping step: IDEDistributionInfoPlistStep because it said so
2025-02-08 08:10:34 +0000  Skipping step: IDEDistributionInfoPlistStep because it said so
2025-02-08 08:10:34 +0000  Skipping step: IDEDistributionInfoPlistStep because it said so
2025-02-08 08:10:34 +0000  Skipping step: IDEDistributionInfoPlistStep because it said so
2025-02-08 08:10:34 +0000  Skipping step: IDEDistributionInfoPlistStep because it said so
2025-02-08 08:10:34 +0000  Skipping step: IDEDistributionInfoPlistStep because it said so
2025-02-08 08:10:34 +0000  Skipping step: IDEDistributionInfoPlistStep because it said so
2025-02-08 08:10:34 +0000  Skipping step: IDEDistributionInfoPlistStep because it said so
2025-02-08 08:10:34 +0000  Skipping step: IDEDistributionInfoPlistStep because it said so
2025-02-08 08:10:34 +0000  Skipping step: IDEDistributionInfoPlistStep because it said so
2025-02-08 08:10:34 +0000  Skipping step: IDEDistributionInfoPlistStep because it said so
2025-02-08 08:10:34 +0000  Skipping step: IDEDistributionInfoPlistStep because it said so
2025-02-08 08:10:34 +0000  Skipping step: IDEDistributionInfoPlistStep because it said so
2025-02-08 08:10:34 +0000  Skipping step: IDEDistributionInfoPlistStep because it said so
2025-02-08 08:10:34 +0000  Skipping step: IDEDistributionInfoPlistStep because it said so
2025-02-08 08:10:34 +0000  Skipping step: IDEDistributionInfoPlistStep because it said so
2025-02-08 08:10:34 +0000  Processing step: IDEDistributionAppThinningPlistStep
2025-02-08 08:10:34 +0000  Skipping step: IDEDistributionAppThinningPlistStep because it said so
2025-02-08 08:10:34 +0000  Processing step: IDEDistributionSymbolsStep
2025-02-08 08:10:34 +0000  Skipping step: IDEDistributionSymbolsStep because it said so
2025-02-08 08:10:34 +0000  Processing step: IDEDistributionAppThinningStep
2025-02-08 08:10:34 +0000  Skipping step: IDEDistributionAppThinningStep because it said so
2025-02-08 08:10:34 +0000  Processing step: IDEDistributionArchThinningStep
2025-02-08 08:10:34 +0000  Item /Users/admin/Library/Developer/Xcode/Archives/2025-02-08/MaxPay 08-02-25, 1.23 PM.xcarchive/Products/Applications/MaxPay.app/Frameworks/CommonLibrary.framework doesn't have the entitlement com.apple.developer.web-browser-engine.host enabled, returning ["arm64e"]
2025-02-08 08:10:34 +0000  Archs to thin for item /Users/admin/Library/Developer/Xcode/Archives/2025-02-08/MaxPay 08-02-25, 1.23 PM.xcarchive/Products/Applications/MaxPay.app/Frameworks/CommonLibrary.framework are ["arm64e"]
2025-02-08 08:10:34 +0000  Running /Applications/Xcode.app/Contents/Developer/Toolchains/XcodeDefault.xctoolchain/usr/bin/lipo '/var/folders/h5/hdg_yl1x69387cnq926mjz5w0000gn/T/XcodeDistPipeline.~~~t4Oh52/Root/Payload/MaxPay.app/Frameworks/CommonLibrary.framework/CommonLibrary' '-verify_arch' 'arm64e'
2025-02-08 08:10:34 +0000  /Applications/Xcode.app/Contents/Developer/Toolchains/XcodeDefault.xctoolchain/usr/bin/lipo exited with 1
2025-02-08 08:10:34 +0000  Skipping architecture thinning for item "CommonLibrary" because arch "arm64e" wasn't found
2025-02-08 08:10:34 +0000  Item /Users/admin/Library/Developer/Xcode/Archives/2025-02-08/MaxPay 08-02-25, 1.23 PM.xcarchive/Products/Applications/MaxPay.app/Frameworks/DatePicker.framework doesn't have the entitlement com.apple.developer.web-browser-engine.host enabled, returning ["arm64e"]
2025-02-08 08:10:34 +0000  Archs to thin for item /Users/admin/Library/Developer/Xcode/Archives/2025-02-08/MaxPay 08-02-25, 1.23 PM.xcarchive/Products/Applications/MaxPay.app/Frameworks/DatePicker.framework are ["arm64e"]
2025-02-08 08:10:34 +0000  Running /Applications/Xcode.app/Contents/Developer/Toolchains/XcodeDefault.xctoolchain/usr/bin/lipo '/var/folders/h5/hdg_yl1x69387cnq926mjz5w0000gn/T/XcodeDistPipeline.~~~t4Oh52/Root/Payload/MaxPay.app/Frameworks/DatePicker.framework/DatePicker' '-verify_arch' 'arm64e'
2025-02-08 08:10:34 +0000  /Applications/Xcode.app/Contents/Developer/Toolchains/XcodeDefault.xctoolchain/usr/bin/lipo exited with 1
2025-02-08 08:10:34 +0000  Skipping architecture thinning for item "DatePicker" because arch "arm64e" wasn't found
2025-02-08 08:10:34 +0000  Item /Users/admin/Library/Developer/Xcode/Archives/2025-02-08/MaxPay 08-02-25, 1.23 PM.xcarchive/Products/Applications/MaxPay.app/Frameworks/DropDown.framework doesn't have the entitlement com.apple.developer.web-browser-engine.host enabled, returning ["arm64e"]
2025-02-08 08:10:34 +0000  Archs to thin for item /Users/admin/Library/Developer/Xcode/Archives/2025-02-08/MaxPay 08-02-25, 1.23 PM.xcarchive/Products/Applications/MaxPay.app/Frameworks/DropDown.framework are ["arm64e"]
2025-02-08 08:10:34 +0000  Running /Applications/Xcode.app/Contents/Developer/Toolchains/XcodeDefault.xctoolchain/usr/bin/lipo '/var/folders/h5/hdg_yl1x69387cnq926mjz5w0000gn/T/XcodeDistPipeline.~~~t4Oh52/Root/Payload/MaxPay.app/Frameworks/DropDown.framework/DropDown' '-verify_arch' 'arm64e'
2025-02-08 08:10:34 +0000  /Applications/Xcode.app/Contents/Developer/Toolchains/XcodeDefault.xctoolchain/usr/bin/lipo exited with 1
2025-02-08 08:10:34 +0000  Skipping architecture thinning for item "DropDown" because arch "arm64e" wasn't found
2025-02-08 08:10:34 +0000  Item /Users/admin/Library/Developer/Xcode/Archives/2025-02-08/MaxPay 08-02-25, 1.23 PM.xcarchive/Products/Applications/MaxPay.app/Frameworks/Extended.framework doesn't have the entitlement com.apple.developer.web-browser-engine.host enabled, returning ["arm64e"]
2025-02-08 08:10:34 +0000  Archs to thin for item /Users/admin/Library/Developer/Xcode/Archives/2025-02-08/MaxPay 08-02-25, 1.23 PM.xcarchive/Products/Applications/MaxPay.app/Frameworks/Extended.framework are ["arm64e"]
2025-02-08 08:10:34 +0000  Running /Applications/Xcode.app/Contents/Developer/Toolchains/XcodeDefault.xctoolchain/usr/bin/lipo '/var/folders/h5/hdg_yl1x69387cnq926mjz5w0000gn/T/XcodeDistPipeline.~~~t4Oh52/Root/Payload/MaxPay.app/Frameworks/Extended.framework/Extended' '-verify_arch' 'arm64e'
2025-02-08 08:10:34 +0000  /Applications/Xcode.app/Contents/Developer/Toolchains/XcodeDefault.xctoolchain/usr/bin/lipo exited with 1
2025-02-08 08:10:34 +0000  Skipping architecture thinning for item "Extended" because arch "arm64e" wasn't found
2025-02-08 08:10:34 +0000  Item /Users/admin/Library/Developer/Xcode/Archives/2025-02-08/MaxPay 08-02-25, 1.23 PM.xcarchive/Products/Applications/MaxPay.app/Frameworks/FBLPromises.framework doesn't have the entitlement com.apple.developer.web-browser-engine.host enabled, returning ["arm64e"]
2025-02-08 08:10:34 +0000  Archs to thin for item /Users/admin/Library/Developer/Xcode/Archives/2025-02-08/MaxPay 08-02-25, 1.23 PM.xcarchive/Products/Applications/MaxPay.app/Frameworks/FBLPromises.framework are ["arm64e"]
2025-02-08 08:10:34 +0000  Running /Applications/Xcode.app/Contents/Developer/Toolchains/XcodeDefault.xctoolchain/usr/bin/lipo '/var/folders/h5/hdg_yl1x69387cnq926mjz5w0000gn/T/XcodeDistPipeline.~~~t4Oh52/Root/Payload/MaxPay.app/Frameworks/FBLPromises.framework/FBLPromises' '-verify_arch' 'arm64e'
2025-02-08 08:10:34 +0000  /Applications/Xcode.app/Contents/Developer/Toolchains/XcodeDefault.xctoolchain/usr/bin/lipo exited with 1
2025-02-08 08:10:34 +0000  Skipping architecture thinning for item "FBLPromises" because arch "arm64e" wasn't found
2025-02-08 08:10:34 +0000  Item /Users/admin/Library/Developer/Xcode/Archives/2025-02-08/MaxPay 08-02-25, 1.23 PM.xcarchive/Products/Applications/MaxPay.app/Frameworks/FSPopoverView.framework doesn't have the entitlement com.apple.developer.web-browser-engine.host enabled, returning ["arm64e"]
2025-02-08 08:10:34 +0000  Archs to thin for item /Users/admin/Library/Developer/Xcode/Archives/2025-02-08/MaxPay 08-02-25, 1.23 PM.xcarchive/Products/Applications/MaxPay.app/Frameworks/FSPopoverView.framework are ["arm64e"]
2025-02-08 08:10:34 +0000  Running /Applications/Xcode.app/Contents/Developer/Toolchains/XcodeDefault.xctoolchain/usr/bin/lipo '/var/folders/h5/hdg_yl1x69387cnq926mjz5w0000gn/T/XcodeDistPipeline.~~~t4Oh52/Root/Payload/MaxPay.app/Frameworks/FSPopoverView.framework/FSPopoverView' '-verify_arch' 'arm64e'
2025-02-08 08:10:34 +0000  /Applications/Xcode.app/Contents/Developer/Toolchains/XcodeDefault.xctoolchain/usr/bin/lipo exited with 1
2025-02-08 08:10:34 +0000  Skipping architecture thinning for item "FSPopoverView" because arch "arm64e" wasn't found
2025-02-08 08:10:34 +0000  Item /Users/admin/Library/Developer/Xcode/Archives/2025-02-08/MaxPay 08-02-25, 1.23 PM.xcarchive/Products/Applications/MaxPay.app/Frameworks/FirebaseCore.framework doesn't have the entitlement com.apple.developer.web-browser-engine.host enabled, returning ["arm64e"]
2025-02-08 08:10:34 +0000  Archs to thin for item /Users/admin/Library/Developer/Xcode/Archives/2025-02-08/MaxPay 08-02-25, 1.23 PM.xcarchive/Products/Applications/MaxPay.app/Frameworks/FirebaseCore.framework are ["arm64e"]
2025-02-08 08:10:34 +0000  Running /Applications/Xcode.app/Contents/Developer/Toolchains/XcodeDefault.xctoolchain/usr/bin/lipo '/var/folders/h5/hdg_yl1x69387cnq926mjz5w0000gn/T/XcodeDistPipeline.~~~t4Oh52/Root/Payload/MaxPay.app/Frameworks/FirebaseCore.framework/FirebaseCore' '-verify_arch' 'arm64e'
2025-02-08 08:10:34 +0000  /Applications/Xcode.app/Contents/Developer/Toolchains/XcodeDefault.xctoolchain/usr/bin/lipo exited with 1
2025-02-08 08:10:34 +0000  Skipping architecture thinning for item "FirebaseCore" because arch "arm64e" wasn't found
2025-02-08 08:10:34 +0000  Item /Users/admin/Library/Developer/Xcode/Archives/2025-02-08/MaxPay 08-02-25, 1.23 PM.xcarchive/Products/Applications/MaxPay.app/Frameworks/FirebaseCoreInternal.framework doesn't have the entitlement com.apple.developer.web-browser-engine.host enabled, returning ["arm64e"]
2025-02-08 08:10:34 +0000  Archs to thin for item /Users/admin/Library/Developer/Xcode/Archives/2025-02-08/MaxPay 08-02-25, 1.23 PM.xcarchive/Products/Applications/MaxPay.app/Frameworks/FirebaseCoreInternal.framework are ["arm64e"]
2025-02-08 08:10:34 +0000  Running /Applications/Xcode.app/Contents/Developer/Toolchains/XcodeDefault.xctoolchain/usr/bin/lipo '/var/folders/h5/hdg_yl1x69387cnq926mjz5w0000gn/T/XcodeDistPipeline.~~~t4Oh52/Root/Payload/MaxPay.app/Frameworks/FirebaseCoreInternal.framework/FirebaseCoreInternal' '-verify_arch' 'arm64e'
2025-02-08 08:10:35 +0000  /Applications/Xcode.app/Contents/Developer/Toolchains/XcodeDefault.xctoolchain/usr/bin/lipo exited with 1
2025-02-08 08:10:35 +0000  Skipping architecture thinning for item "FirebaseCoreInternal" because arch "arm64e" wasn't found
2025-02-08 08:10:35 +0000  Item /Users/admin/Library/Developer/Xcode/Archives/2025-02-08/MaxPay 08-02-25, 1.23 PM.xcarchive/Products/Applications/MaxPay.app/Frameworks/FirebaseInstallations.framework doesn't have the entitlement com.apple.developer.web-browser-engine.host enabled, returning ["arm64e"]
2025-02-08 08:10:35 +0000  Archs to thin for item /Users/admin/Library/Developer/Xcode/Archives/2025-02-08/MaxPay 08-02-25, 1.23 PM.xcarchive/Products/Applications/MaxPay.app/Frameworks/FirebaseInstallations.framework are ["arm64e"]
2025-02-08 08:10:35 +0000  Running /Applications/Xcode.app/Contents/Developer/Toolchains/XcodeDefault.xctoolchain/usr/bin/lipo '/var/folders/h5/hdg_yl1x69387cnq926mjz5w0000gn/T/XcodeDistPipeline.~~~t4Oh52/Root/Payload/MaxPay.app/Frameworks/FirebaseInstallations.framework/FirebaseInstallations' '-verify_arch' 'arm64e'
2025-02-08 08:10:35 +0000  /Applications/Xcode.app/Contents/Developer/Toolchains/XcodeDefault.xctoolchain/usr/bin/lipo exited with 1
2025-02-08 08:10:35 +0000  Skipping architecture thinning for item "FirebaseInstallations" because arch "arm64e" wasn't found
2025-02-08 08:10:35 +0000  Item /Users/admin/Library/Developer/Xcode/Archives/2025-02-08/MaxPay 08-02-25, 1.23 PM.xcarchive/Products/Applications/MaxPay.app/Frameworks/FirebaseMessaging.framework doesn't have the entitlement com.apple.developer.web-browser-engine.host enabled, returning ["arm64e"]
2025-02-08 08:10:35 +0000  Archs to thin for item /Users/admin/Library/Developer/Xcode/Archives/2025-02-08/MaxPay 08-02-25, 1.23 PM.xcarchive/Products/Applications/MaxPay.app/Frameworks/FirebaseMessaging.framework are ["arm64e"]
2025-02-08 08:10:35 +0000  Running /Applications/Xcode.app/Contents/Developer/Toolchains/XcodeDefault.xctoolchain/usr/bin/lipo '/var/folders/h5/hdg_yl1x69387cnq926mjz5w0000gn/T/XcodeDistPipeline.~~~t4Oh52/Root/Payload/MaxPay.app/Frameworks/FirebaseMessaging.framework/FirebaseMessaging' '-verify_arch' 'arm64e'
2025-02-08 08:10:35 +0000  /Applications/Xcode.app/Contents/Developer/Toolchains/XcodeDefault.xctoolchain/usr/bin/lipo exited with 1
2025-02-08 08:10:35 +0000  Skipping architecture thinning for item "FirebaseMessaging" because arch "arm64e" wasn't found
2025-02-08 08:10:35 +0000  Item /Users/admin/Library/Developer/Xcode/Archives/2025-02-08/MaxPay 08-02-25, 1.23 PM.xcarchive/Products/Applications/MaxPay.app/Frameworks/GoogleDataTransport.framework doesn't have the entitlement com.apple.developer.web-browser-engine.host enabled, returning ["arm64e"]
2025-02-08 08:10:35 +0000  Archs to thin for item /Users/admin/Library/Developer/Xcode/Archives/2025-02-08/MaxPay 08-02-25, 1.23 PM.xcarchive/Products/Applications/MaxPay.app/Frameworks/GoogleDataTransport.framework are ["arm64e"]
2025-02-08 08:10:35 +0000  Running /Applications/Xcode.app/Contents/Developer/Toolchains/XcodeDefault.xctoolchain/usr/bin/lipo '/var/folders/h5/hdg_yl1x69387cnq926mjz5w0000gn/T/XcodeDistPipeline.~~~t4Oh52/Root/Payload/MaxPay.app/Frameworks/GoogleDataTransport.framework/GoogleDataTransport' '-verify_arch' 'arm64e'
2025-02-08 08:10:35 +0000  /Applications/Xcode.app/Contents/Developer/Toolchains/XcodeDefault.xctoolchain/usr/bin/lipo exited with 1
2025-02-08 08:10:35 +0000  Skipping architecture thinning for item "GoogleDataTransport" because arch "arm64e" wasn't found
2025-02-08 08:10:35 +0000  Item /Users/admin/Library/Developer/Xcode/Archives/2025-02-08/MaxPay 08-02-25, 1.23 PM.xcarchive/Products/Applications/MaxPay.app/Frameworks/GoogleUtilities.framework doesn't have the entitlement com.apple.developer.web-browser-engine.host enabled, returning ["arm64e"]
2025-02-08 08:10:35 +0000  Archs to thin for item /Users/admin/Library/Developer/Xcode/Archives/2025-02-08/MaxPay 08-02-25, 1.23 PM.xcarchive/Products/Applications/MaxPay.app/Frameworks/GoogleUtilities.framework are ["arm64e"]
2025-02-08 08:10:35 +0000  Running /Applications/Xcode.app/Contents/Developer/Toolchains/XcodeDefault.xctoolchain/usr/bin/lipo '/var/folders/h5/hdg_yl1x69387cnq926mjz5w0000gn/T/XcodeDistPipeline.~~~t4Oh52/Root/Payload/MaxPay.app/Frameworks/GoogleUtilities.framework/GoogleUtilities' '-verify_arch' 'arm64e'
2025-02-08 08:10:35 +0000  /Applications/Xcode.app/Contents/Developer/Toolchains/XcodeDefault.xctoolchain/usr/bin/lipo exited with 1
2025-02-08 08:10:35 +0000  Skipping architecture thinning for item "GoogleUtilities" because arch "arm64e" wasn't found
2025-02-08 08:10:35 +0000  Item /Users/admin/Library/Developer/Xcode/Archives/2025-02-08/MaxPay 08-02-25, 1.23 PM.xcarchive/Products/Applications/MaxPay.app/Frameworks/IQKeyboardManager.framework doesn't have the entitlement com.apple.developer.web-browser-engine.host enabled, returning ["arm64e"]
2025-02-08 08:10:35 +0000  Archs to thin for item /Users/admin/Library/Developer/Xcode/Archives/2025-02-08/MaxPay 08-02-25, 1.23 PM.xcarchive/Products/Applications/MaxPay.app/Frameworks/IQKeyboardManager.framework are ["arm64e"]
2025-02-08 08:10:35 +0000  Running /Applications/Xcode.app/Contents/Developer/Toolchains/XcodeDefault.xctoolchain/usr/bin/lipo '/var/folders/h5/hdg_yl1x69387cnq926mjz5w0000gn/T/XcodeDistPipeline.~~~t4Oh52/Root/Payload/MaxPay.app/Frameworks/IQKeyboardManager.framework/IQKeyboardManager' '-verify_arch' 'arm64e'
2025-02-08 08:10:35 +0000  /Applications/Xcode.app/Contents/Developer/Toolchains/XcodeDefault.xctoolchain/usr/bin/lipo exited with 1
2025-02-08 08:10:35 +0000  Skipping architecture thinning for item "IQKeyboardManager" because arch "arm64e" wasn't found
2025-02-08 08:10:35 +0000  Item /Users/admin/Library/Developer/Xcode/Archives/2025-02-08/MaxPay 08-02-25, 1.23 PM.xcarchive/Products/Applications/MaxPay.app/Frameworks/KeychainAccess.framework doesn't have the entitlement com.apple.developer.web-browser-engine.host enabled, returning ["arm64e"]
2025-02-08 08:10:35 +0000  Archs to thin for item /Users/admin/Library/Developer/Xcode/Archives/2025-02-08/MaxPay 08-02-25, 1.23 PM.xcarchive/Products/Applications/MaxPay.app/Frameworks/KeychainAccess.framework are ["arm64e"]
2025-02-08 08:10:35 +0000  Running /Applications/Xcode.app/Contents/Developer/Toolchains/XcodeDefault.xctoolchain/usr/bin/lipo '/var/folders/h5/hdg_yl1x69387cnq926mjz5w0000gn/T/XcodeDistPipeline.~~~t4Oh52/Root/Payload/MaxPay.app/Frameworks/KeychainAccess.framework/KeychainAccess' '-verify_arch' 'arm64e'
2025-02-08 08:10:35 +0000  /Applications/Xcode.app/Contents/Developer/Toolchains/XcodeDefault.xctoolchain/usr/bin/lipo exited with 1
2025-02-08 08:10:35 +0000  Skipping architecture thinning for item "KeychainAccess" because arch "arm64e" wasn't found
2025-02-08 08:10:35 +0000  Item /Users/admin/Library/Developer/Xcode/Archives/2025-02-08/MaxPay 08-02-25, 1.23 PM.xcarchive/Products/Applications/MaxPay.app/Frameworks/Kingfisher.framework doesn't have the entitlement com.apple.developer.web-browser-engine.host enabled, returning ["arm64e"]
2025-02-08 08:10:35 +0000  Archs to thin for item /Users/admin/Library/Developer/Xcode/Archives/2025-02-08/MaxPay 08-02-25, 1.23 PM.xcarchive/Products/Applications/MaxPay.app/Frameworks/Kingfisher.framework are ["arm64e"]
2025-02-08 08:10:35 +0000  Running /Applications/Xcode.app/Contents/Developer/Toolchains/XcodeDefault.xctoolchain/usr/bin/lipo '/var/folders/h5/hdg_yl1x69387cnq926mjz5w0000gn/T/XcodeDistPipeline.~~~t4Oh52/Root/Payload/MaxPay.app/Frameworks/Kingfisher.framework/Kingfisher' '-verify_arch' 'arm64e'
2025-02-08 08:10:35 +0000  /Applications/Xcode.app/Contents/Developer/Toolchains/XcodeDefault.xctoolchain/usr/bin/lipo exited with 1
2025-02-08 08:10:35 +0000  Skipping architecture thinning for item "Kingfisher" because arch "arm64e" wasn't found
2025-02-08 08:10:35 +0000  Item /Users/admin/Library/Developer/Xcode/Archives/2025-02-08/MaxPay 08-02-25, 1.23 PM.xcarchive/Products/Applications/MaxPay.app/Frameworks/Lottie.framework doesn't have the entitlement com.apple.developer.web-browser-engine.host enabled, returning ["arm64e"]
2025-02-08 08:10:35 +0000  Archs to thin for item /Users/admin/Library/Developer/Xcode/Archives/2025-02-08/MaxPay 08-02-25, 1.23 PM.xcarchive/Products/Applications/MaxPay.app/Frameworks/Lottie.framework are ["arm64e"]
2025-02-08 08:10:35 +0000  Running /Applications/Xcode.app/Contents/Developer/Toolchains/XcodeDefault.xctoolchain/usr/bin/lipo '/var/folders/h5/hdg_yl1x69387cnq926mjz5w0000gn/T/XcodeDistPipeline.~~~t4Oh52/Root/Payload/MaxPay.app/Frameworks/Lottie.framework/Lottie' '-verify_arch' 'arm64e'
2025-02-08 08:10:35 +0000  /Applications/Xcode.app/Contents/Developer/Toolchains/XcodeDefault.xctoolchain/usr/bin/lipo exited with 1
2025-02-08 08:10:35 +0000  Skipping architecture thinning for item "Lottie" because arch "arm64e" wasn't found
2025-02-08 08:10:35 +0000  Item /Users/admin/Library/Developer/Xcode/Archives/2025-02-08/MaxPay 08-02-25, 1.23 PM.xcarchive/Products/Applications/MaxPay.app/Frameworks/ObjectMapper.framework doesn't have the entitlement com.apple.developer.web-browser-engine.host enabled, returning ["arm64e"]
2025-02-08 08:10:35 +0000  Archs to thin for item /Users/admin/Library/Developer/Xcode/Archives/2025-02-08/MaxPay 08-02-25, 1.23 PM.xcarchive/Products/Applications/MaxPay.app/Frameworks/ObjectMapper.framework are ["arm64e"]
2025-02-08 08:10:35 +0000  Running /Applications/Xcode.app/Contents/Developer/Toolchains/XcodeDefault.xctoolchain/usr/bin/lipo '/var/folders/h5/hdg_yl1x69387cnq926mjz5w0000gn/T/XcodeDistPipeline.~~~t4Oh52/Root/Payload/MaxPay.app/Frameworks/ObjectMapper.framework/ObjectMapper' '-verify_arch' 'arm64e'
2025-02-08 08:10:35 +0000  /Applications/Xcode.app/Contents/Developer/Toolchains/XcodeDefault.xctoolchain/usr/bin/lipo exited with 1
2025-02-08 08:10:36 +0000  Skipping architecture thinning for item "ObjectMapper" because arch "arm64e" wasn't found
2025-02-08 08:10:36 +0000  Item /Users/admin/Library/Developer/Xcode/Archives/2025-02-08/MaxPay 08-02-25, 1.23 PM.xcarchive/Products/Applications/MaxPay.app/Frameworks/OlivePayLibrary.framework doesn't have the entitlement com.apple.developer.web-browser-engine.host enabled, returning ["arm64e"]
2025-02-08 08:10:36 +0000  Archs to thin for item /Users/admin/Library/Developer/Xcode/Archives/2025-02-08/MaxPay 08-02-25, 1.23 PM.xcarchive/Products/Applications/MaxPay.app/Frameworks/OlivePayLibrary.framework are ["arm64e"]
2025-02-08 08:10:36 +0000  Running /Applications/Xcode.app/Contents/Developer/Toolchains/XcodeDefault.xctoolchain/usr/bin/lipo '/var/folders/h5/hdg_yl1x69387cnq926mjz5w0000gn/T/XcodeDistPipeline.~~~t4Oh52/Root/Payload/MaxPay.app/Frameworks/OlivePayLibrary.framework/OlivePayLibrary' '-verify_arch' 'arm64e'
2025-02-08 08:10:36 +0000  /Applications/Xcode.app/Contents/Developer/Toolchains/XcodeDefault.xctoolchain/usr/bin/lipo exited with 1
2025-02-08 08:10:36 +0000  Skipping architecture thinning for item "OlivePayLibrary" because arch "arm64e" wasn't found
2025-02-08 08:10:36 +0000  Item /Users/admin/Library/Developer/Xcode/Archives/2025-02-08/MaxPay 08-02-25, 1.23 PM.xcarchive/Products/Applications/MaxPay.app/Frameworks/OpalImagePicker.framework doesn't have the entitlement com.apple.developer.web-browser-engine.host enabled, returning ["arm64e"]
2025-02-08 08:10:36 +0000  Archs to thin for item /Users/admin/Library/Developer/Xcode/Archives/2025-02-08/MaxPay 08-02-25, 1.23 PM.xcarchive/Products/Applications/MaxPay.app/Frameworks/OpalImagePicker.framework are ["arm64e"]
2025-02-08 08:10:36 +0000  Running /Applications/Xcode.app/Contents/Developer/Toolchains/XcodeDefault.xctoolchain/usr/bin/lipo '/var/folders/h5/hdg_yl1x69387cnq926mjz5w0000gn/T/XcodeDistPipeline.~~~t4Oh52/Root/Payload/MaxPay.app/Frameworks/OpalImagePicker.framework/OpalImagePicker' '-verify_arch' 'arm64e'
2025-02-08 08:10:36 +0000  /Applications/Xcode.app/Contents/Developer/Toolchains/XcodeDefault.xctoolchain/usr/bin/lipo exited with 1
2025-02-08 08:10:36 +0000  Skipping architecture thinning for item "OpalImagePicker" because arch "arm64e" wasn't found
2025-02-08 08:10:36 +0000  Item /Users/admin/Library/Developer/Xcode/Archives/2025-02-08/MaxPay 08-02-25, 1.23 PM.xcarchive/Products/Applications/MaxPay.app/Frameworks/PieCharts.framework doesn't have the entitlement com.apple.developer.web-browser-engine.host enabled, returning ["arm64e"]
2025-02-08 08:10:36 +0000  Archs to thin for item /Users/admin/Library/Developer/Xcode/Archives/2025-02-08/MaxPay 08-02-25, 1.23 PM.xcarchive/Products/Applications/MaxPay.app/Frameworks/PieCharts.framework are ["arm64e"]
2025-02-08 08:10:36 +0000  Running /Applications/Xcode.app/Contents/Developer/Toolchains/XcodeDefault.xctoolchain/usr/bin/lipo '/var/folders/h5/hdg_yl1x69387cnq926mjz5w0000gn/T/XcodeDistPipeline.~~~t4Oh52/Root/Payload/MaxPay.app/Frameworks/PieCharts.framework/PieCharts' '-verify_arch' 'arm64e'
2025-02-08 08:10:36 +0000  /Applications/Xcode.app/Contents/Developer/Toolchains/XcodeDefault.xctoolchain/usr/bin/lipo exited with 1
2025-02-08 08:10:36 +0000  Skipping architecture thinning for item "PieCharts" because arch "arm64e" wasn't found
2025-02-08 08:10:36 +0000  Item /Users/admin/Library/Developer/Xcode/Archives/2025-02-08/MaxPay 08-02-25, 1.23 PM.xcarchive/Products/Applications/MaxPay.app/Frameworks/ProgressHUD.framework doesn't have the entitlement com.apple.developer.web-browser-engine.host enabled, returning ["arm64e"]
2025-02-08 08:10:36 +0000  Archs to thin for item /Users/admin/Library/Developer/Xcode/Archives/2025-02-08/MaxPay 08-02-25, 1.23 PM.xcarchive/Products/Applications/MaxPay.app/Frameworks/ProgressHUD.framework are ["arm64e"]
2025-02-08 08:10:36 +0000  Running /Applications/Xcode.app/Contents/Developer/Toolchains/XcodeDefault.xctoolchain/usr/bin/lipo '/var/folders/h5/hdg_yl1x69387cnq926mjz5w0000gn/T/XcodeDistPipeline.~~~t4Oh52/Root/Payload/MaxPay.app/Frameworks/ProgressHUD.framework/ProgressHUD' '-verify_arch' 'arm64e'
2025-02-08 08:10:36 +0000  /Applications/Xcode.app/Contents/Developer/Toolchains/XcodeDefault.xctoolchain/usr/bin/lipo exited with 1
2025-02-08 08:10:36 +0000  Skipping architecture thinning for item "ProgressHUD" because arch "arm64e" wasn't found
2025-02-08 08:10:36 +0000  Item /Users/admin/Library/Developer/Xcode/Archives/2025-02-08/MaxPay 08-02-25, 1.23 PM.xcarchive/Products/Applications/MaxPay.app/Frameworks/SDWebImage.framework doesn't have the entitlement com.apple.developer.web-browser-engine.host enabled, returning ["arm64e"]
2025-02-08 08:10:36 +0000  Archs to thin for item /Users/admin/Library/Developer/Xcode/Archives/2025-02-08/MaxPay 08-02-25, 1.23 PM.xcarchive/Products/Applications/MaxPay.app/Frameworks/SDWebImage.framework are ["arm64e"]
2025-02-08 08:10:36 +0000  Running /Applications/Xcode.app/Contents/Developer/Toolchains/XcodeDefault.xctoolchain/usr/bin/lipo '/var/folders/h5/hdg_yl1x69387cnq926mjz5w0000gn/T/XcodeDistPipeline.~~~t4Oh52/Root/Payload/MaxPay.app/Frameworks/SDWebImage.framework/SDWebImage' '-verify_arch' 'arm64e'
2025-02-08 08:10:36 +0000  /Applications/Xcode.app/Contents/Developer/Toolchains/XcodeDefault.xctoolchain/usr/bin/lipo exited with 1
2025-02-08 08:10:36 +0000  Skipping architecture thinning for item "SDWebImage" because arch "arm64e" wasn't found
2025-02-08 08:10:36 +0000  Item /Users/admin/Library/Developer/Xcode/Archives/2025-02-08/MaxPay 08-02-25, 1.23 PM.xcarchive/Products/Applications/MaxPay.app/Frameworks/SSSwiftUILoader.framework doesn't have the entitlement com.apple.developer.web-browser-engine.host enabled, returning ["arm64e"]
2025-02-08 08:10:36 +0000  Archs to thin for item /Users/admin/Library/Developer/Xcode/Archives/2025-02-08/MaxPay 08-02-25, 1.23 PM.xcarchive/Products/Applications/MaxPay.app/Frameworks/SSSwiftUILoader.framework are ["arm64e"]
2025-02-08 08:10:36 +0000  Running /Applications/Xcode.app/Contents/Developer/Toolchains/XcodeDefault.xctoolchain/usr/bin/lipo '/var/folders/h5/hdg_yl1x69387cnq926mjz5w0000gn/T/XcodeDistPipeline.~~~t4Oh52/Root/Payload/MaxPay.app/Frameworks/SSSwiftUILoader.framework/SSSwiftUILoader' '-verify_arch' 'arm64e'
2025-02-08 08:10:36 +0000  /Applications/Xcode.app/Contents/Developer/Toolchains/XcodeDefault.xctoolchain/usr/bin/lipo exited with 1
2025-02-08 08:10:36 +0000  Skipping architecture thinning for item "SSSwiftUILoader" because arch "arm64e" wasn't found
2025-02-08 08:10:36 +0000  Item /Users/admin/Library/Developer/Xcode/Archives/2025-02-08/MaxPay 08-02-25, 1.23 PM.xcarchive/Products/Applications/MaxPay.app/Frameworks/Smartech.framework doesn't have the entitlement com.apple.developer.web-browser-engine.host enabled, returning ["arm64e"]
2025-02-08 08:10:36 +0000  Archs to thin for item /Users/admin/Library/Developer/Xcode/Archives/2025-02-08/MaxPay 08-02-25, 1.23 PM.xcarchive/Products/Applications/MaxPay.app/Frameworks/Smartech.framework are ["arm64e"]
2025-02-08 08:10:36 +0000  Running /Applications/Xcode.app/Contents/Developer/Toolchains/XcodeDefault.xctoolchain/usr/bin/lipo '/var/folders/h5/hdg_yl1x69387cnq926mjz5w0000gn/T/XcodeDistPipeline.~~~t4Oh52/Root/Payload/MaxPay.app/Frameworks/Smartech.framework/Smartech' '-verify_arch' 'arm64e'
2025-02-08 08:10:36 +0000  /Applications/Xcode.app/Contents/Developer/Toolchains/XcodeDefault.xctoolchain/usr/bin/lipo exited with 1
2025-02-08 08:10:36 +0000  Skipping architecture thinning for item "Smartech" because arch "arm64e" wasn't found
2025-02-08 08:10:36 +0000  Item /Users/admin/Library/Developer/Xcode/Archives/2025-02-08/MaxPay 08-02-25, 1.23 PM.xcarchive/Products/Applications/MaxPay.app/Frameworks/SwiftLoader.framework doesn't have the entitlement com.apple.developer.web-browser-engine.host enabled, returning ["arm64e"]
2025-02-08 08:10:36 +0000  Archs to thin for item /Users/admin/Library/Developer/Xcode/Archives/2025-02-08/MaxPay 08-02-25, 1.23 PM.xcarchive/Products/Applications/MaxPay.app/Frameworks/SwiftLoader.framework are ["arm64e"]
2025-02-08 08:10:36 +0000  Running /Applications/Xcode.app/Contents/Developer/Toolchains/XcodeDefault.xctoolchain/usr/bin/lipo '/var/folders/h5/hdg_yl1x69387cnq926mjz5w0000gn/T/XcodeDistPipeline.~~~t4Oh52/Root/Payload/MaxPay.app/Frameworks/SwiftLoader.framework/SwiftLoader' '-verify_arch' 'arm64e'
2025-02-08 08:10:36 +0000  /Applications/Xcode.app/Contents/Developer/Toolchains/XcodeDefault.xctoolchain/usr/bin/lipo exited with 1
2025-02-08 08:10:36 +0000  Skipping architecture thinning for item "SwiftLoader" because arch "arm64e" wasn't found
2025-02-08 08:10:36 +0000  Item /Users/admin/Library/Developer/Xcode/Archives/2025-02-08/MaxPay 08-02-25, 1.23 PM.xcarchive/Products/Applications/MaxPay.app/Frameworks/SwiftyJSON.framework doesn't have the entitlement com.apple.developer.web-browser-engine.host enabled, returning ["arm64e"]
2025-02-08 08:10:36 +0000  Archs to thin for item /Users/admin/Library/Developer/Xcode/Archives/2025-02-08/MaxPay 08-02-25, 1.23 PM.xcarchive/Products/Applications/MaxPay.app/Frameworks/SwiftyJSON.framework are ["arm64e"]
2025-02-08 08:10:36 +0000  Running /Applications/Xcode.app/Contents/Developer/Toolchains/XcodeDefault.xctoolchain/usr/bin/lipo '/var/folders/h5/hdg_yl1x69387cnq926mjz5w0000gn/T/XcodeDistPipeline.~~~t4Oh52/Root/Payload/MaxPay.app/Frameworks/SwiftyJSON.framework/SwiftyJSON' '-verify_arch' 'arm64e'
2025-02-08 08:10:36 +0000  /Applications/Xcode.app/Contents/Developer/Toolchains/XcodeDefault.xctoolchain/usr/bin/lipo exited with 1
2025-02-08 08:10:36 +0000  Skipping architecture thinning for item "SwiftyJSON" because arch "arm64e" wasn't found
2025-02-08 08:10:37 +0000  Item /Users/admin/Library/Developer/Xcode/Archives/2025-02-08/MaxPay 08-02-25, 1.23 PM.xcarchive/Products/Applications/MaxPay.app/Frameworks/Toast_Swift.framework doesn't have the entitlement com.apple.developer.web-browser-engine.host enabled, returning ["arm64e"]
2025-02-08 08:10:37 +0000  Archs to thin for item /Users/admin/Library/Developer/Xcode/Archives/2025-02-08/MaxPay 08-02-25, 1.23 PM.xcarchive/Products/Applications/MaxPay.app/Frameworks/Toast_Swift.framework are ["arm64e"]
2025-02-08 08:10:37 +0000  Running /Applications/Xcode.app/Contents/Developer/Toolchains/XcodeDefault.xctoolchain/usr/bin/lipo '/var/folders/h5/hdg_yl1x69387cnq926mjz5w0000gn/T/XcodeDistPipeline.~~~t4Oh52/Root/Payload/MaxPay.app/Frameworks/Toast_Swift.framework/Toast_Swift' '-verify_arch' 'arm64e'
2025-02-08 08:10:37 +0000  /Applications/Xcode.app/Contents/Developer/Toolchains/XcodeDefault.xctoolchain/usr/bin/lipo exited with 1
2025-02-08 08:10:37 +0000  Skipping architecture thinning for item "Toast_Swift" because arch "arm64e" wasn't found
2025-02-08 08:10:37 +0000  Item /Users/admin/Library/Developer/Xcode/Archives/2025-02-08/MaxPay 08-02-25, 1.23 PM.xcarchive/Products/Applications/MaxPay.app/Frameworks/nanopb.framework doesn't have the entitlement com.apple.developer.web-browser-engine.host enabled, returning ["arm64e"]
2025-02-08 08:10:37 +0000  Archs to thin for item /Users/admin/Library/Developer/Xcode/Archives/2025-02-08/MaxPay 08-02-25, 1.23 PM.xcarchive/Products/Applications/MaxPay.app/Frameworks/nanopb.framework are ["arm64e"]
2025-02-08 08:10:37 +0000  Running /Applications/Xcode.app/Contents/Developer/Toolchains/XcodeDefault.xctoolchain/usr/bin/lipo '/var/folders/h5/hdg_yl1x69387cnq926mjz5w0000gn/T/XcodeDistPipeline.~~~t4Oh52/Root/Payload/MaxPay.app/Frameworks/nanopb.framework/nanopb' '-verify_arch' 'arm64e'
2025-02-08 08:10:37 +0000  /Applications/Xcode.app/Contents/Developer/Toolchains/XcodeDefault.xctoolchain/usr/bin/lipo exited with 1
2025-02-08 08:10:37 +0000  Skipping architecture thinning for item "nanopb" because arch "arm64e" wasn't found
2025-02-08 08:10:37 +0000  Item /Users/admin/Library/Developer/Xcode/Archives/2025-02-08/MaxPay 08-02-25, 1.23 PM.xcarchive/Products/Applications/MaxPay.app doesn't have the entitlement com.apple.developer.web-browser-engine.host enabled, returning ["arm64e"]
2025-02-08 08:10:37 +0000  Archs to thin for item /Users/admin/Library/Developer/Xcode/Archives/2025-02-08/MaxPay 08-02-25, 1.23 PM.xcarchive/Products/Applications/MaxPay.app are ["arm64e"]
2025-02-08 08:10:37 +0000  Running /Applications/Xcode.app/Contents/Developer/Toolchains/XcodeDefault.xctoolchain/usr/bin/lipo '/var/folders/h5/hdg_yl1x69387cnq926mjz5w0000gn/T/XcodeDistPipeline.~~~t4Oh52/Root/Payload/MaxPay.app/MaxPay' '-verify_arch' 'arm64e'
2025-02-08 08:10:37 +0000  /Applications/Xcode.app/Contents/Developer/Toolchains/XcodeDefault.xctoolchain/usr/bin/lipo exited with 1
2025-02-08 08:10:37 +0000  Skipping architecture thinning for item "MaxPay" because arch "arm64e" wasn't found
2025-02-08 08:10:37 +0000  Processing step: IDEDistributionODRStep
2025-02-08 08:10:37 +0000  Processing step: IDEDistributionStripXattrsStep
2025-02-08 08:10:37 +0000  Skipping stripping extended attributes because the codesign step will strip them.
2025-02-08 08:10:37 +0000  Skipping stripping extended attributes because the codesign step will strip them.
2025-02-08 08:10:37 +0000  Skipping stripping extended attributes because the codesign step will strip them.
2025-02-08 08:10:37 +0000  Skipping stripping extended attributes because the codesign step will strip them.
2025-02-08 08:10:37 +0000  Skipping stripping extended attributes because the codesign step will strip them.
2025-02-08 08:10:37 +0000  Skipping stripping extended attributes because the codesign step will strip them.
2025-02-08 08:10:37 +0000  Skipping stripping extended attributes because the codesign step will strip them.
2025-02-08 08:10:37 +0000  Skipping stripping extended attributes because the codesign step will strip them.
2025-02-08 08:10:37 +0000  Skipping stripping extended attributes because the codesign step will strip them.
2025-02-08 08:10:37 +0000  Skipping stripping extended attributes because the codesign step will strip them.
2025-02-08 08:10:37 +0000  Skipping stripping extended attributes because the codesign step will strip them.
2025-02-08 08:10:37 +0000  Skipping stripping extended attributes because the codesign step will strip them.
2025-02-08 08:10:37 +0000  Skipping stripping extended attributes because the codesign step will strip them.
2025-02-08 08:10:37 +0000  Skipping stripping extended attributes because the codesign step will strip them.
2025-02-08 08:10:37 +0000  Skipping stripping extended attributes because the codesign step will strip them.
2025-02-08 08:10:37 +0000  Skipping stripping extended attributes because the codesign step will strip them.
2025-02-08 08:10:37 +0000  Skipping stripping extended attributes because the codesign step will strip them.
2025-02-08 08:10:37 +0000  Skipping stripping extended attributes because the codesign step will strip them.
2025-02-08 08:10:37 +0000  Skipping stripping extended attributes because the codesign step will strip them.
2025-02-08 08:10:37 +0000  Skipping stripping extended attributes because the codesign step will strip them.
2025-02-08 08:10:37 +0000  Skipping stripping extended attributes because the codesign step will strip them.
2025-02-08 08:10:37 +0000  Skipping stripping extended attributes because the codesign step will strip them.
2025-02-08 08:10:37 +0000  Skipping stripping extended attributes because the codesign step will strip them.
2025-02-08 08:10:37 +0000  Skipping stripping extended attributes because the codesign step will strip them.
2025-02-08 08:10:37 +0000  Skipping stripping extended attributes because the codesign step will strip them.
2025-02-08 08:10:37 +0000  Skipping stripping extended attributes because the codesign step will strip them.
2025-02-08 08:10:37 +0000  Skipping stripping extended attributes because the codesign step will strip them.
2025-02-08 08:10:37 +0000  Skipping stripping extended attributes because the codesign step will strip them.
2025-02-08 08:10:37 +0000  Skipping stripping extended attributes because the codesign step will strip them.
2025-02-08 08:10:37 +0000  Processing step: IDEDistributionCodesignStep
2025-02-08 08:10:37 +0000  Entitlements for <IDEDistributionItem: 0x6000190ecb40; bundleID='com.NPCI.-CommonLibrary.CommonLibrary', path='<DVTFilePath:0x60004de74ee0:'/Users/admin/Library/Developer/Xcode/Archives/2025-02-08/MaxPay 08-02-25, 1.23 PM.xcarchive/Products/Applications/MaxPay.app/Frameworks/CommonLibrary.framework'>', codeSigningInfo='<_DVTCodeSigningInformation_Path: 0x6000156e29e0; isSigned='1', isAdHocSigned='0', signingCertificate='<DVTSigningCertificate: 0x600048f2c240; name='Apple Development: Madhuresh Singh (4X7KN4PKV7)', hash='0A38B107EB4B7257E87995C367727BD063EEB167', serialNumber='42499EFA75E21BB023BEBEAE75B77BAE', certificateKinds='(
    "1.2.840.113635.100.6.1.12",
    "1.2.840.113635.100.6.1.2"
), issueDate='2024-10-03 10:47:47 +0000''>', entitlements='(null)', teamID='G4WLA9639A', identifier='com.NPCI.-CommonLibrary.CommonLibrary', executablePath='<DVTFilePath:0x600019095920:'/Users/admin/Library/Developer/Xcode/Archives/2025-02-08/MaxPay 08-02-25, 1.23 PM.xcarchive/Products/Applications/MaxPay.app/Frameworks/CommonLibrary.framework/CommonLibrary'>', hardenedRuntime='0'>'>: {
}
2025-02-08 08:10:37 +0000  Associated App Clip Identifiers Filter: Skipping because "com.apple.developer.associated-appclip-app-identifiers" is not present
2025-02-08 08:10:37 +0000  Entitlements for <IDEDistributionItem: 0x6000190ecb40; bundleID='com.NPCI.-CommonLibrary.CommonLibrary', path='<DVTFilePath:0x60004de74ee0:'/Users/admin/Library/Developer/Xcode/Archives/2025-02-08/MaxPay 08-02-25, 1.23 PM.xcarchive/Products/Applications/MaxPay.app/Frameworks/CommonLibrary.framework'>', codeSigningInfo='<_DVTCodeSigningInformation_Path: 0x6000156e29e0; isSigned='1', isAdHocSigned='0', signingCertificate='<DVTSigningCertificate: 0x600048f0dd40; name='Apple Development: Madhuresh Singh (4X7KN4PKV7)', hash='0A38B107EB4B7257E87995C367727BD063EEB167', serialNumber='42499EFA75E21BB023BEBEAE75B77BAE', certificateKinds='(
    "1.2.840.113635.100.6.1.12",
    "1.2.840.113635.100.6.1.2"
), issueDate='2024-10-03 10:47:47 +0000''>', entitlements='(null)', teamID='G4WLA9639A', identifier='com.NPCI.-CommonLibrary.CommonLibrary', executablePath='<DVTFilePath:0x600019095920:'/Users/admin/Library/Developer/Xcode/Archives/2025-02-08/MaxPay 08-02-25, 1.23 PM.xcarchive/Products/Applications/MaxPay.app/Frameworks/CommonLibrary.framework/CommonLibrary'>', hardenedRuntime='0'>'> are: {
}
2025-02-08 08:10:37 +0000  Writing entitlements for <IDEDistributionItem: 0x6000190ecb40; bundleID='com.NPCI.-CommonLibrary.CommonLibrary', path='<DVTFilePath:0x60004de74ee0:'/Users/admin/Library/Developer/Xcode/Archives/2025-02-08/MaxPay 08-02-25, 1.23 PM.xcarchive/Products/Applications/MaxPay.app/Frameworks/CommonLibrary.framework'>', codeSigningInfo='<_DVTCodeSigningInformation_Path: 0x6000156e29e0; isSigned='1', isAdHocSigned='0', signingCertificate='<DVTSigningCertificate: 0x600048f0c480; name='Apple Development: Madhuresh Singh (4X7KN4PKV7)', hash='0A38B107EB4B7257E87995C367727BD063EEB167', serialNumber='42499EFA75E21BB023BEBEAE75B77BAE', certificateKinds='(
    "1.2.840.113635.100.6.1.12",
    "1.2.840.113635.100.6.1.2"
), issueDate='2024-10-03 10:47:47 +0000''>', entitlements='(null)', teamID='G4WLA9639A', identifier='com.NPCI.-CommonLibrary.CommonLibrary', executablePath='<DVTFilePath:0x600019095920:'/Users/admin/Library/Developer/Xcode/Archives/2025-02-08/MaxPay 08-02-25, 1.23 PM.xcarchive/Products/Applications/MaxPay.app/Frameworks/CommonLibrary.framework/CommonLibrary'>', hardenedRuntime='0'>'> to: /var/folders/h5/hdg_yl1x69387cnq926mjz5w0000gn/T/XcodeDistPipeline.~~~t4Oh52/entitlements~~~R4YuDf
2025-02-08 08:10:37 +0000  invoking codesign: <NSConcreteTask: 0x60001137f4d0; launchPath='/usr/bin/codesign', arguments='(
    "-f",
    "-s",
    0A38B107EB4B7257E87995C367727BD063EEB167,
    "--entitlements",
    "/var/folders/h5/hdg_yl1x69387cnq926mjz5w0000gn/T/XcodeDistPipeline.~~~t4Oh52/entitlements~~~R4YuDf",
    "--preserve-metadata=identifier,flags,runtime",
    "--generate-entitlement-der",
    "--strip-disallowed-xattrs",
    "-vvv",
    "/var/folders/h5/hdg_yl1x69387cnq926mjz5w0000gn/T/XcodeDistPipeline.~~~t4Oh52/Root/Payload/MaxPay.app/Frameworks/CommonLibrary.framework"
)'>
2025-02-08 08:10:37 +0000  codesign output: /var/folders/h5/hdg_yl1x69387cnq926mjz5w0000gn/T/XcodeDistPipeline.~~~t4Oh52/Root/Payload/MaxPay.app/Frameworks/CommonLibrary.framework: replacing existing signature
/var/folders/h5/hdg_yl1x69387cnq926mjz5w0000gn/T/XcodeDistPipeline.~~~t4Oh52/Root/Payload/MaxPay.app/Frameworks/CommonLibrary.framework: signed bundle with Mach-O thin (arm64) [com.NPCI.-CommonLibrary.CommonLibrary]
2025-02-08 08:10:37 +0000  Entitlements for <IDEDistributionItem: 0x600041f526a0; bundleID='org.cocoapods.DatePicker', path='<DVTFilePath:0x60004de75340:'/Users/admin/Library/Developer/Xcode/Archives/2025-02-08/MaxPay 08-02-25, 1.23 PM.xcarchive/Products/Applications/MaxPay.app/Frameworks/DatePicker.framework'>', codeSigningInfo='<_DVTCodeSigningInformation_Path: 0x6000156e1630; isSigned='1', isAdHocSigned='0', signingCertificate='<DVTSigningCertificate: 0x600048f09500; name='Apple Development: Madhuresh Singh (4X7KN4PKV7)', hash='0A38B107EB4B7257E87995C367727BD063EEB167', serialNumber='42499EFA75E21BB023BEBEAE75B77BAE', certificateKinds='(
    "1.2.840.113635.100.6.1.12",
    "1.2.840.113635.100.6.1.2"
), issueDate='2024-10-03 10:47:47 +0000''>', entitlements='(null)', teamID='G4WLA9639A', identifier='org.cocoapods.DatePicker', executablePath='<DVTFilePath:0x600019095c80:'/Users/admin/Library/Developer/Xcode/Archives/2025-02-08/MaxPay 08-02-25, 1.23 PM.xcarchive/Products/Applications/MaxPay.app/Frameworks/DatePicker.framework/DatePicker'>', hardenedRuntime='0'>'>: {
}
2025-02-08 08:10:37 +0000  Associated App Clip Identifiers Filter: Skipping because "com.apple.developer.associated-appclip-app-identifiers" is not present
2025-02-08 08:10:37 +0000  Entitlements for <IDEDistributionItem: 0x600041f526a0; bundleID='org.cocoapods.DatePicker', path='<DVTFilePath:0x60004de75340:'/Users/admin/Library/Developer/Xcode/Archives/2025-02-08/MaxPay 08-02-25, 1.23 PM.xcarchive/Products/Applications/MaxPay.app/Frameworks/DatePicker.framework'>', codeSigningInfo='<_DVTCodeSigningInformation_Path: 0x6000156e1630; isSigned='1', isAdHocSigned='0', signingCertificate='<DVTSigningCertificate: 0x600048f2c240; name='Apple Development: Madhuresh Singh (4X7KN4PKV7)', hash='0A38B107EB4B7257E87995C367727BD063EEB167', serialNumber='42499EFA75E21BB023BEBEAE75B77BAE', certificateKinds='(
    "1.2.840.113635.100.6.1.12",
    "1.2.840.113635.100.6.1.2"
), issueDate='2024-10-03 10:47:47 +0000''>', entitlements='(null)', teamID='G4WLA9639A', identifier='org.cocoapods.DatePicker', executablePath='<DVTFilePath:0x600019095c80:'/Users/admin/Library/Developer/Xcode/Archives/2025-02-08/MaxPay 08-02-25, 1.23 PM.xcarchive/Products/Applications/MaxPay.app/Frameworks/DatePicker.framework/DatePicker'>', hardenedRuntime='0'>'> are: {
}
2025-02-08 08:10:37 +0000  Writing entitlements for <IDEDistributionItem: 0x600041f526a0; bundleID='org.cocoapods.DatePicker', path='<DVTFilePath:0x60004de75340:'/Users/admin/Library/Developer/Xcode/Archives/2025-02-08/MaxPay 08-02-25, 1.23 PM.xcarchive/Products/Applications/MaxPay.app/Frameworks/DatePicker.framework'>', codeSigningInfo='<_DVTCodeSigningInformation_Path: 0x6000156e1630; isSigned='1', isAdHocSigned='0', signingCertificate='<DVTSigningCertificate: 0x600048f2c180; name='Apple Development: Madhuresh Singh (4X7KN4PKV7)', hash='0A38B107EB4B7257E87995C367727BD063EEB167', serialNumber='42499EFA75E21BB023BEBEAE75B77BAE', certificateKinds='(
    "1.2.840.113635.100.6.1.12",
    "1.2.840.113635.100.6.1.2"
), issueDate='2024-10-03 10:47:47 +0000''>', entitlements='(null)', teamID='G4WLA9639A', identifier='org.cocoapods.DatePicker', executablePath='<DVTFilePath:0x600019095c80:'/Users/admin/Library/Developer/Xcode/Archives/2025-02-08/MaxPay 08-02-25, 1.23 PM.xcarchive/Products/Applications/MaxPay.app/Frameworks/DatePicker.framework/DatePicker'>', hardenedRuntime='0'>'> to: /var/folders/h5/hdg_yl1x69387cnq926mjz5w0000gn/T/XcodeDistPipeline.~~~t4Oh52/entitlements~~~cXHpMS
2025-02-08 08:10:37 +0000  invoking codesign: <NSConcreteTask: 0x6000154145f0; launchPath='/usr/bin/codesign', arguments='(
    "-f",
    "-s",
    0A38B107EB4B7257E87995C367727BD063EEB167,
    "--entitlements",
    "/var/folders/h5/hdg_yl1x69387cnq926mjz5w0000gn/T/XcodeDistPipeline.~~~t4Oh52/entitlements~~~cXHpMS",
    "--preserve-metadata=identifier,flags,runtime",
    "--generate-entitlement-der",
    "--strip-disallowed-xattrs",
    "-vvv",
    "/var/folders/h5/hdg_yl1x69387cnq926mjz5w0000gn/T/XcodeDistPipeline.~~~t4Oh52/Root/Payload/MaxPay.app/Frameworks/DatePicker.framework"
)'>
2025-02-08 08:10:37 +0000  codesign output: /var/folders/h5/hdg_yl1x69387cnq926mjz5w0000gn/T/XcodeDistPipeline.~~~t4Oh52/Root/Payload/MaxPay.app/Frameworks/DatePicker.framework: replacing existing signature
/var/folders/h5/hdg_yl1x69387cnq926mjz5w0000gn/T/XcodeDistPipeline.~~~t4Oh52/Root/Payload/MaxPay.app/Frameworks/DatePicker.framework: signed bundle with Mach-O thin (arm64) [org.cocoapods.DatePicker]
2025-02-08 08:10:37 +0000  Entitlements for <IDEDistributionItem: 0x600019f4cd20; bundleID='org.cocoapods.DropDown', path='<DVTFilePath:0x60004de767d0:'/Users/admin/Library/Developer/Xcode/Archives/2025-02-08/MaxPay 08-02-25, 1.23 PM.xcarchive/Products/Applications/MaxPay.app/Frameworks/DropDown.framework'>', codeSigningInfo='<_DVTCodeSigningInformation_Path: 0x6000156d5ef0; isSigned='1', isAdHocSigned='0', signingCertificate='<DVTSigningCertificate: 0x600048f0dd40; name='Apple Development: Madhuresh Singh (4X7KN4PKV7)', hash='0A38B107EB4B7257E87995C367727BD063EEB167', serialNumber='42499EFA75E21BB023BEBEAE75B77BAE', certificateKinds='(
    "1.2.840.113635.100.6.1.12",
    "1.2.840.113635.100.6.1.2"
), issueDate='2024-10-03 10:47:47 +0000''>', entitlements='(null)', teamID='G4WLA9639A', identifier='org.cocoapods.DropDown', executablePath='<DVTFilePath:0x6000190bb480:'/Users/admin/Library/Developer/Xcode/Archives/2025-02-08/MaxPay 08-02-25, 1.23 PM.xcarchive/Products/Applications/MaxPay.app/Frameworks/DropDown.framework/DropDown'>', hardenedRuntime='0'>'>: {
}
2025-02-08 08:10:37 +0000  Associated App Clip Identifiers Filter: Skipping because "com.apple.developer.associated-appclip-app-identifiers" is not present
2025-02-08 08:10:37 +0000  Entitlements for <IDEDistributionItem: 0x600019f4cd20; bundleID='org.cocoapods.DropDown', path='<DVTFilePath:0x60004de767d0:'/Users/admin/Library/Developer/Xcode/Archives/2025-02-08/MaxPay 08-02-25, 1.23 PM.xcarchive/Products/Applications/MaxPay.app/Frameworks/DropDown.framework'>', codeSigningInfo='<_DVTCodeSigningInformation_Path: 0x6000156d5ef0; isSigned='1', isAdHocSigned='0', signingCertificate='<DVTSigningCertificate: 0x600048067600; name='Apple Development: Madhuresh Singh (4X7KN4PKV7)', hash='0A38B107EB4B7257E87995C367727BD063EEB167', serialNumber='42499EFA75E21BB023BEBEAE75B77BAE', certificateKinds='(
    "1.2.840.113635.100.6.1.12",
    "1.2.840.113635.100.6.1.2"
), issueDate='2024-10-03 10:47:47 +0000''>', entitlements='(null)', teamID='G4WLA9639A', identifier='org.cocoapods.DropDown', executablePath='<DVTFilePath:0x6000190bb480:'/Users/admin/Library/Developer/Xcode/Archives/2025-02-08/MaxPay 08-02-25, 1.23 PM.xcarchive/Products/Applications/MaxPay.app/Frameworks/DropDown.framework/DropDown'>', hardenedRuntime='0'>'> are: {
}
2025-02-08 08:10:37 +0000  Writing entitlements for <IDEDistributionItem: 0x600019f4cd20; bundleID='org.cocoapods.DropDown', path='<DVTFilePath:0x60004de767d0:'/Users/admin/Library/Developer/Xcode/Archives/2025-02-08/MaxPay 08-02-25, 1.23 PM.xcarchive/Products/Applications/MaxPay.app/Frameworks/DropDown.framework'>', codeSigningInfo='<_DVTCodeSigningInformation_Path: 0x6000156d5ef0; isSigned='1', isAdHocSigned='0', signingCertificate='<DVTSigningCertificate: 0x600048f0c480; name='Apple Development: Madhuresh Singh (4X7KN4PKV7)', hash='0A38B107EB4B7257E87995C367727BD063EEB167', serialNumber='42499EFA75E21BB023BEBEAE75B77BAE', certificateKinds='(
    "1.2.840.113635.100.6.1.12",
    "1.2.840.113635.100.6.1.2"
), issueDate='2024-10-03 10:47:47 +0000''>', entitlements='(null)', teamID='G4WLA9639A', identifier='org.cocoapods.DropDown', executablePath='<DVTFilePath:0x6000190bb480:'/Users/admin/Library/Developer/Xcode/Archives/2025-02-08/MaxPay 08-02-25, 1.23 PM.xcarchive/Products/Applications/MaxPay.app/Frameworks/DropDown.framework/DropDown'>', hardenedRuntime='0'>'> to: /var/folders/h5/hdg_yl1x69387cnq926mjz5w0000gn/T/XcodeDistPipeline.~~~t4Oh52/entitlements~~~jXRxZi
2025-02-08 08:10:37 +0000  invoking codesign: <NSConcreteTask: 0x6000155373e0; launchPath='/usr/bin/codesign', arguments='(
    "-f",
    "-s",
    0A38B107EB4B7257E87995C367727BD063EEB167,
    "--entitlements",
    "/var/folders/h5/hdg_yl1x69387cnq926mjz5w0000gn/T/XcodeDistPipeline.~~~t4Oh52/entitlements~~~jXRxZi",
    "--preserve-metadata=identifier,flags,runtime",
    "--generate-entitlement-der",
    "--strip-disallowed-xattrs",
    "-vvv",
    "/var/folders/h5/hdg_yl1x69387cnq926mjz5w0000gn/T/XcodeDistPipeline.~~~t4Oh52/Root/Payload/MaxPay.app/Frameworks/DropDown.framework"
)'>
2025-02-08 08:10:38 +0000  codesign output: /var/folders/h5/hdg_yl1x69387cnq926mjz5w0000gn/T/XcodeDistPipeline.~~~t4Oh52/Root/Payload/MaxPay.app/Frameworks/DropDown.framework: replacing existing signature
/var/folders/h5/hdg_yl1x69387cnq926mjz5w0000gn/T/XcodeDistPipeline.~~~t4Oh52/Root/Payload/MaxPay.app/Frameworks/DropDown.framework: signed bundle with Mach-O thin (arm64) [org.cocoapods.DropDown]
2025-02-08 08:10:38 +0000  Entitlements for <IDEDistributionItem: 0x6000190ee820; bundleID='org.cocoapods.Extended', path='<DVTFilePath:0x60004de76a70:'/Users/admin/Library/Developer/Xcode/Archives/2025-02-08/MaxPay 08-02-25, 1.23 PM.xcarchive/Products/Applications/MaxPay.app/Frameworks/Extended.framework'>', codeSigningInfo='<_DVTCodeSigningInformation_Path: 0x6000156d4eb0; isSigned='1', isAdHocSigned='0', signingCertificate='<DVTSigningCertificate: 0x600048f0dd40; name='Apple Development: Madhuresh Singh (4X7KN4PKV7)', hash='0A38B107EB4B7257E87995C367727BD063EEB167', serialNumber='42499EFA75E21BB023BEBEAE75B77BAE', certificateKinds='(
    "1.2.840.113635.100.6.1.12",
    "1.2.840.113635.100.6.1.2"
), issueDate='2024-10-03 10:47:47 +0000''>', entitlements='(null)', teamID='G4WLA9639A', identifier='org.cocoapods.Extended', executablePath='<DVTFilePath:0x6000190b93e0:'/Users/admin/Library/Developer/Xcode/Archives/2025-02-08/MaxPay 08-02-25, 1.23 PM.xcarchive/Products/Applications/MaxPay.app/Frameworks/Extended.framework/Extended'>', hardenedRuntime='0'>'>: {
}
2025-02-08 08:10:38 +0000  Associated App Clip Identifiers Filter: Skipping because "com.apple.developer.associated-appclip-app-identifiers" is not present
2025-02-08 08:10:38 +0000  Entitlements for <IDEDistributionItem: 0x6000190ee820; bundleID='org.cocoapods.Extended', path='<DVTFilePath:0x60004de76a70:'/Users/admin/Library/Developer/Xcode/Archives/2025-02-08/MaxPay 08-02-25, 1.23 PM.xcarchive/Products/Applications/MaxPay.app/Frameworks/Extended.framework'>', codeSigningInfo='<_DVTCodeSigningInformation_Path: 0x6000156d4eb0; isSigned='1', isAdHocSigned='0', signingCertificate='<DVTSigningCertificate: 0x600048f2c180; name='Apple Development: Madhuresh Singh (4X7KN4PKV7)', hash='0A38B107EB4B7257E87995C367727BD063EEB167', serialNumber='42499EFA75E21BB023BEBEAE75B77BAE', certificateKinds='(
    "1.2.840.113635.100.6.1.12",
    "1.2.840.113635.100.6.1.2"
), issueDate='2024-10-03 10:47:47 +0000''>', entitlements='(null)', teamID='G4WLA9639A', identifier='org.cocoapods.Extended', executablePath='<DVTFilePath:0x6000190b93e0:'/Users/admin/Library/Developer/Xcode/Archives/2025-02-08/MaxPay 08-02-25, 1.23 PM.xcarchive/Products/Applications/MaxPay.app/Frameworks/Extended.framework/Extended'>', hardenedRuntime='0'>'> are: {
}
2025-02-08 08:10:38 +0000  Writing entitlements for <IDEDistributionItem: 0x6000190ee820; bundleID='org.cocoapods.Extended', path='<DVTFilePath:0x60004de76a70:'/Users/admin/Library/Developer/Xcode/Archives/2025-02-08/MaxPay 08-02-25, 1.23 PM.xcarchive/Products/Applications/MaxPay.app/Frameworks/Extended.framework'>', codeSigningInfo='<_DVTCodeSigningInformation_Path: 0x6000156d4eb0; isSigned='1', isAdHocSigned='0', signingCertificate='<DVTSigningCertificate: 0x600048f2c240; name='Apple Development: Madhuresh Singh (4X7KN4PKV7)', hash='0A38B107EB4B7257E87995C367727BD063EEB167', serialNumber='42499EFA75E21BB023BEBEAE75B77BAE', certificateKinds='(
    "1.2.840.113635.100.6.1.12",
    "1.2.840.113635.100.6.1.2"
), issueDate='2024-10-03 10:47:47 +0000''>', entitlements='(null)', teamID='G4WLA9639A', identifier='org.cocoapods.Extended', executablePath='<DVTFilePath:0x6000190b93e0:'/Users/admin/Library/Developer/Xcode/Archives/2025-02-08/MaxPay 08-02-25, 1.23 PM.xcarchive/Products/Applications/MaxPay.app/Frameworks/Extended.framework/Extended'>', hardenedRuntime='0'>'> to: /var/folders/h5/hdg_yl1x69387cnq926mjz5w0000gn/T/XcodeDistPipeline.~~~t4Oh52/entitlements~~~6rOnFx
2025-02-08 08:10:38 +0000  invoking codesign: <NSConcreteTask: 0x600015414e10; launchPath='/usr/bin/codesign', arguments='(
    "-f",
    "-s",
    0A38B107EB4B7257E87995C367727BD063EEB167,
    "--entitlements",
    "/var/folders/h5/hdg_yl1x69387cnq926mjz5w0000gn/T/XcodeDistPipeline.~~~t4Oh52/entitlements~~~6rOnFx",
    "--preserve-metadata=identifier,flags,runtime",
    "--generate-entitlement-der",
    "--strip-disallowed-xattrs",
    "-vvv",
    "/var/folders/h5/hdg_yl1x69387cnq926mjz5w0000gn/T/XcodeDistPipeline.~~~t4Oh52/Root/Payload/MaxPay.app/Frameworks/Extended.framework"
)'>
2025-02-08 08:10:38 +0000  codesign output: /var/folders/h5/hdg_yl1x69387cnq926mjz5w0000gn/T/XcodeDistPipeline.~~~t4Oh52/Root/Payload/MaxPay.app/Frameworks/Extended.framework: replacing existing signature
/var/folders/h5/hdg_yl1x69387cnq926mjz5w0000gn/T/XcodeDistPipeline.~~~t4Oh52/Root/Payload/MaxPay.app/Frameworks/Extended.framework: signed bundle with Mach-O thin (arm64) [org.cocoapods.Extended]
2025-02-08 08:10:38 +0000  Entitlements for <IDEDistributionItem: 0x6000190fb0c0; bundleID='org.cocoapods.FBLPromises', path='<DVTFilePath:0x60004de76c30:'/Users/admin/Library/Developer/Xcode/Archives/2025-02-08/MaxPay 08-02-25, 1.23 PM.xcarchive/Products/Applications/MaxPay.app/Frameworks/FBLPromises.framework'>', codeSigningInfo='<_DVTCodeSigningInformation_Path: 0x60001567f700; isSigned='1', isAdHocSigned='0', signingCertificate='<DVTSigningCertificate: 0x600048f0c6c0; name='Apple Development: Madhuresh Singh (4X7KN4PKV7)', hash='0A38B107EB4B7257E87995C367727BD063EEB167', serialNumber='42499EFA75E21BB023BEBEAE75B77BAE', certificateKinds='(
    "1.2.840.113635.100.6.1.12",
    "1.2.840.113635.100.6.1.2"
), issueDate='2024-10-03 10:47:47 +0000''>', entitlements='(null)', teamID='G4WLA9639A', identifier='org.cocoapods.FBLPromises', executablePath='<DVTFilePath:0x6000190b9920:'/Users/admin/Library/Developer/Xcode/Archives/2025-02-08/MaxPay 08-02-25, 1.23 PM.xcarchive/Products/Applications/MaxPay.app/Frameworks/FBLPromises.framework/FBLPromises'>', hardenedRuntime='0'>'>: {
}
2025-02-08 08:10:38 +0000  Associated App Clip Identifiers Filter: Skipping because "com.apple.developer.associated-appclip-app-identifiers" is not present
2025-02-08 08:10:38 +0000  Entitlements for <IDEDistributionItem: 0x6000190fb0c0; bundleID='org.cocoapods.FBLPromises', path='<DVTFilePath:0x60004de76c30:'/Users/admin/Library/Developer/Xcode/Archives/2025-02-08/MaxPay 08-02-25, 1.23 PM.xcarchive/Products/Applications/MaxPay.app/Frameworks/FBLPromises.framework'>', codeSigningInfo='<_DVTCodeSigningInformation_Path: 0x60001567f700; isSigned='1', isAdHocSigned='0', signingCertificate='<DVTSigningCertificate: 0x600048f2c180; name='Apple Development: Madhuresh Singh (4X7KN4PKV7)', hash='0A38B107EB4B7257E87995C367727BD063EEB167', serialNumber='42499EFA75E21BB023BEBEAE75B77BAE', certificateKinds='(
    "1.2.840.113635.100.6.1.12",
    "1.2.840.113635.100.6.1.2"
), issueDate='2024-10-03 10:47:47 +0000''>', entitlements='(null)', teamID='G4WLA9639A', identifier='org.cocoapods.FBLPromises', executablePath='<DVTFilePath:0x6000190b9920:'/Users/admin/Library/Developer/Xcode/Archives/2025-02-08/MaxPay 08-02-25, 1.23 PM.xcarchive/Products/Applications/MaxPay.app/Frameworks/FBLPromises.framework/FBLPromises'>', hardenedRuntime='0'>'> are: {
}
2025-02-08 08:10:38 +0000  Writing entitlements for <IDEDistributionItem: 0x6000190fb0c0; bundleID='org.cocoapods.FBLPromises', path='<DVTFilePath:0x60004de76c30:'/Users/admin/Library/Developer/Xcode/Archives/2025-02-08/MaxPay 08-02-25, 1.23 PM.xcarchive/Products/Applications/MaxPay.app/Frameworks/FBLPromises.framework'>', codeSigningInfo='<_DVTCodeSigningInformation_Path: 0x60001567f700; isSigned='1', isAdHocSigned='0', signingCertificate='<DVTSigningCertificate: 0x600048f2c240; name='Apple Development: Madhuresh Singh (4X7KN4PKV7)', hash='0A38B107EB4B7257E87995C367727BD063EEB167', serialNumber='42499EFA75E21BB023BEBEAE75B77BAE', certificateKinds='(
    "1.2.840.113635.100.6.1.12",
    "1.2.840.113635.100.6.1.2"
), issueDate='2024-10-03 10:47:47 +0000''>', entitlements='(null)', teamID='G4WLA9639A', identifier='org.cocoapods.FBLPromises', executablePath='<DVTFilePath:0x6000190b9920:'/Users/admin/Library/Developer/Xcode/Archives/2025-02-08/MaxPay 08-02-25, 1.23 PM.xcarchive/Products/Applications/MaxPay.app/Frameworks/FBLPromises.framework/FBLPromises'>', hardenedRuntime='0'>'> to: /var/folders/h5/hdg_yl1x69387cnq926mjz5w0000gn/T/XcodeDistPipeline.~~~t4Oh52/entitlements~~~oa2sBq
2025-02-08 08:10:38 +0000  invoking codesign: <NSConcreteTask: 0x600015415040; launchPath='/usr/bin/codesign', arguments='(
    "-f",
    "-s",
    0A38B107EB4B7257E87995C367727BD063EEB167,
    "--entitlements",
    "/var/folders/h5/hdg_yl1x69387cnq926mjz5w0000gn/T/XcodeDistPipeline.~~~t4Oh52/entitlements~~~oa2sBq",
    "--preserve-metadata=identifier,flags,runtime",
    "--generate-entitlement-der",
    "--strip-disallowed-xattrs",
    "-vvv",
    "/var/folders/h5/hdg_yl1x69387cnq926mjz5w0000gn/T/XcodeDistPipeline.~~~t4Oh52/Root/Payload/MaxPay.app/Frameworks/FBLPromises.framework"
)'>
2025-02-08 08:10:38 +0000  codesign output: /var/folders/h5/hdg_yl1x69387cnq926mjz5w0000gn/T/XcodeDistPipeline.~~~t4Oh52/Root/Payload/MaxPay.app/Frameworks/FBLPromises.framework: replacing existing signature
/var/folders/h5/hdg_yl1x69387cnq926mjz5w0000gn/T/XcodeDistPipeline.~~~t4Oh52/Root/Payload/MaxPay.app/Frameworks/FBLPromises.framework: signed bundle with Mach-O thin (arm64) [org.cocoapods.FBLPromises]
2025-02-08 08:10:38 +0000  Entitlements for <IDEDistributionItem: 0x6000190fefa0; bundleID='org.cocoapods.FSPopoverView', path='<DVTFilePath:0x60004de77db0:'/Users/admin/Library/Developer/Xcode/Archives/2025-02-08/MaxPay 08-02-25, 1.23 PM.xcarchive/Products/Applications/MaxPay.app/Frameworks/FSPopoverView.framework'>', codeSigningInfo='<_DVTCodeSigningInformation_Path: 0x6000156e14a0; isSigned='1', isAdHocSigned='0', signingCertificate='<DVTSigningCertificate: 0x600048f0c6c0; name='Apple Development: Madhuresh Singh (4X7KN4PKV7)', hash='0A38B107EB4B7257E87995C367727BD063EEB167', serialNumber='42499EFA75E21BB023BEBEAE75B77BAE', certificateKinds='(
    "1.2.840.113635.100.6.1.12",
    "1.2.840.113635.100.6.1.2"
), issueDate='2024-10-03 10:47:47 +0000''>', entitlements='(null)', teamID='G4WLA9639A', identifier='org.cocoapods.FSPopoverView', executablePath='<DVTFilePath:0x6000190c0240:'/Users/admin/Library/Developer/Xcode/Archives/2025-02-08/MaxPay 08-02-25, 1.23 PM.xcarchive/Products/Applications/MaxPay.app/Frameworks/FSPopoverView.framework/FSPopoverView'>', hardenedRuntime='0'>'>: {
}
2025-02-08 08:10:38 +0000  Associated App Clip Identifiers Filter: Skipping because "com.apple.developer.associated-appclip-app-identifiers" is not present
2025-02-08 08:10:38 +0000  Entitlements for <IDEDistributionItem: 0x6000190fefa0; bundleID='org.cocoapods.FSPopoverView', path='<DVTFilePath:0x60004de77db0:'/Users/admin/Library/Developer/Xcode/Archives/2025-02-08/MaxPay 08-02-25, 1.23 PM.xcarchive/Products/Applications/MaxPay.app/Frameworks/FSPopoverView.framework'>', codeSigningInfo='<_DVTCodeSigningInformation_Path: 0x6000156e14a0; isSigned='1', isAdHocSigned='0', signingCertificate='<DVTSigningCertificate: 0x600048f14fc0; name='Apple Development: Madhuresh Singh (4X7KN4PKV7)', hash='0A38B107EB4B7257E87995C367727BD063EEB167', serialNumber='42499EFA75E21BB023BEBEAE75B77BAE', certificateKinds='(
    "1.2.840.113635.100.6.1.12",
    "1.2.840.113635.100.6.1.2"
), issueDate='2024-10-03 10:47:47 +0000''>', entitlements='(null)', teamID='G4WLA9639A', identifier='org.cocoapods.FSPopoverView', executablePath='<DVTFilePath:0x6000190c0240:'/Users/admin/Library/Developer/Xcode/Archives/2025-02-08/MaxPay 08-02-25, 1.23 PM.xcarchive/Products/Applications/MaxPay.app/Frameworks/FSPopoverView.framework/FSPopoverView'>', hardenedRuntime='0'>'> are: {
}
2025-02-08 08:10:38 +0000  Writing entitlements for <IDEDistributionItem: 0x6000190fefa0; bundleID='org.cocoapods.FSPopoverView', path='<DVTFilePath:0x60004de77db0:'/Users/admin/Library/Developer/Xcode/Archives/2025-02-08/MaxPay 08-02-25, 1.23 PM.xcarchive/Products/Applications/MaxPay.app/Frameworks/FSPopoverView.framework'>', codeSigningInfo='<_DVTCodeSigningInformation_Path: 0x6000156e14a0; isSigned='1', isAdHocSigned='0', signingCertificate='<DVTSigningCertificate: 0x600048f2c180; name='Apple Development: Madhuresh Singh (4X7KN4PKV7)', hash='0A38B107EB4B7257E87995C367727BD063EEB167', serialNumber='42499EFA75E21BB023BEBEAE75B77BAE', certificateKinds='(
    "1.2.840.113635.100.6.1.12",
    "1.2.840.113635.100.6.1.2"
), issueDate='2024-10-03 10:47:47 +0000''>', entitlements='(null)', teamID='G4WLA9639A', identifier='org.cocoapods.FSPopoverView', executablePath='<DVTFilePath:0x6000190c0240:'/Users/admin/Library/Developer/Xcode/Archives/2025-02-08/MaxPay 08-02-25, 1.23 PM.xcarchive/Products/Applications/MaxPay.app/Frameworks/FSPopoverView.framework/FSPopoverView'>', hardenedRuntime='0'>'> to: /var/folders/h5/hdg_yl1x69387cnq926mjz5w0000gn/T/XcodeDistPipeline.~~~t4Oh52/entitlements~~~lyGb5y
2025-02-08 08:10:38 +0000  invoking codesign: <NSConcreteTask: 0x600015414fa0; launchPath='/usr/bin/codesign', arguments='(
    "-f",
    "-s",
    0A38B107EB4B7257E87995C367727BD063EEB167,
    "--entitlements",
    "/var/folders/h5/hdg_yl1x69387cnq926mjz5w0000gn/T/XcodeDistPipeline.~~~t4Oh52/entitlements~~~lyGb5y",
    "--preserve-metadata=identifier,flags,runtime",
    "--generate-entitlement-der",
    "--strip-disallowed-xattrs",
    "-vvv",
    "/var/folders/h5/hdg_yl1x69387cnq926mjz5w0000gn/T/XcodeDistPipeline.~~~t4Oh52/Root/Payload/MaxPay.app/Frameworks/FSPopoverView.framework"
)'>
2025-02-08 08:10:39 +0000  codesign output: /var/folders/h5/hdg_yl1x69387cnq926mjz5w0000gn/T/XcodeDistPipeline.~~~t4Oh52/Root/Payload/MaxPay.app/Frameworks/FSPopoverView.framework: replacing existing signature
/var/folders/h5/hdg_yl1x69387cnq926mjz5w0000gn/T/XcodeDistPipeline.~~~t4Oh52/Root/Payload/MaxPay.app/Frameworks/FSPopoverView.framework: signed bundle with Mach-O thin (arm64) [org.cocoapods.FSPopoverView]
2025-02-08 08:10:39 +0000  Entitlements for <IDEDistributionItem: 0x6000190eca20; bundleID='org.cocoapods.FirebaseCore', path='<DVTFilePath:0x60004de76fb0:'/Users/admin/Library/Developer/Xcode/Archives/2025-02-08/MaxPay 08-02-25, 1.23 PM.xcarchive/Products/Applications/MaxPay.app/Frameworks/FirebaseCore.framework'>', codeSigningInfo='<_DVTCodeSigningInformation_Path: 0x6000156411d0; isSigned='1', isAdHocSigned='0', signingCertificate='<DVTSigningCertificate: 0x600048f2c180; name='Apple Development: Madhuresh Singh (4X7KN4PKV7)', hash='0A38B107EB4B7257E87995C367727BD063EEB167', serialNumber='42499EFA75E21BB023BEBEAE75B77BAE', certificateKinds='(
    "1.2.840.113635.100.6.1.12",
    "1.2.840.113635.100.6.1.2"
), issueDate='2024-10-03 10:47:47 +0000''>', entitlements='(null)', teamID='G4WLA9639A', identifier='org.cocoapods.FirebaseCore', executablePath='<DVTFilePath:0x6000190b8ea0:'/Users/admin/Library/Developer/Xcode/Archives/2025-02-08/MaxPay 08-02-25, 1.23 PM.xcarchive/Products/Applications/MaxPay.app/Frameworks/FirebaseCore.framework/FirebaseCore'>', hardenedRuntime='0'>'>: {
}
2025-02-08 08:10:39 +0000  Associated App Clip Identifiers Filter: Skipping because "com.apple.developer.associated-appclip-app-identifiers" is not present
2025-02-08 08:10:39 +0000  Entitlements for <IDEDistributionItem: 0x6000190eca20; bundleID='org.cocoapods.FirebaseCore', path='<DVTFilePath:0x60004de76fb0:'/Users/admin/Library/Developer/Xcode/Archives/2025-02-08/MaxPay 08-02-25, 1.23 PM.xcarchive/Products/Applications/MaxPay.app/Frameworks/FirebaseCore.framework'>', codeSigningInfo='<_DVTCodeSigningInformation_Path: 0x6000156411d0; isSigned='1', isAdHocSigned='0', signingCertificate='<DVTSigningCertificate: 0x600048f14fc0; name='Apple Development: Madhuresh Singh (4X7KN4PKV7)', hash='0A38B107EB4B7257E87995C367727BD063EEB167', serialNumber='42499EFA75E21BB023BEBEAE75B77BAE', certificateKinds='(
    "1.2.840.113635.100.6.1.12",
    "1.2.840.113635.100.6.1.2"
), issueDate='2024-10-03 10:47:47 +0000''>', entitlements='(null)', teamID='G4WLA9639A', identifier='org.cocoapods.FirebaseCore', executablePath='<DVTFilePath:0x6000190b8ea0:'/Users/admin/Library/Developer/Xcode/Archives/2025-02-08/MaxPay 08-02-25, 1.23 PM.xcarchive/Products/Applications/MaxPay.app/Frameworks/FirebaseCore.framework/FirebaseCore'>', hardenedRuntime='0'>'> are: {
}
2025-02-08 08:10:39 +0000  Writing entitlements for <IDEDistributionItem: 0x6000190eca20; bundleID='org.cocoapods.FirebaseCore', path='<DVTFilePath:0x60004de76fb0:'/Users/admin/Library/Developer/Xcode/Archives/2025-02-08/MaxPay 08-02-25, 1.23 PM.xcarchive/Products/Applications/MaxPay.app/Frameworks/FirebaseCore.framework'>', codeSigningInfo='<_DVTCodeSigningInformation_Path: 0x6000156411d0; isSigned='1', isAdHocSigned='0', signingCertificate='<DVTSigningCertificate: 0x600048f2c480; name='Apple Development: Madhuresh Singh (4X7KN4PKV7)', hash='0A38B107EB4B7257E87995C367727BD063EEB167', serialNumber='42499EFA75E21BB023BEBEAE75B77BAE', certificateKinds='(
    "1.2.840.113635.100.6.1.12",
    "1.2.840.113635.100.6.1.2"
), issueDate='2024-10-03 10:47:47 +0000''>', entitlements='(null)', teamID='G4WLA9639A', identifier='org.cocoapods.FirebaseCore', executablePath='<DVTFilePath:0x6000190b8ea0:'/Users/admin/Library/Developer/Xcode/Archives/2025-02-08/MaxPay 08-02-25, 1.23 PM.xcarchive/Products/Applications/MaxPay.app/Frameworks/FirebaseCore.framework/FirebaseCore'>', hardenedRuntime='0'>'> to: /var/folders/h5/hdg_yl1x69387cnq926mjz5w0000gn/T/XcodeDistPipeline.~~~t4Oh52/entitlements~~~ZaiWtr
2025-02-08 08:10:39 +0000  invoking codesign: <NSConcreteTask: 0x600015414140; launchPath='/usr/bin/codesign', arguments='(
    "-f",
    "-s",
    0A38B107EB4B7257E87995C367727BD063EEB167,
    "--entitlements",
    "/var/folders/h5/hdg_yl1x69387cnq926mjz5w0000gn/T/XcodeDistPipeline.~~~t4Oh52/entitlements~~~ZaiWtr",
    "--preserve-metadata=identifier,flags,runtime",
    "--generate-entitlement-der",
    "--strip-disallowed-xattrs",
    "-vvv",
    "/var/folders/h5/hdg_yl1x69387cnq926mjz5w0000gn/T/XcodeDistPipeline.~~~t4Oh52/Root/Payload/MaxPay.app/Frameworks/FirebaseCore.framework"
)'>
2025-02-08 08:10:39 +0000  codesign output: /var/folders/h5/hdg_yl1x69387cnq926mjz5w0000gn/T/XcodeDistPipeline.~~~t4Oh52/Root/Payload/MaxPay.app/Frameworks/FirebaseCore.framework: replacing existing signature
/var/folders/h5/hdg_yl1x69387cnq926mjz5w0000gn/T/XcodeDistPipeline.~~~t4Oh52/Root/Payload/MaxPay.app/Frameworks/FirebaseCore.framework: signed bundle with Mach-O thin (arm64) [org.cocoapods.FirebaseCore]
2025-02-08 08:10:39 +0000  Entitlements for <IDEDistributionItem: 0x6000190ed680; bundleID='org.cocoapods.FirebaseCoreInternal', path='<DVTFilePath:0x60004de77330:'/Users/admin/Library/Developer/Xcode/Archives/2025-02-08/MaxPay 08-02-25, 1.23 PM.xcarchive/Products/Applications/MaxPay.app/Frameworks/FirebaseCoreInternal.framework'>', codeSigningInfo='<_DVTCodeSigningInformation_Path: 0x6000156e3ca0; isSigned='1', isAdHocSigned='0', signingCertificate='<DVTSigningCertificate: 0x600048f0e040; name='Apple Development: Madhuresh Singh (4X7KN4PKV7)', hash='0A38B107EB4B7257E87995C367727BD063EEB167', serialNumber='42499EFA75E21BB023BEBEAE75B77BAE', certificateKinds='(
    "1.2.840.113635.100.6.1.12",
    "1.2.840.113635.100.6.1.2"
), issueDate='2024-10-03 10:47:47 +0000''>', entitlements='(null)', teamID='G4WLA9639A', identifier='org.cocoapods.FirebaseCoreInternal', executablePath='<DVTFilePath:0x60004de77410:'/Users/admin/Library/Developer/Xcode/Archives/2025-02-08/MaxPay 08-02-25, 1.23 PM.xcarchive/Products/Applications/MaxPay.app/Frameworks/FirebaseCoreInternal.framework/FirebaseCoreInternal'>', hardenedRuntime='0'>'>: {
}
2025-02-08 08:10:39 +0000  Associated App Clip Identifiers Filter: Skipping because "com.apple.developer.associated-appclip-app-identifiers" is not present
2025-02-08 08:10:39 +0000  Entitlements for <IDEDistributionItem: 0x6000190ed680; bundleID='org.cocoapods.FirebaseCoreInternal', path='<DVTFilePath:0x60004de77330:'/Users/admin/Library/Developer/Xcode/Archives/2025-02-08/MaxPay 08-02-25, 1.23 PM.xcarchive/Products/Applications/MaxPay.app/Frameworks/FirebaseCoreInternal.framework'>', codeSigningInfo='<_DVTCodeSigningInformation_Path: 0x6000156e3ca0; isSigned='1', isAdHocSigned='0', signingCertificate='<DVTSigningCertificate: 0x600048067600; name='Apple Development: Madhuresh Singh (4X7KN4PKV7)', hash='0A38B107EB4B7257E87995C367727BD063EEB167', serialNumber='42499EFA75E21BB023BEBEAE75B77BAE', certificateKinds='(
    "1.2.840.113635.100.6.1.12",
    "1.2.840.113635.100.6.1.2"
), issueDate='2024-10-03 10:47:47 +0000''>', entitlements='(null)', teamID='G4WLA9639A', identifier='org.cocoapods.FirebaseCoreInternal', executablePath='<DVTFilePath:0x60004de77410:'/Users/admin/Library/Developer/Xcode/Archives/2025-02-08/MaxPay 08-02-25, 1.23 PM.xcarchive/Products/Applications/MaxPay.app/Frameworks/FirebaseCoreInternal.framework/FirebaseCoreInternal'>', hardenedRuntime='0'>'> are: {
}
2025-02-08 08:10:39 +0000  Writing entitlements for <IDEDistributionItem: 0x6000190ed680; bundleID='org.cocoapods.FirebaseCoreInternal', path='<DVTFilePath:0x60004de77330:'/Users/admin/Library/Developer/Xcode/Archives/2025-02-08/MaxPay 08-02-25, 1.23 PM.xcarchive/Products/Applications/MaxPay.app/Frameworks/FirebaseCoreInternal.framework'>', codeSigningInfo='<_DVTCodeSigningInformation_Path: 0x6000156e3ca0; isSigned='1', isAdHocSigned='0', signingCertificate='<DVTSigningCertificate: 0x600048f0c6c0; name='Apple Development: Madhuresh Singh (4X7KN4PKV7)', hash='0A38B107EB4B7257E87995C367727BD063EEB167', serialNumber='42499EFA75E21BB023BEBEAE75B77BAE', certificateKinds='(
    "1.2.840.113635.100.6.1.12",
    "1.2.840.113635.100.6.1.2"
), issueDate='2024-10-03 10:47:47 +0000''>', entitlements='(null)', teamID='G4WLA9639A', identifier='org.cocoapods.FirebaseCoreInternal', executablePath='<DVTFilePath:0x60004de77410:'/Users/admin/Library/Developer/Xcode/Archives/2025-02-08/MaxPay 08-02-25, 1.23 PM.xcarchive/Products/Applications/MaxPay.app/Frameworks/FirebaseCoreInternal.framework/FirebaseCoreInternal'>', hardenedRuntime='0'>'> to: /var/folders/h5/hdg_yl1x69387cnq926mjz5w0000gn/T/XcodeDistPipeline.~~~t4Oh52/entitlements~~~YasbLK
2025-02-08 08:10:39 +0000  invoking codesign: <NSConcreteTask: 0x6000154168a0; launchPath='/usr/bin/codesign', arguments='(
    "-f",
    "-s",
    0A38B107EB4B7257E87995C367727BD063EEB167,
    "--entitlements",
    "/var/folders/h5/hdg_yl1x69387cnq926mjz5w0000gn/T/XcodeDistPipeline.~~~t4Oh52/entitlements~~~YasbLK",
    "--preserve-metadata=identifier,flags,runtime",
    "--generate-entitlement-der",
    "--strip-disallowed-xattrs",
    "-vvv",
    "/var/folders/h5/hdg_yl1x69387cnq926mjz5w0000gn/T/XcodeDistPipeline.~~~t4Oh52/Root/Payload/MaxPay.app/Frameworks/FirebaseCoreInternal.framework"
)'>
2025-02-08 08:10:39 +0000  codesign output: /var/folders/h5/hdg_yl1x69387cnq926mjz5w0000gn/T/XcodeDistPipeline.~~~t4Oh52/Root/Payload/MaxPay.app/Frameworks/FirebaseCoreInternal.framework: replacing existing signature
/var/folders/h5/hdg_yl1x69387cnq926mjz5w0000gn/T/XcodeDistPipeline.~~~t4Oh52/Root/Payload/MaxPay.app/Frameworks/FirebaseCoreInternal.framework: signed bundle with Mach-O thin (arm64) [org.cocoapods.FirebaseCoreInternal]
2025-02-08 08:10:39 +0000  Entitlements for <IDEDistributionItem: 0x6000190fe8e0; bundleID='org.cocoapods.FirebaseInstallations', path='<DVTFilePath:0x60004de776b0:'/Users/admin/Library/Developer/Xcode/Archives/2025-02-08/MaxPay 08-02-25, 1.23 PM.xcarchive/Products/Applications/MaxPay.app/Frameworks/FirebaseInstallations.framework'>', codeSigningInfo='<_DVTCodeSigningInformation_Path: 0x6000155a9ef0; isSigned='1', isAdHocSigned='0', signingCertificate='<DVTSigningCertificate: 0x600048f2c480; name='Apple Development: Madhuresh Singh (4X7KN4PKV7)', hash='0A38B107EB4B7257E87995C367727BD063EEB167', serialNumber='42499EFA75E21BB023BEBEAE75B77BAE', certificateKinds='(
    "1.2.840.113635.100.6.1.12",
    "1.2.840.113635.100.6.1.2"
), issueDate='2024-10-03 10:47:47 +0000''>', entitlements='(null)', teamID='G4WLA9639A', identifier='org.cocoapods.FirebaseInstallations', executablePath='<DVTFilePath:0x60004de77790:'/Users/admin/Library/Developer/Xcode/Archives/2025-02-08/MaxPay 08-02-25, 1.23 PM.xcarchive/Products/Applications/MaxPay.app/Frameworks/FirebaseInstallations.framework/FirebaseInstallations'>', hardenedRuntime='0'>'>: {
}
2025-02-08 08:10:39 +0000  Associated App Clip Identifiers Filter: Skipping because "com.apple.developer.associated-appclip-app-identifiers" is not present
2025-02-08 08:10:39 +0000  Entitlements for <IDEDistributionItem: 0x6000190fe8e0; bundleID='org.cocoapods.FirebaseInstallations', path='<DVTFilePath:0x60004de776b0:'/Users/admin/Library/Developer/Xcode/Archives/2025-02-08/MaxPay 08-02-25, 1.23 PM.xcarchive/Products/Applications/MaxPay.app/Frameworks/FirebaseInstallations.framework'>', codeSigningInfo='<_DVTCodeSigningInformation_Path: 0x6000155a9ef0; isSigned='1', isAdHocSigned='0', signingCertificate='<DVTSigningCertificate: 0x600048067600; name='Apple Development: Madhuresh Singh (4X7KN4PKV7)', hash='0A38B107EB4B7257E87995C367727BD063EEB167', serialNumber='42499EFA75E21BB023BEBEAE75B77BAE', certificateKinds='(
    "1.2.840.113635.100.6.1.12",
    "1.2.840.113635.100.6.1.2"
), issueDate='2024-10-03 10:47:47 +0000''>', entitlements='(null)', teamID='G4WLA9639A', identifier='org.cocoapods.FirebaseInstallations', executablePath='<DVTFilePath:0x60004de77790:'/Users/admin/Library/Developer/Xcode/Archives/2025-02-08/MaxPay 08-02-25, 1.23 PM.xcarchive/Products/Applications/MaxPay.app/Frameworks/FirebaseInstallations.framework/FirebaseInstallations'>', hardenedRuntime='0'>'> are: {
}
2025-02-08 08:10:39 +0000  Writing entitlements for <IDEDistributionItem: 0x6000190fe8e0; bundleID='org.cocoapods.FirebaseInstallations', path='<DVTFilePath:0x60004de776b0:'/Users/admin/Library/Developer/Xcode/Archives/2025-02-08/MaxPay 08-02-25, 1.23 PM.xcarchive/Products/Applications/MaxPay.app/Frameworks/FirebaseInstallations.framework'>', codeSigningInfo='<_DVTCodeSigningInformation_Path: 0x6000155a9ef0; isSigned='1', isAdHocSigned='0', signingCertificate='<DVTSigningCertificate: 0x600048f0e040; name='Apple Development: Madhuresh Singh (4X7KN4PKV7)', hash='0A38B107EB4B7257E87995C367727BD063EEB167', serialNumber='42499EFA75E21BB023BEBEAE75B77BAE', certificateKinds='(
    "1.2.840.113635.100.6.1.12",
    "1.2.840.113635.100.6.1.2"
), issueDate='2024-10-03 10:47:47 +0000''>', entitlements='(null)', teamID='G4WLA9639A', identifier='org.cocoapods.FirebaseInstallations', executablePath='<DVTFilePath:0x60004de77790:'/Users/admin/Library/Developer/Xcode/Archives/2025-02-08/MaxPay 08-02-25, 1.23 PM.xcarchive/Products/Applications/MaxPay.app/Frameworks/FirebaseInstallations.framework/FirebaseInstallations'>', hardenedRuntime='0'>'> to: /var/folders/h5/hdg_yl1x69387cnq926mjz5w0000gn/T/XcodeDistPipeline.~~~t4Oh52/entitlements~~~jDOnkJ
2025-02-08 08:10:40 +0000  invoking codesign: <NSConcreteTask: 0x60001137cd20; launchPath='/usr/bin/codesign', arguments='(
    "-f",
    "-s",
    0A38B107EB4B7257E87995C367727BD063EEB167,
    "--entitlements",
    "/var/folders/h5/hdg_yl1x69387cnq926mjz5w0000gn/T/XcodeDistPipeline.~~~t4Oh52/entitlements~~~jDOnkJ",
    "--preserve-metadata=identifier,flags,runtime",
    "--generate-entitlement-der",
    "--strip-disallowed-xattrs",
    "-vvv",
    "/var/folders/h5/hdg_yl1x69387cnq926mjz5w0000gn/T/XcodeDistPipeline.~~~t4Oh52/Root/Payload/MaxPay.app/Frameworks/FirebaseInstallations.framework"
)'>
2025-02-08 08:10:40 +0000  codesign output: /var/folders/h5/hdg_yl1x69387cnq926mjz5w0000gn/T/XcodeDistPipeline.~~~t4Oh52/Root/Payload/MaxPay.app/Frameworks/FirebaseInstallations.framework: replacing existing signature
/var/folders/h5/hdg_yl1x69387cnq926mjz5w0000gn/T/XcodeDistPipeline.~~~t4Oh52/Root/Payload/MaxPay.app/Frameworks/FirebaseInstallations.framework: signed bundle with Mach-O thin (arm64) [org.cocoapods.FirebaseInstallations]
2025-02-08 08:10:40 +0000  Entitlements for <IDEDistributionItem: 0x6000190f59e0; bundleID='org.cocoapods.FirebaseMessaging', path='<DVTFilePath:0x60004de77a30:'/Users/admin/Library/Developer/Xcode/Archives/2025-02-08/MaxPay 08-02-25, 1.23 PM.xcarchive/Products/Applications/MaxPay.app/Frameworks/FirebaseMessaging.framework'>', codeSigningInfo='<_DVTCodeSigningInformation_Path: 0x6000156ca670; isSigned='1', isAdHocSigned='0', signingCertificate='<DVTSigningCertificate: 0x600048f2c480; name='Apple Development: Madhuresh Singh (4X7KN4PKV7)', hash='0A38B107EB4B7257E87995C367727BD063EEB167', serialNumber='42499EFA75E21BB023BEBEAE75B77BAE', certificateKinds='(
    "1.2.840.113635.100.6.1.12",
    "1.2.840.113635.100.6.1.2"
), issueDate='2024-10-03 10:47:47 +0000''>', entitlements='(null)', teamID='G4WLA9639A', identifier='org.cocoapods.FirebaseMessaging', executablePath='<DVTFilePath:0x60004de77b10:'/Users/admin/Library/Developer/Xcode/Archives/2025-02-08/MaxPay 08-02-25, 1.23 PM.xcarchive/Products/Applications/MaxPay.app/Frameworks/FirebaseMessaging.framework/FirebaseMessaging'>', hardenedRuntime='0'>'>: {
}
2025-02-08 08:10:40 +0000  Associated App Clip Identifiers Filter: Skipping because "com.apple.developer.associated-appclip-app-identifiers" is not present
2025-02-08 08:10:40 +0000  Entitlements for <IDEDistributionItem: 0x6000190f59e0; bundleID='org.cocoapods.FirebaseMessaging', path='<DVTFilePath:0x60004de77a30:'/Users/admin/Library/Developer/Xcode/Archives/2025-02-08/MaxPay 08-02-25, 1.23 PM.xcarchive/Products/Applications/MaxPay.app/Frameworks/FirebaseMessaging.framework'>', codeSigningInfo='<_DVTCodeSigningInformation_Path: 0x6000156ca670; isSigned='1', isAdHocSigned='0', signingCertificate='<DVTSigningCertificate: 0x600048f0e040; name='Apple Development: Madhuresh Singh (4X7KN4PKV7)', hash='0A38B107EB4B7257E87995C367727BD063EEB167', serialNumber='42499EFA75E21BB023BEBEAE75B77BAE', certificateKinds='(
    "1.2.840.113635.100.6.1.12",
    "1.2.840.113635.100.6.1.2"
), issueDate='2024-10-03 10:47:47 +0000''>', entitlements='(null)', teamID='G4WLA9639A', identifier='org.cocoapods.FirebaseMessaging', executablePath='<DVTFilePath:0x60004de77b10:'/Users/admin/Library/Developer/Xcode/Archives/2025-02-08/MaxPay 08-02-25, 1.23 PM.xcarchive/Products/Applications/MaxPay.app/Frameworks/FirebaseMessaging.framework/FirebaseMessaging'>', hardenedRuntime='0'>'> are: {
}
2025-02-08 08:10:40 +0000  Writing entitlements for <IDEDistributionItem: 0x6000190f59e0; bundleID='org.cocoapods.FirebaseMessaging', path='<DVTFilePath:0x60004de77a30:'/Users/admin/Library/Developer/Xcode/Archives/2025-02-08/MaxPay 08-02-25, 1.23 PM.xcarchive/Products/Applications/MaxPay.app/Frameworks/FirebaseMessaging.framework'>', codeSigningInfo='<_DVTCodeSigningInformation_Path: 0x6000156ca670; isSigned='1', isAdHocSigned='0', signingCertificate='<DVTSigningCertificate: 0x600048f2c180; name='Apple Development: Madhuresh Singh (4X7KN4PKV7)', hash='0A38B107EB4B7257E87995C367727BD063EEB167', serialNumber='42499EFA75E21BB023BEBEAE75B77BAE', certificateKinds='(
    "1.2.840.113635.100.6.1.12",
    "1.2.840.113635.100.6.1.2"
), issueDate='2024-10-03 10:47:47 +0000''>', entitlements='(null)', teamID='G4WLA9639A', identifier='org.cocoapods.FirebaseMessaging', executablePath='<DVTFilePath:0x60004de77b10:'/Users/admin/Library/Developer/Xcode/Archives/2025-02-08/MaxPay 08-02-25, 1.23 PM.xcarchive/Products/Applications/MaxPay.app/Frameworks/FirebaseMessaging.framework/FirebaseMessaging'>', hardenedRuntime='0'>'> to: /var/folders/h5/hdg_yl1x69387cnq926mjz5w0000gn/T/XcodeDistPipeline.~~~t4Oh52/entitlements~~~gaRg7X
2025-02-08 08:10:40 +0000  invoking codesign: <NSConcreteTask: 0x6000155358b0; launchPath='/usr/bin/codesign', arguments='(
    "-f",
    "-s",
    0A38B107EB4B7257E87995C367727BD063EEB167,
    "--entitlements",
    "/var/folders/h5/hdg_yl1x69387cnq926mjz5w0000gn/T/XcodeDistPipeline.~~~t4Oh52/entitlements~~~gaRg7X",
    "--preserve-metadata=identifier,flags,runtime",
    "--generate-entitlement-der",
    "--strip-disallowed-xattrs",
    "-vvv",
    "/var/folders/h5/hdg_yl1x69387cnq926mjz5w0000gn/T/XcodeDistPipeline.~~~t4Oh52/Root/Payload/MaxPay.app/Frameworks/FirebaseMessaging.framework"
)'>
2025-02-08 08:10:40 +0000  codesign output: /var/folders/h5/hdg_yl1x69387cnq926mjz5w0000gn/T/XcodeDistPipeline.~~~t4Oh52/Root/Payload/MaxPay.app/Frameworks/FirebaseMessaging.framework: replacing existing signature
/var/folders/h5/hdg_yl1x69387cnq926mjz5w0000gn/T/XcodeDistPipeline.~~~t4Oh52/Root/Payload/MaxPay.app/Frameworks/FirebaseMessaging.framework: signed bundle with Mach-O thin (arm64) [org.cocoapods.FirebaseMessaging]
2025-02-08 08:10:40 +0000  Entitlements for <IDEDistributionItem: 0x6000190edec0; bundleID='org.cocoapods.GoogleDataTransport', path='<DVTFilePath:0x60004de77f70:'/Users/admin/Library/Developer/Xcode/Archives/2025-02-08/MaxPay 08-02-25, 1.23 PM.xcarchive/Products/Applications/MaxPay.app/Frameworks/GoogleDataTransport.framework'>', codeSigningInfo='<_DVTCodeSigningInformation_Path: 0x6000156e2940; isSigned='1', isAdHocSigned='0', signingCertificate='<DVTSigningCertificate: 0x600048f0e040; name='Apple Development: Madhuresh Singh (4X7KN4PKV7)', hash='0A38B107EB4B7257E87995C367727BD063EEB167', serialNumber='42499EFA75E21BB023BEBEAE75B77BAE', certificateKinds='(
    "1.2.840.113635.100.6.1.12",
    "1.2.840.113635.100.6.1.2"
), issueDate='2024-10-03 10:47:47 +0000''>', entitlements='(null)', teamID='G4WLA9639A', identifier='org.cocoapods.GoogleDataTransport', executablePath='<DVTFilePath:0x60004de70070:'/Users/admin/Library/Developer/Xcode/Archives/2025-02-08/MaxPay 08-02-25, 1.23 PM.xcarchive/Products/Applications/MaxPay.app/Frameworks/GoogleDataTransport.framework/GoogleDataTransport'>', hardenedRuntime='0'>'>: {
}
2025-02-08 08:10:40 +0000  Associated App Clip Identifiers Filter: Skipping because "com.apple.developer.associated-appclip-app-identifiers" is not present
2025-02-08 08:10:40 +0000  Entitlements for <IDEDistributionItem: 0x6000190edec0; bundleID='org.cocoapods.GoogleDataTransport', path='<DVTFilePath:0x60004de77f70:'/Users/admin/Library/Developer/Xcode/Archives/2025-02-08/MaxPay 08-02-25, 1.23 PM.xcarchive/Products/Applications/MaxPay.app/Frameworks/GoogleDataTransport.framework'>', codeSigningInfo='<_DVTCodeSigningInformation_Path: 0x6000156e2940; isSigned='1', isAdHocSigned='0', signingCertificate='<DVTSigningCertificate: 0x600048f0dd40; name='Apple Development: Madhuresh Singh (4X7KN4PKV7)', hash='0A38B107EB4B7257E87995C367727BD063EEB167', serialNumber='42499EFA75E21BB023BEBEAE75B77BAE', certificateKinds='(
    "1.2.840.113635.100.6.1.12",
    "1.2.840.113635.100.6.1.2"
), issueDate='2024-10-03 10:47:47 +0000''>', entitlements='(null)', teamID='G4WLA9639A', identifier='org.cocoapods.GoogleDataTransport', executablePath='<DVTFilePath:0x60004de70070:'/Users/admin/Library/Developer/Xcode/Archives/2025-02-08/MaxPay 08-02-25, 1.23 PM.xcarchive/Products/Applications/MaxPay.app/Frameworks/GoogleDataTransport.framework/GoogleDataTransport'>', hardenedRuntime='0'>'> are: {
}
2025-02-08 08:10:40 +0000  Writing entitlements for <IDEDistributionItem: 0x6000190edec0; bundleID='org.cocoapods.GoogleDataTransport', path='<DVTFilePath:0x60004de77f70:'/Users/admin/Library/Developer/Xcode/Archives/2025-02-08/MaxPay 08-02-25, 1.23 PM.xcarchive/Products/Applications/MaxPay.app/Frameworks/GoogleDataTransport.framework'>', codeSigningInfo='<_DVTCodeSigningInformation_Path: 0x6000156e2940; isSigned='1', isAdHocSigned='0', signingCertificate='<DVTSigningCertificate: 0x600048f0c6c0; name='Apple Development: Madhuresh Singh (4X7KN4PKV7)', hash='0A38B107EB4B7257E87995C367727BD063EEB167', serialNumber='42499EFA75E21BB023BEBEAE75B77BAE', certificateKinds='(
    "1.2.840.113635.100.6.1.12",
    "1.2.840.113635.100.6.1.2"
), issueDate='2024-10-03 10:47:47 +0000''>', entitlements='(null)', teamID='G4WLA9639A', identifier='org.cocoapods.GoogleDataTransport', executablePath='<DVTFilePath:0x60004de70070:'/Users/admin/Library/Developer/Xcode/Archives/2025-02-08/MaxPay 08-02-25, 1.23 PM.xcarchive/Products/Applications/MaxPay.app/Frameworks/GoogleDataTransport.framework/GoogleDataTransport'>', hardenedRuntime='0'>'> to: /var/folders/h5/hdg_yl1x69387cnq926mjz5w0000gn/T/XcodeDistPipeline.~~~t4Oh52/entitlements~~~cj0TzT
2025-02-08 08:10:40 +0000  invoking codesign: <NSConcreteTask: 0x60001137db30; launchPath='/usr/bin/codesign', arguments='(
    "-f",
    "-s",
    0A38B107EB4B7257E87995C367727BD063EEB167,
    "--entitlements",
    "/var/folders/h5/hdg_yl1x69387cnq926mjz5w0000gn/T/XcodeDistPipeline.~~~t4Oh52/entitlements~~~cj0TzT",
    "--preserve-metadata=identifier,flags,runtime",
    "--generate-entitlement-der",
    "--strip-disallowed-xattrs",
    "-vvv",
    "/var/folders/h5/hdg_yl1x69387cnq926mjz5w0000gn/T/XcodeDistPipeline.~~~t4Oh52/Root/Payload/MaxPay.app/Frameworks/GoogleDataTransport.framework"
)'>
2025-02-08 08:10:40 +0000  codesign output: /var/folders/h5/hdg_yl1x69387cnq926mjz5w0000gn/T/XcodeDistPipeline.~~~t4Oh52/Root/Payload/MaxPay.app/Frameworks/GoogleDataTransport.framework: replacing existing signature
/var/folders/h5/hdg_yl1x69387cnq926mjz5w0000gn/T/XcodeDistPipeline.~~~t4Oh52/Root/Payload/MaxPay.app/Frameworks/GoogleDataTransport.framework: signed bundle with Mach-O thin (arm64) [org.cocoapods.GoogleDataTransport]
2025-02-08 08:10:40 +0000  Entitlements for <IDEDistributionItem: 0x60000d0b5fe0; bundleID='org.cocoapods.GoogleUtilities', path='<DVTFilePath:0x60004de70310:'/Users/admin/Library/Developer/Xcode/Archives/2025-02-08/MaxPay 08-02-25, 1.23 PM.xcarchive/Products/Applications/MaxPay.app/Frameworks/GoogleUtilities.framework'>', codeSigningInfo='<_DVTCodeSigningInformation_Path: 0x6000156ca210; isSigned='1', isAdHocSigned='0', signingCertificate='<DVTSigningCertificate: 0x600048f2c180; name='Apple Development: Madhuresh Singh (4X7KN4PKV7)', hash='0A38B107EB4B7257E87995C367727BD063EEB167', serialNumber='42499EFA75E21BB023BEBEAE75B77BAE', certificateKinds='(
    "1.2.840.113635.100.6.1.12",
    "1.2.840.113635.100.6.1.2"
), issueDate='2024-10-03 10:47:47 +0000''>', entitlements='(null)', teamID='G4WLA9639A', identifier='org.cocoapods.GoogleUtilities', executablePath='<DVTFilePath:0x6000190c3ba0:'/Users/admin/Library/Developer/Xcode/Archives/2025-02-08/MaxPay 08-02-25, 1.23 PM.xcarchive/Products/Applications/MaxPay.app/Frameworks/GoogleUtilities.framework/GoogleUtilities'>', hardenedRuntime='0'>'>: {
}
2025-02-08 08:10:40 +0000  Associated App Clip Identifiers Filter: Skipping because "com.apple.developer.associated-appclip-app-identifiers" is not present
2025-02-08 08:10:40 +0000  Entitlements for <IDEDistributionItem: 0x60000d0b5fe0; bundleID='org.cocoapods.GoogleUtilities', path='<DVTFilePath:0x60004de70310:'/Users/admin/Library/Developer/Xcode/Archives/2025-02-08/MaxPay 08-02-25, 1.23 PM.xcarchive/Products/Applications/MaxPay.app/Frameworks/GoogleUtilities.framework'>', codeSigningInfo='<_DVTCodeSigningInformation_Path: 0x6000156ca210; isSigned='1', isAdHocSigned='0', signingCertificate='<DVTSigningCertificate: 0x600048f2cb40; name='Apple Development: Madhuresh Singh (4X7KN4PKV7)', hash='0A38B107EB4B7257E87995C367727BD063EEB167', serialNumber='42499EFA75E21BB023BEBEAE75B77BAE', certificateKinds='(
    "1.2.840.113635.100.6.1.12",
    "1.2.840.113635.100.6.1.2"
), issueDate='2024-10-03 10:47:47 +0000''>', entitlements='(null)', teamID='G4WLA9639A', identifier='org.cocoapods.GoogleUtilities', executablePath='<DVTFilePath:0x6000190c3ba0:'/Users/admin/Library/Developer/Xcode/Archives/2025-02-08/MaxPay 08-02-25, 1.23 PM.xcarchive/Products/Applications/MaxPay.app/Frameworks/GoogleUtilities.framework/GoogleUtilities'>', hardenedRuntime='0'>'> are: {
}
2025-02-08 08:10:40 +0000  Writing entitlements for <IDEDistributionItem: 0x60000d0b5fe0; bundleID='org.cocoapods.GoogleUtilities', path='<DVTFilePath:0x60004de70310:'/Users/admin/Library/Developer/Xcode/Archives/2025-02-08/MaxPay 08-02-25, 1.23 PM.xcarchive/Products/Applications/MaxPay.app/Frameworks/GoogleUtilities.framework'>', codeSigningInfo='<_DVTCodeSigningInformation_Path: 0x6000156ca210; isSigned='1', isAdHocSigned='0', signingCertificate='<DVTSigningCertificate: 0x600048f2d200; name='Apple Development: Madhuresh Singh (4X7KN4PKV7)', hash='0A38B107EB4B7257E87995C367727BD063EEB167', serialNumber='42499EFA75E21BB023BEBEAE75B77BAE', certificateKinds='(
    "1.2.840.113635.100.6.1.12",
    "1.2.840.113635.100.6.1.2"
), issueDate='2024-10-03 10:47:47 +0000''>', entitlements='(null)', teamID='G4WLA9639A', identifier='org.cocoapods.GoogleUtilities', executablePath='<DVTFilePath:0x6000190c3ba0:'/Users/admin/Library/Developer/Xcode/Archives/2025-02-08/MaxPay 08-02-25, 1.23 PM.xcarchive/Products/Applications/MaxPay.app/Frameworks/GoogleUtilities.framework/GoogleUtilities'>', hardenedRuntime='0'>'> to: /var/folders/h5/hdg_yl1x69387cnq926mjz5w0000gn/T/XcodeDistPipeline.~~~t4Oh52/entitlements~~~UbXfqI
2025-02-08 08:10:40 +0000  invoking codesign: <NSConcreteTask: 0x600015415c20; launchPath='/usr/bin/codesign', arguments='(
    "-f",
    "-s",
    0A38B107EB4B7257E87995C367727BD063EEB167,
    "--entitlements",
    "/var/folders/h5/hdg_yl1x69387cnq926mjz5w0000gn/T/XcodeDistPipeline.~~~t4Oh52/entitlements~~~UbXfqI",
    "--preserve-metadata=identifier,flags,runtime",
    "--generate-entitlement-der",
    "--strip-disallowed-xattrs",
    "-vvv",
    "/var/folders/h5/hdg_yl1x69387cnq926mjz5w0000gn/T/XcodeDistPipeline.~~~t4Oh52/Root/Payload/MaxPay.app/Frameworks/GoogleUtilities.framework"
)'>
2025-02-08 08:10:40 +0000  codesign output: /var/folders/h5/hdg_yl1x69387cnq926mjz5w0000gn/T/XcodeDistPipeline.~~~t4Oh52/Root/Payload/MaxPay.app/Frameworks/GoogleUtilities.framework: replacing existing signature
/var/folders/h5/hdg_yl1x69387cnq926mjz5w0000gn/T/XcodeDistPipeline.~~~t4Oh52/Root/Payload/MaxPay.app/Frameworks/GoogleUtilities.framework: signed bundle with Mach-O thin (arm64) [org.cocoapods.GoogleUtilities]
2025-02-08 08:10:40 +0000  Entitlements for <IDEDistributionItem: 0x6000190e8a80; bundleID='org.cocoapods.IQKeyboardManager', path='<DVTFilePath:0x60004de70690:'/Users/admin/Library/Developer/Xcode/Archives/2025-02-08/MaxPay 08-02-25, 1.23 PM.xcarchive/Products/Applications/MaxPay.app/Frameworks/IQKeyboardManager.framework'>', codeSigningInfo='<_DVTCodeSigningInformation_Path: 0x600015694140; isSigned='1', isAdHocSigned='0', signingCertificate='<DVTSigningCertificate: 0x600048f0e040; name='Apple Development: Madhuresh Singh (4X7KN4PKV7)', hash='0A38B107EB4B7257E87995C367727BD063EEB167', serialNumber='42499EFA75E21BB023BEBEAE75B77BAE', certificateKinds='(
    "1.2.840.113635.100.6.1.12",
    "1.2.840.113635.100.6.1.2"
), issueDate='2024-10-03 10:47:47 +0000''>', entitlements='(null)', teamID='G4WLA9639A', identifier='org.cocoapods.IQKeyboardManager', executablePath='<DVTFilePath:0x60004de707e0:'/Users/admin/Library/Developer/Xcode/Archives/2025-02-08/MaxPay 08-02-25, 1.23 PM.xcarchive/Products/Applications/MaxPay.app/Frameworks/IQKeyboardManager.framework/IQKeyboardManager'>', hardenedRuntime='0'>'>: {
}
2025-02-08 08:10:40 +0000  Associated App Clip Identifiers Filter: Skipping because "com.apple.developer.associated-appclip-app-identifiers" is not present
2025-02-08 08:10:40 +0000  Entitlements for <IDEDistributionItem: 0x6000190e8a80; bundleID='org.cocoapods.IQKeyboardManager', path='<DVTFilePath:0x60004de70690:'/Users/admin/Library/Developer/Xcode/Archives/2025-02-08/MaxPay 08-02-25, 1.23 PM.xcarchive/Products/Applications/MaxPay.app/Frameworks/IQKeyboardManager.framework'>', codeSigningInfo='<_DVTCodeSigningInformation_Path: 0x600015694140; isSigned='1', isAdHocSigned='0', signingCertificate='<DVTSigningCertificate: 0x600048f2c180; name='Apple Development: Madhuresh Singh (4X7KN4PKV7)', hash='0A38B107EB4B7257E87995C367727BD063EEB167', serialNumber='42499EFA75E21BB023BEBEAE75B77BAE', certificateKinds='(
    "1.2.840.113635.100.6.1.12",
    "1.2.840.113635.100.6.1.2"
), issueDate='2024-10-03 10:47:47 +0000''>', entitlements='(null)', teamID='G4WLA9639A', identifier='org.cocoapods.IQKeyboardManager', executablePath='<DVTFilePath:0x60004de707e0:'/Users/admin/Library/Developer/Xcode/Archives/2025-02-08/MaxPay 08-02-25, 1.23 PM.xcarchive/Products/Applications/MaxPay.app/Frameworks/IQKeyboardManager.framework/IQKeyboardManager'>', hardenedRuntime='0'>'> are: {
}
2025-02-08 08:10:40 +0000  Writing entitlements for <IDEDistributionItem: 0x6000190e8a80; bundleID='org.cocoapods.IQKeyboardManager', path='<DVTFilePath:0x60004de70690:'/Users/admin/Library/Developer/Xcode/Archives/2025-02-08/MaxPay 08-02-25, 1.23 PM.xcarchive/Products/Applications/MaxPay.app/Frameworks/IQKeyboardManager.framework'>', codeSigningInfo='<_DVTCodeSigningInformation_Path: 0x600015694140; isSigned='1', isAdHocSigned='0', signingCertificate='<DVTSigningCertificate: 0x600048f2cb40; name='Apple Development: Madhuresh Singh (4X7KN4PKV7)', hash='0A38B107EB4B7257E87995C367727BD063EEB167', serialNumber='42499EFA75E21BB023BEBEAE75B77BAE', certificateKinds='(
    "1.2.840.113635.100.6.1.12",
    "1.2.840.113635.100.6.1.2"
), issueDate='2024-10-03 10:47:47 +0000''>', entitlements='(null)', teamID='G4WLA9639A', identifier='org.cocoapods.IQKeyboardManager', executablePath='<DVTFilePath:0x60004de707e0:'/Users/admin/Library/Developer/Xcode/Archives/2025-02-08/MaxPay 08-02-25, 1.23 PM.xcarchive/Products/Applications/MaxPay.app/Frameworks/IQKeyboardManager.framework/IQKeyboardManager'>', hardenedRuntime='0'>'> to: /var/folders/h5/hdg_yl1x69387cnq926mjz5w0000gn/T/XcodeDistPipeline.~~~t4Oh52/entitlements~~~VGAXvq
2025-02-08 08:10:40 +0000  invoking codesign: <NSConcreteTask: 0x600015414d70; launchPath='/usr/bin/codesign', arguments='(
    "-f",
    "-s",
    0A38B107EB4B7257E87995C367727BD063EEB167,
    "--entitlements",
    "/var/folders/h5/hdg_yl1x69387cnq926mjz5w0000gn/T/XcodeDistPipeline.~~~t4Oh52/entitlements~~~VGAXvq",
    "--preserve-metadata=identifier,flags,runtime",
    "--generate-entitlement-der",
    "--strip-disallowed-xattrs",
    "-vvv",
    "/var/folders/h5/hdg_yl1x69387cnq926mjz5w0000gn/T/XcodeDistPipeline.~~~t4Oh52/Root/Payload/MaxPay.app/Frameworks/IQKeyboardManager.framework"
)'>
2025-02-08 08:10:40 +0000  codesign output: /var/folders/h5/hdg_yl1x69387cnq926mjz5w0000gn/T/XcodeDistPipeline.~~~t4Oh52/Root/Payload/MaxPay.app/Frameworks/IQKeyboardManager.framework: replacing existing signature
/var/folders/h5/hdg_yl1x69387cnq926mjz5w0000gn/T/XcodeDistPipeline.~~~t4Oh52/Root/Payload/MaxPay.app/Frameworks/IQKeyboardManager.framework: signed bundle with Mach-O thin (arm64) [org.cocoapods.IQKeyboardManager]
2025-02-08 08:10:40 +0000  Entitlements for <IDEDistributionItem: 0x600009fd64c0; bundleID='org.cocoapods.KeychainAccess', path='<DVTFilePath:0x60004de70a80:'/Users/admin/Library/Developer/Xcode/Archives/2025-02-08/MaxPay 08-02-25, 1.23 PM.xcarchive/Products/Applications/MaxPay.app/Frameworks/KeychainAccess.framework'>', codeSigningInfo='<_DVTCodeSigningInformation_Path: 0x6000155c38e0; isSigned='1', isAdHocSigned='0', signingCertificate='<DVTSigningCertificate: 0x600048f0e040; name='Apple Development: Madhuresh Singh (4X7KN4PKV7)', hash='0A38B107EB4B7257E87995C367727BD063EEB167', serialNumber='42499EFA75E21BB023BEBEAE75B77BAE', certificateKinds='(
    "1.2.840.113635.100.6.1.12",
    "1.2.840.113635.100.6.1.2"
), issueDate='2024-10-03 10:47:47 +0000''>', entitlements='(null)', teamID='G4WLA9639A', identifier='org.cocoapods.KeychainAccess', executablePath='<DVTFilePath:0x6000190c2820:'/Users/admin/Library/Developer/Xcode/Archives/2025-02-08/MaxPay 08-02-25, 1.23 PM.xcarchive/Products/Applications/MaxPay.app/Frameworks/KeychainAccess.framework/KeychainAccess'>', hardenedRuntime='0'>'>: {
}
2025-02-08 08:10:40 +0000  Associated App Clip Identifiers Filter: Skipping because "com.apple.developer.associated-appclip-app-identifiers" is not present
2025-02-08 08:10:40 +0000  Entitlements for <IDEDistributionItem: 0x600009fd64c0; bundleID='org.cocoapods.KeychainAccess', path='<DVTFilePath:0x60004de70a80:'/Users/admin/Library/Developer/Xcode/Archives/2025-02-08/MaxPay 08-02-25, 1.23 PM.xcarchive/Products/Applications/MaxPay.app/Frameworks/KeychainAccess.framework'>', codeSigningInfo='<_DVTCodeSigningInformation_Path: 0x6000155c38e0; isSigned='1', isAdHocSigned='0', signingCertificate='<DVTSigningCertificate: 0x600048f09500; name='Apple Development: Madhuresh Singh (4X7KN4PKV7)', hash='0A38B107EB4B7257E87995C367727BD063EEB167', serialNumber='42499EFA75E21BB023BEBEAE75B77BAE', certificateKinds='(
    "1.2.840.113635.100.6.1.12",
    "1.2.840.113635.100.6.1.2"
), issueDate='2024-10-03 10:47:47 +0000''>', entitlements='(null)', teamID='G4WLA9639A', identifier='org.cocoapods.KeychainAccess', executablePath='<DVTFilePath:0x6000190c2820:'/Users/admin/Library/Developer/Xcode/Archives/2025-02-08/MaxPay 08-02-25, 1.23 PM.xcarchive/Products/Applications/MaxPay.app/Frameworks/KeychainAccess.framework/KeychainAccess'>', hardenedRuntime='0'>'> are: {
}
2025-02-08 08:10:40 +0000  Writing entitlements for <IDEDistributionItem: 0x600009fd64c0; bundleID='org.cocoapods.KeychainAccess', path='<DVTFilePath:0x60004de70a80:'/Users/admin/Library/Developer/Xcode/Archives/2025-02-08/MaxPay 08-02-25, 1.23 PM.xcarchive/Products/Applications/MaxPay.app/Frameworks/KeychainAccess.framework'>', codeSigningInfo='<_DVTCodeSigningInformation_Path: 0x6000155c38e0; isSigned='1', isAdHocSigned='0', signingCertificate='<DVTSigningCertificate: 0x600048f2c180; name='Apple Development: Madhuresh Singh (4X7KN4PKV7)', hash='0A38B107EB4B7257E87995C367727BD063EEB167', serialNumber='42499EFA75E21BB023BEBEAE75B77BAE', certificateKinds='(
    "1.2.840.113635.100.6.1.12",
    "1.2.840.113635.100.6.1.2"
), issueDate='2024-10-03 10:47:47 +0000''>', entitlements='(null)', teamID='G4WLA9639A', identifier='org.cocoapods.KeychainAccess', executablePath='<DVTFilePath:0x6000190c2820:'/Users/admin/Library/Developer/Xcode/Archives/2025-02-08/MaxPay 08-02-25, 1.23 PM.xcarchive/Products/Applications/MaxPay.app/Frameworks/KeychainAccess.framework/KeychainAccess'>', hardenedRuntime='0'>'> to: /var/folders/h5/hdg_yl1x69387cnq926mjz5w0000gn/T/XcodeDistPipeline.~~~t4Oh52/entitlements~~~ZFvoDF
2025-02-08 08:10:40 +0000  invoking codesign: <NSConcreteTask: 0x600015537890; launchPath='/usr/bin/codesign', arguments='(
    "-f",
    "-s",
    0A38B107EB4B7257E87995C367727BD063EEB167,
    "--entitlements",
    "/var/folders/h5/hdg_yl1x69387cnq926mjz5w0000gn/T/XcodeDistPipeline.~~~t4Oh52/entitlements~~~ZFvoDF",
    "--preserve-metadata=identifier,flags,runtime",
    "--generate-entitlement-der",
    "--strip-disallowed-xattrs",
    "-vvv",
    "/var/folders/h5/hdg_yl1x69387cnq926mjz5w0000gn/T/XcodeDistPipeline.~~~t4Oh52/Root/Payload/MaxPay.app/Frameworks/KeychainAccess.framework"
)'>
2025-02-08 08:10:40 +0000  codesign output: /var/folders/h5/hdg_yl1x69387cnq926mjz5w0000gn/T/XcodeDistPipeline.~~~t4Oh52/Root/Payload/MaxPay.app/Frameworks/KeychainAccess.framework: replacing existing signature
/var/folders/h5/hdg_yl1x69387cnq926mjz5w0000gn/T/XcodeDistPipeline.~~~t4Oh52/Root/Payload/MaxPay.app/Frameworks/KeychainAccess.framework: signed bundle with Mach-O thin (arm64) [org.cocoapods.KeychainAccess]
2025-02-08 08:10:40 +0000  Entitlements for <IDEDistributionItem: 0x6000190f6400; bundleID='org.cocoapods.Kingfisher', path='<DVTFilePath:0x60004de70c40:'/Users/admin/Library/Developer/Xcode/Archives/2025-02-08/MaxPay 08-02-25, 1.23 PM.xcarchive/Products/Applications/MaxPay.app/Frameworks/Kingfisher.framework'>', codeSigningInfo='<_DVTCodeSigningInformation_Path: 0x6000114c14f0; isSigned='1', isAdHocSigned='0', signingCertificate='<DVTSigningCertificate: 0x600048f14fc0; name='Apple Development: Madhuresh Singh (4X7KN4PKV7)', hash='0A38B107EB4B7257E87995C367727BD063EEB167', serialNumber='42499EFA75E21BB023BEBEAE75B77BAE', certificateKinds='(
    "1.2.840.113635.100.6.1.12",
    "1.2.840.113635.100.6.1.2"
), issueDate='2024-10-03 10:47:47 +0000''>', entitlements='(null)', teamID='G4WLA9639A', identifier='org.cocoapods.Kingfisher', executablePath='<DVTFilePath:0x6000190c2f40:'/Users/admin/Library/Developer/Xcode/Archives/2025-02-08/MaxPay 08-02-25, 1.23 PM.xcarchive/Products/Applications/MaxPay.app/Frameworks/Kingfisher.framework/Kingfisher'>', hardenedRuntime='0'>'>: {
}
2025-02-08 08:10:40 +0000  Associated App Clip Identifiers Filter: Skipping because "com.apple.developer.associated-appclip-app-identifiers" is not present
2025-02-08 08:10:40 +0000  Entitlements for <IDEDistributionItem: 0x6000190f6400; bundleID='org.cocoapods.Kingfisher', path='<DVTFilePath:0x60004de70c40:'/Users/admin/Library/Developer/Xcode/Archives/2025-02-08/MaxPay 08-02-25, 1.23 PM.xcarchive/Products/Applications/MaxPay.app/Frameworks/Kingfisher.framework'>', codeSigningInfo='<_DVTCodeSigningInformation_Path: 0x6000114c14f0; isSigned='1', isAdHocSigned='0', signingCertificate='<DVTSigningCertificate: 0x600048067600; name='Apple Development: Madhuresh Singh (4X7KN4PKV7)', hash='0A38B107EB4B7257E87995C367727BD063EEB167', serialNumber='42499EFA75E21BB023BEBEAE75B77BAE', certificateKinds='(
    "1.2.840.113635.100.6.1.12",
    "1.2.840.113635.100.6.1.2"
), issueDate='2024-10-03 10:47:47 +0000''>', entitlements='(null)', teamID='G4WLA9639A', identifier='org.cocoapods.Kingfisher', executablePath='<DVTFilePath:0x6000190c2f40:'/Users/admin/Library/Developer/Xcode/Archives/2025-02-08/MaxPay 08-02-25, 1.23 PM.xcarchive/Products/Applications/MaxPay.app/Frameworks/Kingfisher.framework/Kingfisher'>', hardenedRuntime='0'>'> are: {
}
2025-02-08 08:10:40 +0000  Writing entitlements for <IDEDistributionItem: 0x6000190f6400; bundleID='org.cocoapods.Kingfisher', path='<DVTFilePath:0x60004de70c40:'/Users/admin/Library/Developer/Xcode/Archives/2025-02-08/MaxPay 08-02-25, 1.23 PM.xcarchive/Products/Applications/MaxPay.app/Frameworks/Kingfisher.framework'>', codeSigningInfo='<_DVTCodeSigningInformation_Path: 0x6000114c14f0; isSigned='1', isAdHocSigned='0', signingCertificate='<DVTSigningCertificate: 0x600048f2c180; name='Apple Development: Madhuresh Singh (4X7KN4PKV7)', hash='0A38B107EB4B7257E87995C367727BD063EEB167', serialNumber='42499EFA75E21BB023BEBEAE75B77BAE', certificateKinds='(
    "1.2.840.113635.100.6.1.12",
    "1.2.840.113635.100.6.1.2"
), issueDate='2024-10-03 10:47:47 +0000''>', entitlements='(null)', teamID='G4WLA9639A', identifier='org.cocoapods.Kingfisher', executablePath='<DVTFilePath:0x6000190c2f40:'/Users/admin/Library/Developer/Xcode/Archives/2025-02-08/MaxPay 08-02-25, 1.23 PM.xcarchive/Products/Applications/MaxPay.app/Frameworks/Kingfisher.framework/Kingfisher'>', hardenedRuntime='0'>'> to: /var/folders/h5/hdg_yl1x69387cnq926mjz5w0000gn/T/XcodeDistPipeline.~~~t4Oh52/entitlements~~~DVMCw7
2025-02-08 08:10:40 +0000  invoking codesign: <NSConcreteTask: 0x60003160fed0; launchPath='/usr/bin/codesign', arguments='(
    "-f",
    "-s",
    0A38B107EB4B7257E87995C367727BD063EEB167,
    "--entitlements",
    "/var/folders/h5/hdg_yl1x69387cnq926mjz5w0000gn/T/XcodeDistPipeline.~~~t4Oh52/entitlements~~~DVMCw7",
    "--preserve-metadata=identifier,flags,runtime",
    "--generate-entitlement-der",
    "--strip-disallowed-xattrs",
    "-vvv",
    "/var/folders/h5/hdg_yl1x69387cnq926mjz5w0000gn/T/XcodeDistPipeline.~~~t4Oh52/Root/Payload/MaxPay.app/Frameworks/Kingfisher.framework"
)'>
2025-02-08 08:10:40 +0000  codesign output: /var/folders/h5/hdg_yl1x69387cnq926mjz5w0000gn/T/XcodeDistPipeline.~~~t4Oh52/Root/Payload/MaxPay.app/Frameworks/Kingfisher.framework: replacing existing signature
/var/folders/h5/hdg_yl1x69387cnq926mjz5w0000gn/T/XcodeDistPipeline.~~~t4Oh52/Root/Payload/MaxPay.app/Frameworks/Kingfisher.framework: signed bundle with Mach-O thin (arm64) [org.cocoapods.Kingfisher]
2025-02-08 08:10:40 +0000  Entitlements for <IDEDistributionItem: 0x600041f51aa0; bundleID='org.cocoapods.Lottie', path='<DVTFilePath:0x60004de70fc0:'/Users/admin/Library/Developer/Xcode/Archives/2025-02-08/MaxPay 08-02-25, 1.23 PM.xcarchive/Products/Applications/MaxPay.app/Frameworks/Lottie.framework'>', codeSigningInfo='<_DVTCodeSigningInformation_Path: 0x6000155c18b0; isSigned='1', isAdHocSigned='0', signingCertificate='<DVTSigningCertificate: 0x60002cf25f80; name='Apple Development: Madhuresh Singh (4X7KN4PKV7)', hash='0A38B107EB4B7257E87995C367727BD063EEB167', serialNumber='42499EFA75E21BB023BEBEAE75B77BAE', certificateKinds='(
    "1.2.840.113635.100.6.1.12",
    "1.2.840.113635.100.6.1.2"
), issueDate='2024-10-03 10:47:47 +0000''>', entitlements='(null)', teamID='G4WLA9639A', identifier='org.cocoapods.Lottie', executablePath='<DVTFilePath:0x6000190c2be0:'/Users/admin/Library/Developer/Xcode/Archives/2025-02-08/MaxPay 08-02-25, 1.23 PM.xcarchive/Products/Applications/MaxPay.app/Frameworks/Lottie.framework/Lottie'>', hardenedRuntime='0'>'>: {
}
2025-02-08 08:10:40 +0000  Associated App Clip Identifiers Filter: Skipping because "com.apple.developer.associated-appclip-app-identifiers" is not present
2025-02-08 08:10:40 +0000  Entitlements for <IDEDistributionItem: 0x600041f51aa0; bundleID='org.cocoapods.Lottie', path='<DVTFilePath:0x60004de70fc0:'/Users/admin/Library/Developer/Xcode/Archives/2025-02-08/MaxPay 08-02-25, 1.23 PM.xcarchive/Products/Applications/MaxPay.app/Frameworks/Lottie.framework'>', codeSigningInfo='<_DVTCodeSigningInformation_Path: 0x6000155c18b0; isSigned='1', isAdHocSigned='0', signingCertificate='<DVTSigningCertificate: 0x600048f2c180; name='Apple Development: Madhuresh Singh (4X7KN4PKV7)', hash='0A38B107EB4B7257E87995C367727BD063EEB167', serialNumber='42499EFA75E21BB023BEBEAE75B77BAE', certificateKinds='(
    "1.2.840.113635.100.6.1.12",
    "1.2.840.113635.100.6.1.2"
), issueDate='2024-10-03 10:47:47 +0000''>', entitlements='(null)', teamID='G4WLA9639A', identifier='org.cocoapods.Lottie', executablePath='<DVTFilePath:0x6000190c2be0:'/Users/admin/Library/Developer/Xcode/Archives/2025-02-08/MaxPay 08-02-25, 1.23 PM.xcarchive/Products/Applications/MaxPay.app/Frameworks/Lottie.framework/Lottie'>', hardenedRuntime='0'>'> are: {
}
2025-02-08 08:10:40 +0000  Writing entitlements for <IDEDistributionItem: 0x600041f51aa0; bundleID='org.cocoapods.Lottie', path='<DVTFilePath:0x60004de70fc0:'/Users/admin/Library/Developer/Xcode/Archives/2025-02-08/MaxPay 08-02-25, 1.23 PM.xcarchive/Products/Applications/MaxPay.app/Frameworks/Lottie.framework'>', codeSigningInfo='<_DVTCodeSigningInformation_Path: 0x6000155c18b0; isSigned='1', isAdHocSigned='0', signingCertificate='<DVTSigningCertificate: 0x600048f2c9c0; name='Apple Development: Madhuresh Singh (4X7KN4PKV7)', hash='0A38B107EB4B7257E87995C367727BD063EEB167', serialNumber='42499EFA75E21BB023BEBEAE75B77BAE', certificateKinds='(
    "1.2.840.113635.100.6.1.12",
    "1.2.840.113635.100.6.1.2"
), issueDate='2024-10-03 10:47:47 +0000''>', entitlements='(null)', teamID='G4WLA9639A', identifier='org.cocoapods.Lottie', executablePath='<DVTFilePath:0x6000190c2be0:'/Users/admin/Library/Developer/Xcode/Archives/2025-02-08/MaxPay 08-02-25, 1.23 PM.xcarchive/Products/Applications/MaxPay.app/Frameworks/Lottie.framework/Lottie'>', hardenedRuntime='0'>'> to: /var/folders/h5/hdg_yl1x69387cnq926mjz5w0000gn/T/XcodeDistPipeline.~~~t4Oh52/entitlements~~~DeoCK4
2025-02-08 08:10:40 +0000  invoking codesign: <NSConcreteTask: 0x600015416350; launchPath='/usr/bin/codesign', arguments='(
    "-f",
    "-s",
    0A38B107EB4B7257E87995C367727BD063EEB167,
    "--entitlements",
    "/var/folders/h5/hdg_yl1x69387cnq926mjz5w0000gn/T/XcodeDistPipeline.~~~t4Oh52/entitlements~~~DeoCK4",
    "--preserve-metadata=identifier,flags,runtime",
    "--generate-entitlement-der",
    "--strip-disallowed-xattrs",
    "-vvv",
    "/var/folders/h5/hdg_yl1x69387cnq926mjz5w0000gn/T/XcodeDistPipeline.~~~t4Oh52/Root/Payload/MaxPay.app/Frameworks/Lottie.framework"
)'>
2025-02-08 08:10:40 +0000  codesign output: /var/folders/h5/hdg_yl1x69387cnq926mjz5w0000gn/T/XcodeDistPipeline.~~~t4Oh52/Root/Payload/MaxPay.app/Frameworks/Lottie.framework: replacing existing signature
/var/folders/h5/hdg_yl1x69387cnq926mjz5w0000gn/T/XcodeDistPipeline.~~~t4Oh52/Root/Payload/MaxPay.app/Frameworks/Lottie.framework: signed bundle with Mach-O thin (arm64) [org.cocoapods.Lottie]
2025-02-08 08:10:40 +0000  Entitlements for <IDEDistributionItem: 0x600019f4cde0; bundleID='org.cocoapods.ObjectMapper', path='<DVTFilePath:0x60004de716c0:'/Users/admin/Library/Developer/Xcode/Archives/2025-02-08/MaxPay 08-02-25, 1.23 PM.xcarchive/Products/Applications/MaxPay.app/Frameworks/ObjectMapper.framework'>', codeSigningInfo='<_DVTCodeSigningInformation_Path: 0x6000156e2b20; isSigned='1', isAdHocSigned='0', signingCertificate='<DVTSigningCertificate: 0x600048f2c180; name='Apple Development: Madhuresh Singh (4X7KN4PKV7)', hash='0A38B107EB4B7257E87995C367727BD063EEB167', serialNumber='42499EFA75E21BB023BEBEAE75B77BAE', certificateKinds='(
    "1.2.840.113635.100.6.1.12",
    "1.2.840.113635.100.6.1.2"
), issueDate='2024-10-03 10:47:47 +0000''>', entitlements='(null)', teamID='G4WLA9639A', identifier='org.cocoapods.ObjectMapper', executablePath='<DVTFilePath:0x6000190be280:'/Users/admin/Library/Developer/Xcode/Archives/2025-02-08/MaxPay 08-02-25, 1.23 PM.xcarchive/Products/Applications/MaxPay.app/Frameworks/ObjectMapper.framework/ObjectMapper'>', hardenedRuntime='0'>'>: {
}
2025-02-08 08:10:40 +0000  Associated App Clip Identifiers Filter: Skipping because "com.apple.developer.associated-appclip-app-identifiers" is not present
2025-02-08 08:10:40 +0000  Entitlements for <IDEDistributionItem: 0x600019f4cde0; bundleID='org.cocoapods.ObjectMapper', path='<DVTFilePath:0x60004de716c0:'/Users/admin/Library/Developer/Xcode/Archives/2025-02-08/MaxPay 08-02-25, 1.23 PM.xcarchive/Products/Applications/MaxPay.app/Frameworks/ObjectMapper.framework'>', codeSigningInfo='<_DVTCodeSigningInformation_Path: 0x6000156e2b20; isSigned='1', isAdHocSigned='0', signingCertificate='<DVTSigningCertificate: 0x600048f2c9c0; name='Apple Development: Madhuresh Singh (4X7KN4PKV7)', hash='0A38B107EB4B7257E87995C367727BD063EEB167', serialNumber='42499EFA75E21BB023BEBEAE75B77BAE', certificateKinds='(
    "1.2.840.113635.100.6.1.12",
    "1.2.840.113635.100.6.1.2"
), issueDate='2024-10-03 10:47:47 +0000''>', entitlements='(null)', teamID='G4WLA9639A', identifier='org.cocoapods.ObjectMapper', executablePath='<DVTFilePath:0x6000190be280:'/Users/admin/Library/Developer/Xcode/Archives/2025-02-08/MaxPay 08-02-25, 1.23 PM.xcarchive/Products/Applications/MaxPay.app/Frameworks/ObjectMapper.framework/ObjectMapper'>', hardenedRuntime='0'>'> are: {
}
2025-02-08 08:10:40 +0000  Writing entitlements for <IDEDistributionItem: 0x600019f4cde0; bundleID='org.cocoapods.ObjectMapper', path='<DVTFilePath:0x60004de716c0:'/Users/admin/Library/Developer/Xcode/Archives/2025-02-08/MaxPay 08-02-25, 1.23 PM.xcarchive/Products/Applications/MaxPay.app/Frameworks/ObjectMapper.framework'>', codeSigningInfo='<_DVTCodeSigningInformation_Path: 0x6000156e2b20; isSigned='1', isAdHocSigned='0', signingCertificate='<DVTSigningCertificate: 0x600048f2d200; name='Apple Development: Madhuresh Singh (4X7KN4PKV7)', hash='0A38B107EB4B7257E87995C367727BD063EEB167', serialNumber='42499EFA75E21BB023BEBEAE75B77BAE', certificateKinds='(
    "1.2.840.113635.100.6.1.12",
    "1.2.840.113635.100.6.1.2"
), issueDate='2024-10-03 10:47:47 +0000''>', entitlements='(null)', teamID='G4WLA9639A', identifier='org.cocoapods.ObjectMapper', executablePath='<DVTFilePath:0x6000190be280:'/Users/admin/Library/Developer/Xcode/Archives/2025-02-08/MaxPay 08-02-25, 1.23 PM.xcarchive/Products/Applications/MaxPay.app/Frameworks/ObjectMapper.framework/ObjectMapper'>', hardenedRuntime='0'>'> to: /var/folders/h5/hdg_yl1x69387cnq926mjz5w0000gn/T/XcodeDistPipeline.~~~t4Oh52/entitlements~~~9utolR
2025-02-08 08:10:40 +0000  invoking codesign: <NSConcreteTask: 0x600015415cc0; launchPath='/usr/bin/codesign', arguments='(
    "-f",
    "-s",
    0A38B107EB4B7257E87995C367727BD063EEB167,
    "--entitlements",
    "/var/folders/h5/hdg_yl1x69387cnq926mjz5w0000gn/T/XcodeDistPipeline.~~~t4Oh52/entitlements~~~9utolR",
    "--preserve-metadata=identifier,flags,runtime",
    "--generate-entitlement-der",
    "--strip-disallowed-xattrs",
    "-vvv",
    "/var/folders/h5/hdg_yl1x69387cnq926mjz5w0000gn/T/XcodeDistPipeline.~~~t4Oh52/Root/Payload/MaxPay.app/Frameworks/ObjectMapper.framework"
)'>
2025-02-08 08:10:40 +0000  codesign output: /var/folders/h5/hdg_yl1x69387cnq926mjz5w0000gn/T/XcodeDistPipeline.~~~t4Oh52/Root/Payload/MaxPay.app/Frameworks/ObjectMapper.framework: replacing existing signature
/var/folders/h5/hdg_yl1x69387cnq926mjz5w0000gn/T/XcodeDistPipeline.~~~t4Oh52/Root/Payload/MaxPay.app/Frameworks/ObjectMapper.framework: signed bundle with Mach-O thin (arm64) [org.cocoapods.ObjectMapper]
2025-02-08 08:10:40 +0000  Entitlements for <IDEDistributionItem: 0x6000190ef000; bundleID='com.olive.OlivePayLibrary', path='<DVTFilePath:0x60004de71880:'/Users/admin/Library/Developer/Xcode/Archives/2025-02-08/MaxPay 08-02-25, 1.23 PM.xcarchive/Products/Applications/MaxPay.app/Frameworks/OlivePayLibrary.framework'>', codeSigningInfo='<_DVTCodeSigningInformation_Path: 0x6000156b5220; isSigned='1', isAdHocSigned='0', signingCertificate='<DVTSigningCertificate: 0x600048f2c180; name='Apple Development: Madhuresh Singh (4X7KN4PKV7)', hash='0A38B107EB4B7257E87995C367727BD063EEB167', serialNumber='42499EFA75E21BB023BEBEAE75B77BAE', certificateKinds='(
    "1.2.840.113635.100.6.1.12",
    "1.2.840.113635.100.6.1.2"
), issueDate='2024-10-03 10:47:47 +0000''>', entitlements='(null)', teamID='G4WLA9639A', identifier='com.olive.OlivePayLibrary', executablePath='<DVTFilePath:0x6000190bf2a0:'/Users/admin/Library/Developer/Xcode/Archives/2025-02-08/MaxPay 08-02-25, 1.23 PM.xcarchive/Products/Applications/MaxPay.app/Frameworks/OlivePayLibrary.framework/OlivePayLibrary'>', hardenedRuntime='0'>'>: {
}
2025-02-08 08:10:40 +0000  Associated App Clip Identifiers Filter: Skipping because "com.apple.developer.associated-appclip-app-identifiers" is not present
2025-02-08 08:10:40 +0000  Entitlements for <IDEDistributionItem: 0x6000190ef000; bundleID='com.olive.OlivePayLibrary', path='<DVTFilePath:0x60004de71880:'/Users/admin/Library/Developer/Xcode/Archives/2025-02-08/MaxPay 08-02-25, 1.23 PM.xcarchive/Products/Applications/MaxPay.app/Frameworks/OlivePayLibrary.framework'>', codeSigningInfo='<_DVTCodeSigningInformation_Path: 0x6000156b5220; isSigned='1', isAdHocSigned='0', signingCertificate='<DVTSigningCertificate: 0x600048f2c9c0; name='Apple Development: Madhuresh Singh (4X7KN4PKV7)', hash='0A38B107EB4B7257E87995C367727BD063EEB167', serialNumber='42499EFA75E21BB023BEBEAE75B77BAE', certificateKinds='(
    "1.2.840.113635.100.6.1.12",
    "1.2.840.113635.100.6.1.2"
), issueDate='2024-10-03 10:47:47 +0000''>', entitlements='(null)', teamID='G4WLA9639A', identifier='com.olive.OlivePayLibrary', executablePath='<DVTFilePath:0x6000190bf2a0:'/Users/admin/Library/Developer/Xcode/Archives/2025-02-08/MaxPay 08-02-25, 1.23 PM.xcarchive/Products/Applications/MaxPay.app/Frameworks/OlivePayLibrary.framework/OlivePayLibrary'>', hardenedRuntime='0'>'> are: {
}
2025-02-08 08:10:40 +0000  Writing entitlements for <IDEDistributionItem: 0x6000190ef000; bundleID='com.olive.OlivePayLibrary', path='<DVTFilePath:0x60004de71880:'/Users/admin/Library/Developer/Xcode/Archives/2025-02-08/MaxPay 08-02-25, 1.23 PM.xcarchive/Products/Applications/MaxPay.app/Frameworks/OlivePayLibrary.framework'>', codeSigningInfo='<_DVTCodeSigningInformation_Path: 0x6000156b5220; isSigned='1', isAdHocSigned='0', signingCertificate='<DVTSigningCertificate: 0x600048f2d200; name='Apple Development: Madhuresh Singh (4X7KN4PKV7)', hash='0A38B107EB4B7257E87995C367727BD063EEB167', serialNumber='42499EFA75E21BB023BEBEAE75B77BAE', certificateKinds='(
    "1.2.840.113635.100.6.1.12",
    "1.2.840.113635.100.6.1.2"
), issueDate='2024-10-03 10:47:47 +0000''>', entitlements='(null)', teamID='G4WLA9639A', identifier='com.olive.OlivePayLibrary', executablePath='<DVTFilePath:0x6000190bf2a0:'/Users/admin/Library/Developer/Xcode/Archives/2025-02-08/MaxPay 08-02-25, 1.23 PM.xcarchive/Products/Applications/MaxPay.app/Frameworks/OlivePayLibrary.framework/OlivePayLibrary'>', hardenedRuntime='0'>'> to: /var/folders/h5/hdg_yl1x69387cnq926mjz5w0000gn/T/XcodeDistPipeline.~~~t4Oh52/entitlements~~~4cCbDR
2025-02-08 08:10:40 +0000  invoking codesign: <NSConcreteTask: 0x60001559b200; launchPath='/usr/bin/codesign', arguments='(
    "-f",
    "-s",
    0A38B107EB4B7257E87995C367727BD063EEB167,
    "--entitlements",
    "/var/folders/h5/hdg_yl1x69387cnq926mjz5w0000gn/T/XcodeDistPipeline.~~~t4Oh52/entitlements~~~4cCbDR",
    "--preserve-metadata=identifier,flags,runtime",
    "--generate-entitlement-der",
    "--strip-disallowed-xattrs",
    "-vvv",
    "/var/folders/h5/hdg_yl1x69387cnq926mjz5w0000gn/T/XcodeDistPipeline.~~~t4Oh52/Root/Payload/MaxPay.app/Frameworks/OlivePayLibrary.framework"
)'>
2025-02-08 08:10:40 +0000  codesign output: /var/folders/h5/hdg_yl1x69387cnq926mjz5w0000gn/T/XcodeDistPipeline.~~~t4Oh52/Root/Payload/MaxPay.app/Frameworks/OlivePayLibrary.framework: replacing existing signature
/var/folders/h5/hdg_yl1x69387cnq926mjz5w0000gn/T/XcodeDistPipeline.~~~t4Oh52/Root/Payload/MaxPay.app/Frameworks/OlivePayLibrary.framework: signed bundle with Mach-O thin (arm64) [com.olive.OlivePayLibrary]
2025-02-08 08:10:40 +0000  Entitlements for <IDEDistributionItem: 0x6000190f9380; bundleID='org.cocoapods.OpalImagePicker', path='<DVTFilePath:0x60004de71c00:'/Users/admin/Library/Developer/Xcode/Archives/2025-02-08/MaxPay 08-02-25, 1.23 PM.xcarchive/Products/Applications/MaxPay.app/Frameworks/OpalImagePicker.framework'>', codeSigningInfo='<_DVTCodeSigningInformation_Path: 0x6000156c9ae0; isSigned='1', isAdHocSigned='0', signingCertificate='<DVTSigningCertificate: 0x600048f2c180; name='Apple Development: Madhuresh Singh (4X7KN4PKV7)', hash='0A38B107EB4B7257E87995C367727BD063EEB167', serialNumber='42499EFA75E21BB023BEBEAE75B77BAE', certificateKinds='(
    "1.2.840.113635.100.6.1.12",
    "1.2.840.113635.100.6.1.2"
), issueDate='2024-10-03 10:47:47 +0000''>', entitlements='(null)', teamID='G4WLA9639A', identifier='org.cocoapods.OpalImagePicker', executablePath='<DVTFilePath:0x6000190bfcc0:'/Users/admin/Library/Developer/Xcode/Archives/2025-02-08/MaxPay 08-02-25, 1.23 PM.xcarchive/Products/Applications/MaxPay.app/Frameworks/OpalImagePicker.framework/OpalImagePicker'>', hardenedRuntime='0'>'>: {
}
2025-02-08 08:10:40 +0000  Associated App Clip Identifiers Filter: Skipping because "com.apple.developer.associated-appclip-app-identifiers" is not present
2025-02-08 08:10:40 +0000  Entitlements for <IDEDistributionItem: 0x6000190f9380; bundleID='org.cocoapods.OpalImagePicker', path='<DVTFilePath:0x60004de71c00:'/Users/admin/Library/Developer/Xcode/Archives/2025-02-08/MaxPay 08-02-25, 1.23 PM.xcarchive/Products/Applications/MaxPay.app/Frameworks/OpalImagePicker.framework'>', codeSigningInfo='<_DVTCodeSigningInformation_Path: 0x6000156c9ae0; isSigned='1', isAdHocSigned='0', signingCertificate='<DVTSigningCertificate: 0x600048f0e040; name='Apple Development: Madhuresh Singh (4X7KN4PKV7)', hash='0A38B107EB4B7257E87995C367727BD063EEB167', serialNumber='42499EFA75E21BB023BEBEAE75B77BAE', certificateKinds='(
    "1.2.840.113635.100.6.1.12",
    "1.2.840.113635.100.6.1.2"
), issueDate='2024-10-03 10:47:47 +0000''>', entitlements='(null)', teamID='G4WLA9639A', identifier='org.cocoapods.OpalImagePicker', executablePath='<DVTFilePath:0x6000190bfcc0:'/Users/admin/Library/Developer/Xcode/Archives/2025-02-08/MaxPay 08-02-25, 1.23 PM.xcarchive/Products/Applications/MaxPay.app/Frameworks/OpalImagePicker.framework/OpalImagePicker'>', hardenedRuntime='0'>'> are: {
}
2025-02-08 08:10:40 +0000  Writing entitlements for <IDEDistributionItem: 0x6000190f9380; bundleID='org.cocoapods.OpalImagePicker', path='<DVTFilePath:0x60004de71c00:'/Users/admin/Library/Developer/Xcode/Archives/2025-02-08/MaxPay 08-02-25, 1.23 PM.xcarchive/Products/Applications/MaxPay.app/Frameworks/OpalImagePicker.framework'>', codeSigningInfo='<_DVTCodeSigningInformation_Path: 0x6000156c9ae0; isSigned='1', isAdHocSigned='0', signingCertificate='<DVTSigningCertificate: 0x600048f0dd40; name='Apple Development: Madhuresh Singh (4X7KN4PKV7)', hash='0A38B107EB4B7257E87995C367727BD063EEB167', serialNumber='42499EFA75E21BB023BEBEAE75B77BAE', certificateKinds='(
    "1.2.840.113635.100.6.1.12",
    "1.2.840.113635.100.6.1.2"
), issueDate='2024-10-03 10:47:47 +0000''>', entitlements='(null)', teamID='G4WLA9639A', identifier='org.cocoapods.OpalImagePicker', executablePath='<DVTFilePath:0x6000190bfcc0:'/Users/admin/Library/Developer/Xcode/Archives/2025-02-08/MaxPay 08-02-25, 1.23 PM.xcarchive/Products/Applications/MaxPay.app/Frameworks/OpalImagePicker.framework/OpalImagePicker'>', hardenedRuntime='0'>'> to: /var/folders/h5/hdg_yl1x69387cnq926mjz5w0000gn/T/XcodeDistPipeline.~~~t4Oh52/entitlements~~~9JoCvB
2025-02-08 08:10:40 +0000  invoking codesign: <NSConcreteTask: 0x60001137ef30; launchPath='/usr/bin/codesign', arguments='(
    "-f",
    "-s",
    0A38B107EB4B7257E87995C367727BD063EEB167,
    "--entitlements",
    "/var/folders/h5/hdg_yl1x69387cnq926mjz5w0000gn/T/XcodeDistPipeline.~~~t4Oh52/entitlements~~~9JoCvB",
    "--preserve-metadata=identifier,flags,runtime",
    "--generate-entitlement-der",
    "--strip-disallowed-xattrs",
    "-vvv",
    "/var/folders/h5/hdg_yl1x69387cnq926mjz5w0000gn/T/XcodeDistPipeline.~~~t4Oh52/Root/Payload/MaxPay.app/Frameworks/OpalImagePicker.framework"
)'>
2025-02-08 08:10:40 +0000  codesign output: /var/folders/h5/hdg_yl1x69387cnq926mjz5w0000gn/T/XcodeDistPipeline.~~~t4Oh52/Root/Payload/MaxPay.app/Frameworks/OpalImagePicker.framework: replacing existing signature
/var/folders/h5/hdg_yl1x69387cnq926mjz5w0000gn/T/XcodeDistPipeline.~~~t4Oh52/Root/Payload/MaxPay.app/Frameworks/OpalImagePicker.framework: signed bundle with Mach-O thin (arm64) [org.cocoapods.OpalImagePicker]
2025-02-08 08:10:40 +0000  Entitlements for <IDEDistributionItem: 0x6000190feee0; bundleID='org.cocoapods.PieCharts', path='<DVTFilePath:0x60004de71f10:'/Users/admin/Library/Developer/Xcode/Archives/2025-02-08/MaxPay 08-02-25, 1.23 PM.xcarchive/Products/Applications/MaxPay.app/Frameworks/PieCharts.framework'>', codeSigningInfo='<_DVTCodeSigningInformation_Path: 0x6000115cb610; isSigned='1', isAdHocSigned='0', signingCertificate='<DVTSigningCertificate: 0x600048f0e040; name='Apple Development: Madhuresh Singh (4X7KN4PKV7)', hash='0A38B107EB4B7257E87995C367727BD063EEB167', serialNumber='42499EFA75E21BB023BEBEAE75B77BAE', certificateKinds='(
    "1.2.840.113635.100.6.1.12",
    "1.2.840.113635.100.6.1.2"
), issueDate='2024-10-03 10:47:47 +0000''>', entitlements='(null)', teamID='G4WLA9639A', identifier='org.cocoapods.PieCharts', executablePath='<DVTFilePath:0x6000190bd860:'/Users/admin/Library/Developer/Xcode/Archives/2025-02-08/MaxPay 08-02-25, 1.23 PM.xcarchive/Products/Applications/MaxPay.app/Frameworks/PieCharts.framework/PieCharts'>', hardenedRuntime='0'>'>: {
}
2025-02-08 08:10:40 +0000  Associated App Clip Identifiers Filter: Skipping because "com.apple.developer.associated-appclip-app-identifiers" is not present
2025-02-08 08:10:40 +0000  Entitlements for <IDEDistributionItem: 0x6000190feee0; bundleID='org.cocoapods.PieCharts', path='<DVTFilePath:0x60004de71f10:'/Users/admin/Library/Developer/Xcode/Archives/2025-02-08/MaxPay 08-02-25, 1.23 PM.xcarchive/Products/Applications/MaxPay.app/Frameworks/PieCharts.framework'>', codeSigningInfo='<_DVTCodeSigningInformation_Path: 0x6000115cb610; isSigned='1', isAdHocSigned='0', signingCertificate='<DVTSigningCertificate: 0x600048f0dd40; name='Apple Development: Madhuresh Singh (4X7KN4PKV7)', hash='0A38B107EB4B7257E87995C367727BD063EEB167', serialNumber='42499EFA75E21BB023BEBEAE75B77BAE', certificateKinds='(
    "1.2.840.113635.100.6.1.12",
    "1.2.840.113635.100.6.1.2"
), issueDate='2024-10-03 10:47:47 +0000''>', entitlements='(null)', teamID='G4WLA9639A', identifier='org.cocoapods.PieCharts', executablePath='<DVTFilePath:0x6000190bd860:'/Users/admin/Library/Developer/Xcode/Archives/2025-02-08/MaxPay 08-02-25, 1.23 PM.xcarchive/Products/Applications/MaxPay.app/Frameworks/PieCharts.framework/PieCharts'>', hardenedRuntime='0'>'> are: {
}
2025-02-08 08:10:40 +0000  Writing entitlements for <IDEDistributionItem: 0x6000190feee0; bundleID='org.cocoapods.PieCharts', path='<DVTFilePath:0x60004de71f10:'/Users/admin/Library/Developer/Xcode/Archives/2025-02-08/MaxPay 08-02-25, 1.23 PM.xcarchive/Products/Applications/MaxPay.app/Frameworks/PieCharts.framework'>', codeSigningInfo='<_DVTCodeSigningInformation_Path: 0x6000115cb610; isSigned='1', isAdHocSigned='0', signingCertificate='<DVTSigningCertificate: 0x600048f14fc0; name='Apple Development: Madhuresh Singh (4X7KN4PKV7)', hash='0A38B107EB4B7257E87995C367727BD063EEB167', serialNumber='42499EFA75E21BB023BEBEAE75B77BAE', certificateKinds='(
    "1.2.840.113635.100.6.1.12",
    "1.2.840.113635.100.6.1.2"
), issueDate='2024-10-03 10:47:47 +0000''>', entitlements='(null)', teamID='G4WLA9639A', identifier='org.cocoapods.PieCharts', executablePath='<DVTFilePath:0x6000190bd860:'/Users/admin/Library/Developer/Xcode/Archives/2025-02-08/MaxPay 08-02-25, 1.23 PM.xcarchive/Products/Applications/MaxPay.app/Frameworks/PieCharts.framework/PieCharts'>', hardenedRuntime='0'>'> to: /var/folders/h5/hdg_yl1x69387cnq926mjz5w0000gn/T/XcodeDistPipeline.~~~t4Oh52/entitlements~~~IYMoxv
2025-02-08 08:10:40 +0000  invoking codesign: <NSConcreteTask: 0x600015540320; launchPath='/usr/bin/codesign', arguments='(
    "-f",
    "-s",
    0A38B107EB4B7257E87995C367727BD063EEB167,
    "--entitlements",
    "/var/folders/h5/hdg_yl1x69387cnq926mjz5w0000gn/T/XcodeDistPipeline.~~~t4Oh52/entitlements~~~IYMoxv",
    "--preserve-metadata=identifier,flags,runtime",
    "--generate-entitlement-der",
    "--strip-disallowed-xattrs",
    "-vvv",
    "/var/folders/h5/hdg_yl1x69387cnq926mjz5w0000gn/T/XcodeDistPipeline.~~~t4Oh52/Root/Payload/MaxPay.app/Frameworks/PieCharts.framework"
)'>
2025-02-08 08:10:41 +0000  codesign output: /var/folders/h5/hdg_yl1x69387cnq926mjz5w0000gn/T/XcodeDistPipeline.~~~t4Oh52/Root/Payload/MaxPay.app/Frameworks/PieCharts.framework: replacing existing signature
/var/folders/h5/hdg_yl1x69387cnq926mjz5w0000gn/T/XcodeDistPipeline.~~~t4Oh52/Root/Payload/MaxPay.app/Frameworks/PieCharts.framework: signed bundle with Mach-O thin (arm64) [org.cocoapods.PieCharts]
2025-02-08 08:10:41 +0000  Entitlements for <IDEDistributionItem: 0x6000190f4cc0; bundleID='org.cocoapods.ProgressHUD', path='<DVTFilePath:0x60004de720d0:'/Users/admin/Library/Developer/Xcode/Archives/2025-02-08/MaxPay 08-02-25, 1.23 PM.xcarchive/Products/Applications/MaxPay.app/Frameworks/ProgressHUD.framework'>', codeSigningInfo='<_DVTCodeSigningInformation_Path: 0x60003165dbd0; isSigned='1', isAdHocSigned='0', signingCertificate='<DVTSigningCertificate: 0x600048f2c9c0; name='Apple Development: Madhuresh Singh (4X7KN4PKV7)', hash='0A38B107EB4B7257E87995C367727BD063EEB167', serialNumber='42499EFA75E21BB023BEBEAE75B77BAE', certificateKinds='(
    "1.2.840.113635.100.6.1.12",
    "1.2.840.113635.100.6.1.2"
), issueDate='2024-10-03 10:47:47 +0000''>', entitlements='(null)', teamID='G4WLA9639A', identifier='org.cocoapods.ProgressHUD', executablePath='<DVTFilePath:0x6000190bdc80:'/Users/admin/Library/Developer/Xcode/Archives/2025-02-08/MaxPay 08-02-25, 1.23 PM.xcarchive/Products/Applications/MaxPay.app/Frameworks/ProgressHUD.framework/ProgressHUD'>', hardenedRuntime='0'>'>: {
}
2025-02-08 08:10:41 +0000  Associated App Clip Identifiers Filter: Skipping because "com.apple.developer.associated-appclip-app-identifiers" is not present
2025-02-08 08:10:41 +0000  Entitlements for <IDEDistributionItem: 0x6000190f4cc0; bundleID='org.cocoapods.ProgressHUD', path='<DVTFilePath:0x60004de720d0:'/Users/admin/Library/Developer/Xcode/Archives/2025-02-08/MaxPay 08-02-25, 1.23 PM.xcarchive/Products/Applications/MaxPay.app/Frameworks/ProgressHUD.framework'>', codeSigningInfo='<_DVTCodeSigningInformation_Path: 0x60003165dbd0; isSigned='1', isAdHocSigned='0', signingCertificate='<DVTSigningCertificate: 0x600048f2c180; name='Apple Development: Madhuresh Singh (4X7KN4PKV7)', hash='0A38B107EB4B7257E87995C367727BD063EEB167', serialNumber='42499EFA75E21BB023BEBEAE75B77BAE', certificateKinds='(
    "1.2.840.113635.100.6.1.12",
    "1.2.840.113635.100.6.1.2"
), issueDate='2024-10-03 10:47:47 +0000''>', entitlements='(null)', teamID='G4WLA9639A', identifier='org.cocoapods.ProgressHUD', executablePath='<DVTFilePath:0x6000190bdc80:'/Users/admin/Library/Developer/Xcode/Archives/2025-02-08/MaxPay 08-02-25, 1.23 PM.xcarchive/Products/Applications/MaxPay.app/Frameworks/ProgressHUD.framework/ProgressHUD'>', hardenedRuntime='0'>'> are: {
}
2025-02-08 08:10:41 +0000  Writing entitlements for <IDEDistributionItem: 0x6000190f4cc0; bundleID='org.cocoapods.ProgressHUD', path='<DVTFilePath:0x60004de720d0:'/Users/admin/Library/Developer/Xcode/Archives/2025-02-08/MaxPay 08-02-25, 1.23 PM.xcarchive/Products/Applications/MaxPay.app/Frameworks/ProgressHUD.framework'>', codeSigningInfo='<_DVTCodeSigningInformation_Path: 0x60003165dbd0; isSigned='1', isAdHocSigned='0', signingCertificate='<DVTSigningCertificate: 0x600048f14fc0; name='Apple Development: Madhuresh Singh (4X7KN4PKV7)', hash='0A38B107EB4B7257E87995C367727BD063EEB167', serialNumber='42499EFA75E21BB023BEBEAE75B77BAE', certificateKinds='(
    "1.2.840.113635.100.6.1.12",
    "1.2.840.113635.100.6.1.2"
), issueDate='2024-10-03 10:47:47 +0000''>', entitlements='(null)', teamID='G4WLA9639A', identifier='org.cocoapods.ProgressHUD', executablePath='<DVTFilePath:0x6000190bdc80:'/Users/admin/Library/Developer/Xcode/Archives/2025-02-08/MaxPay 08-02-25, 1.23 PM.xcarchive/Products/Applications/MaxPay.app/Frameworks/ProgressHUD.framework/ProgressHUD'>', hardenedRuntime='0'>'> to: /var/folders/h5/hdg_yl1x69387cnq926mjz5w0000gn/T/XcodeDistPipeline.~~~t4Oh52/entitlements~~~NLolYB
2025-02-08 08:10:41 +0000  invoking codesign: <NSConcreteTask: 0x600015414d20; launchPath='/usr/bin/codesign', arguments='(
    "-f",
    "-s",
    0A38B107EB4B7257E87995C367727BD063EEB167,
    "--entitlements",
    "/var/folders/h5/hdg_yl1x69387cnq926mjz5w0000gn/T/XcodeDistPipeline.~~~t4Oh52/entitlements~~~NLolYB",
    "--preserve-metadata=identifier,flags,runtime",
    "--generate-entitlement-der",
    "--strip-disallowed-xattrs",
    "-vvv",
    "/var/folders/h5/hdg_yl1x69387cnq926mjz5w0000gn/T/XcodeDistPipeline.~~~t4Oh52/Root/Payload/MaxPay.app/Frameworks/ProgressHUD.framework"
)'>
2025-02-08 08:10:41 +0000  codesign output: /var/folders/h5/hdg_yl1x69387cnq926mjz5w0000gn/T/XcodeDistPipeline.~~~t4Oh52/Root/Payload/MaxPay.app/Frameworks/ProgressHUD.framework: replacing existing signature
/var/folders/h5/hdg_yl1x69387cnq926mjz5w0000gn/T/XcodeDistPipeline.~~~t4Oh52/Root/Payload/MaxPay.app/Frameworks/ProgressHUD.framework: signed bundle with Mach-O thin (arm64) [org.cocoapods.ProgressHUD]
2025-02-08 08:10:41 +0000  Entitlements for <IDEDistributionItem: 0x60000d082b20; bundleID='org.cocoapods.SDWebImage', path='<DVTFilePath:0x60004de72290:'/Users/admin/Library/Developer/Xcode/Archives/2025-02-08/MaxPay 08-02-25, 1.23 PM.xcarchive/Products/Applications/MaxPay.app/Frameworks/SDWebImage.framework'>', codeSigningInfo='<_DVTCodeSigningInformation_Path: 0x600015503f70; isSigned='1', isAdHocSigned='0', signingCertificate='<DVTSigningCertificate: 0x600004085500; name='Apple Development: Madhuresh Singh (4X7KN4PKV7)', hash='0A38B107EB4B7257E87995C367727BD063EEB167', serialNumber='42499EFA75E21BB023BEBEAE75B77BAE', certificateKinds='(
    "1.2.840.113635.100.6.1.12",
    "1.2.840.113635.100.6.1.2"
), issueDate='2024-10-03 10:47:47 +0000''>', entitlements='(null)', teamID='G4WLA9639A', identifier='org.cocoapods.SDWebImage', executablePath='<DVTFilePath:0x6000190bdda0:'/Users/admin/Library/Developer/Xcode/Archives/2025-02-08/MaxPay 08-02-25, 1.23 PM.xcarchive/Products/Applications/MaxPay.app/Frameworks/SDWebImage.framework/SDWebImage'>', hardenedRuntime='0'>'>: {
}
2025-02-08 08:10:41 +0000  Associated App Clip Identifiers Filter: Skipping because "com.apple.developer.associated-appclip-app-identifiers" is not present
2025-02-08 08:10:41 +0000  Entitlements for <IDEDistributionItem: 0x60000d082b20; bundleID='org.cocoapods.SDWebImage', path='<DVTFilePath:0x60004de72290:'/Users/admin/Library/Developer/Xcode/Archives/2025-02-08/MaxPay 08-02-25, 1.23 PM.xcarchive/Products/Applications/MaxPay.app/Frameworks/SDWebImage.framework'>', codeSigningInfo='<_DVTCodeSigningInformation_Path: 0x600015503f70; isSigned='1', isAdHocSigned='0', signingCertificate='<DVTSigningCertificate: 0x600048067600; name='Apple Development: Madhuresh Singh (4X7KN4PKV7)', hash='0A38B107EB4B7257E87995C367727BD063EEB167', serialNumber='42499EFA75E21BB023BEBEAE75B77BAE', certificateKinds='(
    "1.2.840.113635.100.6.1.12",
    "1.2.840.113635.100.6.1.2"
), issueDate='2024-10-03 10:47:47 +0000''>', entitlements='(null)', teamID='G4WLA9639A', identifier='org.cocoapods.SDWebImage', executablePath='<DVTFilePath:0x6000190bdda0:'/Users/admin/Library/Developer/Xcode/Archives/2025-02-08/MaxPay 08-02-25, 1.23 PM.xcarchive/Products/Applications/MaxPay.app/Frameworks/SDWebImage.framework/SDWebImage'>', hardenedRuntime='0'>'> are: {
}
2025-02-08 08:10:41 +0000  Writing entitlements for <IDEDistributionItem: 0x60000d082b20; bundleID='org.cocoapods.SDWebImage', path='<DVTFilePath:0x60004de72290:'/Users/admin/Library/Developer/Xcode/Archives/2025-02-08/MaxPay 08-02-25, 1.23 PM.xcarchive/Products/Applications/MaxPay.app/Frameworks/SDWebImage.framework'>', codeSigningInfo='<_DVTCodeSigningInformation_Path: 0x600015503f70; isSigned='1', isAdHocSigned='0', signingCertificate='<DVTSigningCertificate: 0x600048067240; name='Apple Development: Madhuresh Singh (4X7KN4PKV7)', hash='0A38B107EB4B7257E87995C367727BD063EEB167', serialNumber='42499EFA75E21BB023BEBEAE75B77BAE', certificateKinds='(
    "1.2.840.113635.100.6.1.12",
    "1.2.840.113635.100.6.1.2"
), issueDate='2024-10-03 10:47:47 +0000''>', entitlements='(null)', teamID='G4WLA9639A', identifier='org.cocoapods.SDWebImage', executablePath='<DVTFilePath:0x6000190bdda0:'/Users/admin/Library/Developer/Xcode/Archives/2025-02-08/MaxPay 08-02-25, 1.23 PM.xcarchive/Products/Applications/MaxPay.app/Frameworks/SDWebImage.framework/SDWebImage'>', hardenedRuntime='0'>'> to: /var/folders/h5/hdg_yl1x69387cnq926mjz5w0000gn/T/XcodeDistPipeline.~~~t4Oh52/entitlements~~~n141NA
2025-02-08 08:10:41 +0000  invoking codesign: <NSConcreteTask: 0x6000154140f0; launchPath='/usr/bin/codesign', arguments='(
    "-f",
    "-s",
    0A38B107EB4B7257E87995C367727BD063EEB167,
    "--entitlements",
    "/var/folders/h5/hdg_yl1x69387cnq926mjz5w0000gn/T/XcodeDistPipeline.~~~t4Oh52/entitlements~~~n141NA",
    "--preserve-metadata=identifier,flags,runtime",
    "--generate-entitlement-der",
    "--strip-disallowed-xattrs",
    "-vvv",
    "/var/folders/h5/hdg_yl1x69387cnq926mjz5w0000gn/T/XcodeDistPipeline.~~~t4Oh52/Root/Payload/MaxPay.app/Frameworks/SDWebImage.framework"
)'>
2025-02-08 08:10:41 +0000  codesign output: /var/folders/h5/hdg_yl1x69387cnq926mjz5w0000gn/T/XcodeDistPipeline.~~~t4Oh52/Root/Payload/MaxPay.app/Frameworks/SDWebImage.framework: replacing existing signature
/var/folders/h5/hdg_yl1x69387cnq926mjz5w0000gn/T/XcodeDistPipeline.~~~t4Oh52/Root/Payload/MaxPay.app/Frameworks/SDWebImage.framework: signed bundle with Mach-O thin (arm64) [org.cocoapods.SDWebImage]
2025-02-08 08:10:41 +0000  Entitlements for <IDEDistributionItem: 0x6000190ff6c0; bundleID='org.cocoapods.SSSwiftUILoader', path='<DVTFilePath:0x60004de72ca0:'/Users/admin/Library/Developer/Xcode/Archives/2025-02-08/MaxPay 08-02-25, 1.23 PM.xcarchive/Products/Applications/MaxPay.app/Frameworks/SSSwiftUILoader.framework'>', codeSigningInfo='<_DVTCodeSigningInformation_Path: 0x6000156cbac0; isSigned='1', isAdHocSigned='0', signingCertificate='<DVTSigningCertificate: 0x600048f0e040; name='Apple Development: Madhuresh Singh (4X7KN4PKV7)', hash='0A38B107EB4B7257E87995C367727BD063EEB167', serialNumber='42499EFA75E21BB023BEBEAE75B77BAE', certificateKinds='(
    "1.2.840.113635.100.6.1.12",
    "1.2.840.113635.100.6.1.2"
), issueDate='2024-10-03 10:47:47 +0000''>', entitlements='(null)', teamID='G4WLA9639A', identifier='org.cocoapods.SSSwiftUILoader', executablePath='<DVTFilePath:0x600009f23600:'/Users/admin/Library/Developer/Xcode/Archives/2025-02-08/MaxPay 08-02-25, 1.23 PM.xcarchive/Products/Applications/MaxPay.app/Frameworks/SSSwiftUILoader.framework/SSSwiftUILoader'>', hardenedRuntime='0'>'>: {
}
2025-02-08 08:10:41 +0000  Associated App Clip Identifiers Filter: Skipping because "com.apple.developer.associated-appclip-app-identifiers" is not present
2025-02-08 08:10:41 +0000  Entitlements for <IDEDistributionItem: 0x6000190ff6c0; bundleID='org.cocoapods.SSSwiftUILoader', path='<DVTFilePath:0x60004de72ca0:'/Users/admin/Library/Developer/Xcode/Archives/2025-02-08/MaxPay 08-02-25, 1.23 PM.xcarchive/Products/Applications/MaxPay.app/Frameworks/SSSwiftUILoader.framework'>', codeSigningInfo='<_DVTCodeSigningInformation_Path: 0x6000156cbac0; isSigned='1', isAdHocSigned='0', signingCertificate='<DVTSigningCertificate: 0x600048f0dd40; name='Apple Development: Madhuresh Singh (4X7KN4PKV7)', hash='0A38B107EB4B7257E87995C367727BD063EEB167', serialNumber='42499EFA75E21BB023BEBEAE75B77BAE', certificateKinds='(
    "1.2.840.113635.100.6.1.12",
    "1.2.840.113635.100.6.1.2"
), issueDate='2024-10-03 10:47:47 +0000''>', entitlements='(null)', teamID='G4WLA9639A', identifier='org.cocoapods.SSSwiftUILoader', executablePath='<DVTFilePath:0x600009f23600:'/Users/admin/Library/Developer/Xcode/Archives/2025-02-08/MaxPay 08-02-25, 1.23 PM.xcarchive/Products/Applications/MaxPay.app/Frameworks/SSSwiftUILoader.framework/SSSwiftUILoader'>', hardenedRuntime='0'>'> are: {
}
2025-02-08 08:10:41 +0000  Writing entitlements for <IDEDistributionItem: 0x6000190ff6c0; bundleID='org.cocoapods.SSSwiftUILoader', path='<DVTFilePath:0x60004de72ca0:'/Users/admin/Library/Developer/Xcode/Archives/2025-02-08/MaxPay 08-02-25, 1.23 PM.xcarchive/Products/Applications/MaxPay.app/Frameworks/SSSwiftUILoader.framework'>', codeSigningInfo='<_DVTCodeSigningInformation_Path: 0x6000156cbac0; isSigned='1', isAdHocSigned='0', signingCertificate='<DVTSigningCertificate: 0x600048067600; name='Apple Development: Madhuresh Singh (4X7KN4PKV7)', hash='0A38B107EB4B7257E87995C367727BD063EEB167', serialNumber='42499EFA75E21BB023BEBEAE75B77BAE', certificateKinds='(
    "1.2.840.113635.100.6.1.12",
    "1.2.840.113635.100.6.1.2"
), issueDate='2024-10-03 10:47:47 +0000''>', entitlements='(null)', teamID='G4WLA9639A', identifier='org.cocoapods.SSSwiftUILoader', executablePath='<DVTFilePath:0x600009f23600:'/Users/admin/Library/Developer/Xcode/Archives/2025-02-08/MaxPay 08-02-25, 1.23 PM.xcarchive/Products/Applications/MaxPay.app/Frameworks/SSSwiftUILoader.framework/SSSwiftUILoader'>', hardenedRuntime='0'>'> to: /var/folders/h5/hdg_yl1x69387cnq926mjz5w0000gn/T/XcodeDistPipeline.~~~t4Oh52/entitlements~~~7GQR5O
2025-02-08 08:10:41 +0000  invoking codesign: <NSConcreteTask: 0x600015414eb0; launchPath='/usr/bin/codesign', arguments='(
    "-f",
    "-s",
    0A38B107EB4B7257E87995C367727BD063EEB167,
    "--entitlements",
    "/var/folders/h5/hdg_yl1x69387cnq926mjz5w0000gn/T/XcodeDistPipeline.~~~t4Oh52/entitlements~~~7GQR5O",
    "--preserve-metadata=identifier,flags,runtime",
    "--generate-entitlement-der",
    "--strip-disallowed-xattrs",
    "-vvv",
    "/var/folders/h5/hdg_yl1x69387cnq926mjz5w0000gn/T/XcodeDistPipeline.~~~t4Oh52/Root/Payload/MaxPay.app/Frameworks/SSSwiftUILoader.framework"
)'>
2025-02-08 08:10:41 +0000  codesign output: /var/folders/h5/hdg_yl1x69387cnq926mjz5w0000gn/T/XcodeDistPipeline.~~~t4Oh52/Root/Payload/MaxPay.app/Frameworks/SSSwiftUILoader.framework: replacing existing signature
/var/folders/h5/hdg_yl1x69387cnq926mjz5w0000gn/T/XcodeDistPipeline.~~~t4Oh52/Root/Payload/MaxPay.app/Frameworks/SSSwiftUILoader.framework: signed bundle with Mach-O thin (arm64) [org.cocoapods.SSSwiftUILoader]
2025-02-08 08:10:41 +0000  Entitlements for <IDEDistributionItem: 0x6000190ee700; bundleID='com.netcore.Smartech', path='<DVTFilePath:0x60004de72610:'/Users/admin/Library/Developer/Xcode/Archives/2025-02-08/MaxPay 08-02-25, 1.23 PM.xcarchive/Products/Applications/MaxPay.app/Frameworks/Smartech.framework'>', codeSigningInfo='<_DVTCodeSigningInformation_Path: 0x6000156e24e0; isSigned='1', isAdHocSigned='0', signingCertificate='<DVTSigningCertificate: 0x600048f2c9c0; name='Apple Development: Madhuresh Singh (4X7KN4PKV7)', hash='0A38B107EB4B7257E87995C367727BD063EEB167', serialNumber='42499EFA75E21BB023BEBEAE75B77BAE', certificateKinds='(
    "1.2.840.113635.100.6.1.12",
    "1.2.840.113635.100.6.1.2"
), issueDate='2024-10-03 10:47:47 +0000''>', entitlements='(null)', teamID='G4WLA9639A', identifier='com.netcore.Smartech', executablePath='<DVTFilePath:0x6000190bd320:'/Users/admin/Library/Developer/Xcode/Archives/2025-02-08/MaxPay 08-02-25, 1.23 PM.xcarchive/Products/Applications/MaxPay.app/Frameworks/Smartech.framework/Smartech'>', hardenedRuntime='0'>'>: {
}
2025-02-08 08:10:41 +0000  Associated App Clip Identifiers Filter: Skipping because "com.apple.developer.associated-appclip-app-identifiers" is not present
2025-02-08 08:10:41 +0000  Entitlements for <IDEDistributionItem: 0x6000190ee700; bundleID='com.netcore.Smartech', path='<DVTFilePath:0x60004de72610:'/Users/admin/Library/Developer/Xcode/Archives/2025-02-08/MaxPay 08-02-25, 1.23 PM.xcarchive/Products/Applications/MaxPay.app/Frameworks/Smartech.framework'>', codeSigningInfo='<_DVTCodeSigningInformation_Path: 0x6000156e24e0; isSigned='1', isAdHocSigned='0', signingCertificate='<DVTSigningCertificate: 0x600048f2c180; name='Apple Development: Madhuresh Singh (4X7KN4PKV7)', hash='0A38B107EB4B7257E87995C367727BD063EEB167', serialNumber='42499EFA75E21BB023BEBEAE75B77BAE', certificateKinds='(
    "1.2.840.113635.100.6.1.12",
    "1.2.840.113635.100.6.1.2"
), issueDate='2024-10-03 10:47:47 +0000''>', entitlements='(null)', teamID='G4WLA9639A', identifier='com.netcore.Smartech', executablePath='<DVTFilePath:0x6000190bd320:'/Users/admin/Library/Developer/Xcode/Archives/2025-02-08/MaxPay 08-02-25, 1.23 PM.xcarchive/Products/Applications/MaxPay.app/Frameworks/Smartech.framework/Smartech'>', hardenedRuntime='0'>'> are: {
}
2025-02-08 08:10:41 +0000  Writing entitlements for <IDEDistributionItem: 0x6000190ee700; bundleID='com.netcore.Smartech', path='<DVTFilePath:0x60004de72610:'/Users/admin/Library/Developer/Xcode/Archives/2025-02-08/MaxPay 08-02-25, 1.23 PM.xcarchive/Products/Applications/MaxPay.app/Frameworks/Smartech.framework'>', codeSigningInfo='<_DVTCodeSigningInformation_Path: 0x6000156e24e0; isSigned='1', isAdHocSigned='0', signingCertificate='<DVTSigningCertificate: 0x600048f2c240; name='Apple Development: Madhuresh Singh (4X7KN4PKV7)', hash='0A38B107EB4B7257E87995C367727BD063EEB167', serialNumber='42499EFA75E21BB023BEBEAE75B77BAE', certificateKinds='(
    "1.2.840.113635.100.6.1.12",
    "1.2.840.113635.100.6.1.2"
), issueDate='2024-10-03 10:47:47 +0000''>', entitlements='(null)', teamID='G4WLA9639A', identifier='com.netcore.Smartech', executablePath='<DVTFilePath:0x6000190bd320:'/Users/admin/Library/Developer/Xcode/Archives/2025-02-08/MaxPay 08-02-25, 1.23 PM.xcarchive/Products/Applications/MaxPay.app/Frameworks/Smartech.framework/Smartech'>', hardenedRuntime='0'>'> to: /var/folders/h5/hdg_yl1x69387cnq926mjz5w0000gn/T/XcodeDistPipeline.~~~t4Oh52/entitlements~~~dhWr8J
2025-02-08 08:10:41 +0000  invoking codesign: <NSConcreteTask: 0x6000154153b0; launchPath='/usr/bin/codesign', arguments='(
    "-f",
    "-s",
    0A38B107EB4B7257E87995C367727BD063EEB167,
    "--entitlements",
    "/var/folders/h5/hdg_yl1x69387cnq926mjz5w0000gn/T/XcodeDistPipeline.~~~t4Oh52/entitlements~~~dhWr8J",
    "--preserve-metadata=identifier,flags,runtime",
    "--generate-entitlement-der",
    "--strip-disallowed-xattrs",
    "-vvv",
    "/var/folders/h5/hdg_yl1x69387cnq926mjz5w0000gn/T/XcodeDistPipeline.~~~t4Oh52/Root/Payload/MaxPay.app/Frameworks/Smartech.framework"
)'>
2025-02-08 08:10:41 +0000  codesign output: /var/folders/h5/hdg_yl1x69387cnq926mjz5w0000gn/T/XcodeDistPipeline.~~~t4Oh52/Root/Payload/MaxPay.app/Frameworks/Smartech.framework: replacing existing signature
/var/folders/h5/hdg_yl1x69387cnq926mjz5w0000gn/T/XcodeDistPipeline.~~~t4Oh52/Root/Payload/MaxPay.app/Frameworks/Smartech.framework: signed bundle with Mach-O thin (arm64) [com.netcore.Smartech]
2025-02-08 08:10:41 +0000  Entitlements for <IDEDistributionItem: 0x6000190f4c00; bundleID='org.cocoapods.SwiftLoader', path='<DVTFilePath:0x60000de1b020:'/Users/admin/Library/Developer/Xcode/Archives/2025-02-08/MaxPay 08-02-25, 1.23 PM.xcarchive/Products/Applications/MaxPay.app/Frameworks/SwiftLoader.framework'>', codeSigningInfo='<_DVTCodeSigningInformation_Path: 0x6000155a8640; isSigned='1', isAdHocSigned='0', signingCertificate='<DVTSigningCertificate: 0x600048f16b80; name='Apple Development: Madhuresh Singh (4X7KN4PKV7)', hash='0A38B107EB4B7257E87995C367727BD063EEB167', serialNumber='42499EFA75E21BB023BEBEAE75B77BAE', certificateKinds='(
    "1.2.840.113635.100.6.1.12",
    "1.2.840.113635.100.6.1.2"
), issueDate='2024-10-03 10:47:47 +0000''>', entitlements='(null)', teamID='G4WLA9639A', identifier='org.cocoapods.SwiftLoader', executablePath='<DVTFilePath:0x6000090f0480:'/Users/admin/Library/Developer/Xcode/Archives/2025-02-08/MaxPay 08-02-25, 1.23 PM.xcarchive/Products/Applications/MaxPay.app/Frameworks/SwiftLoader.framework/SwiftLoader'>', hardenedRuntime='0'>'>: {
}
2025-02-08 08:10:41 +0000  Associated App Clip Identifiers Filter: Skipping because "com.apple.developer.associated-appclip-app-identifiers" is not present
2025-02-08 08:10:41 +0000  Entitlements for <IDEDistributionItem: 0x6000190f4c00; bundleID='org.cocoapods.SwiftLoader', path='<DVTFilePath:0x60000de1b020:'/Users/admin/Library/Developer/Xcode/Archives/2025-02-08/MaxPay 08-02-25, 1.23 PM.xcarchive/Products/Applications/MaxPay.app/Frameworks/SwiftLoader.framework'>', codeSigningInfo='<_DVTCodeSigningInformation_Path: 0x6000155a8640; isSigned='1', isAdHocSigned='0', signingCertificate='<DVTSigningCertificate: 0x600028f2c9c0; name='Apple Development: Madhuresh Singh (4X7KN4PKV7)', hash='0A38B107EB4B7257E87995C367727BD063EEB167', serialNumber='42499EFA75E21BB023BEBEAE75B77BAE', certificateKinds='(
    "1.2.840.113635.100.6.1.12",
    "1.2.840.113635.100.6.1.2"
), issueDate='2024-10-03 10:47:47 +0000''>', entitlements='(null)', teamID='G4WLA9639A', identifier='org.cocoapods.SwiftLoader', executablePath='<DVTFilePath:0x6000090f0480:'/Users/admin/Library/Developer/Xcode/Archives/2025-02-08/MaxPay 08-02-25, 1.23 PM.xcarchive/Products/Applications/MaxPay.app/Frameworks/SwiftLoader.framework/SwiftLoader'>', hardenedRuntime='0'>'> are: {
}
2025-02-08 08:10:41 +0000  Writing entitlements for <IDEDistributionItem: 0x6000190f4c00; bundleID='org.cocoapods.SwiftLoader', path='<DVTFilePath:0x60000de1b020:'/Users/admin/Library/Developer/Xcode/Archives/2025-02-08/MaxPay 08-02-25, 1.23 PM.xcarchive/Products/Applications/MaxPay.app/Frameworks/SwiftLoader.framework'>', codeSigningInfo='<_DVTCodeSigningInformation_Path: 0x6000155a8640; isSigned='1', isAdHocSigned='0', signingCertificate='<DVTSigningCertificate: 0x600048f2c180; name='Apple Development: Madhuresh Singh (4X7KN4PKV7)', hash='0A38B107EB4B7257E87995C367727BD063EEB167', serialNumber='42499EFA75E21BB023BEBEAE75B77BAE', certificateKinds='(
    "1.2.840.113635.100.6.1.12",
    "1.2.840.113635.100.6.1.2"
), issueDate='2024-10-03 10:47:47 +0000''>', entitlements='(null)', teamID='G4WLA9639A', identifier='org.cocoapods.SwiftLoader', executablePath='<DVTFilePath:0x6000090f0480:'/Users/admin/Library/Developer/Xcode/Archives/2025-02-08/MaxPay 08-02-25, 1.23 PM.xcarchive/Products/Applications/MaxPay.app/Frameworks/SwiftLoader.framework/SwiftLoader'>', hardenedRuntime='0'>'> to: /var/folders/h5/hdg_yl1x69387cnq926mjz5w0000gn/T/XcodeDistPipeline.~~~t4Oh52/entitlements~~~7DCzbi
2025-02-08 08:10:41 +0000  invoking codesign: <NSConcreteTask: 0x6000154145f0; launchPath='/usr/bin/codesign', arguments='(
    "-f",
    "-s",
    0A38B107EB4B7257E87995C367727BD063EEB167,
    "--entitlements",
    "/var/folders/h5/hdg_yl1x69387cnq926mjz5w0000gn/T/XcodeDistPipeline.~~~t4Oh52/entitlements~~~7DCzbi",
    "--preserve-metadata=identifier,flags,runtime",
    "--generate-entitlement-der",
    "--strip-disallowed-xattrs",
    "-vvv",
    "/var/folders/h5/hdg_yl1x69387cnq926mjz5w0000gn/T/XcodeDistPipeline.~~~t4Oh52/Root/Payload/MaxPay.app/Frameworks/SwiftLoader.framework"
)'>
2025-02-08 08:10:41 +0000  codesign output: /var/folders/h5/hdg_yl1x69387cnq926mjz5w0000gn/T/XcodeDistPipeline.~~~t4Oh52/Root/Payload/MaxPay.app/Frameworks/SwiftLoader.framework: replacing existing signature
/var/folders/h5/hdg_yl1x69387cnq926mjz5w0000gn/T/XcodeDistPipeline.~~~t4Oh52/Root/Payload/MaxPay.app/Frameworks/SwiftLoader.framework: signed bundle with Mach-O thin (arm64) [org.cocoapods.SwiftLoader]
2025-02-08 08:10:41 +0000  Entitlements for <IDEDistributionItem: 0x600021f54660; bundleID='org.cocoapods.SwiftyJSON', path='<DVTFilePath:0x60000de19ff0:'/Users/admin/Library/Developer/Xcode/Archives/2025-02-08/MaxPay 08-02-25, 1.23 PM.xcarchive/Products/Applications/MaxPay.app/Frameworks/SwiftyJSON.framework'>', codeSigningInfo='<_DVTCodeSigningInformation_Path: 0x60003165d0e0; isSigned='1', isAdHocSigned='0', signingCertificate='<DVTSigningCertificate: 0x600048f2c180; name='Apple Development: Madhuresh Singh (4X7KN4PKV7)', hash='0A38B107EB4B7257E87995C367727BD063EEB167', serialNumber='42499EFA75E21BB023BEBEAE75B77BAE', certificateKinds='(
    "1.2.840.113635.100.6.1.12",
    "1.2.840.113635.100.6.1.2"
), issueDate='2024-10-03 10:47:47 +0000''>', entitlements='(null)', teamID='G4WLA9639A', identifier='org.cocoapods.SwiftyJSON', executablePath='<DVTFilePath:0x600009098cc0:'/Users/admin/Library/Developer/Xcode/Archives/2025-02-08/MaxPay 08-02-25, 1.23 PM.xcarchive/Products/Applications/MaxPay.app/Frameworks/SwiftyJSON.framework/SwiftyJSON'>', hardenedRuntime='0'>'>: {
}
2025-02-08 08:10:41 +0000  Associated App Clip Identifiers Filter: Skipping because "com.apple.developer.associated-appclip-app-identifiers" is not present
2025-02-08 08:10:41 +0000  Entitlements for <IDEDistributionItem: 0x600021f54660; bundleID='org.cocoapods.SwiftyJSON', path='<DVTFilePath:0x60000de19ff0:'/Users/admin/Library/Developer/Xcode/Archives/2025-02-08/MaxPay 08-02-25, 1.23 PM.xcarchive/Products/Applications/MaxPay.app/Frameworks/SwiftyJSON.framework'>', codeSigningInfo='<_DVTCodeSigningInformation_Path: 0x60003165d0e0; isSigned='1', isAdHocSigned='0', signingCertificate='<DVTSigningCertificate: 0x600048067600; name='Apple Development: Madhuresh Singh (4X7KN4PKV7)', hash='0A38B107EB4B7257E87995C367727BD063EEB167', serialNumber='42499EFA75E21BB023BEBEAE75B77BAE', certificateKinds='(
    "1.2.840.113635.100.6.1.12",
    "1.2.840.113635.100.6.1.2"
), issueDate='2024-10-03 10:47:47 +0000''>', entitlements='(null)', teamID='G4WLA9639A', identifier='org.cocoapods.SwiftyJSON', executablePath='<DVTFilePath:0x600009098cc0:'/Users/admin/Library/Developer/Xcode/Archives/2025-02-08/MaxPay 08-02-25, 1.23 PM.xcarchive/Products/Applications/MaxPay.app/Frameworks/SwiftyJSON.framework/SwiftyJSON'>', hardenedRuntime='0'>'> are: {
}
2025-02-08 08:10:41 +0000  Writing entitlements for <IDEDistributionItem: 0x600021f54660; bundleID='org.cocoapods.SwiftyJSON', path='<DVTFilePath:0x60000de19ff0:'/Users/admin/Library/Developer/Xcode/Archives/2025-02-08/MaxPay 08-02-25, 1.23 PM.xcarchive/Products/Applications/MaxPay.app/Frameworks/SwiftyJSON.framework'>', codeSigningInfo='<_DVTCodeSigningInformation_Path: 0x60003165d0e0; isSigned='1', isAdHocSigned='0', signingCertificate='<DVTSigningCertificate: 0x600048067240; name='Apple Development: Madhuresh Singh (4X7KN4PKV7)', hash='0A38B107EB4B7257E87995C367727BD063EEB167', serialNumber='42499EFA75E21BB023BEBEAE75B77BAE', certificateKinds='(
    "1.2.840.113635.100.6.1.12",
    "1.2.840.113635.100.6.1.2"
), issueDate='2024-10-03 10:47:47 +0000''>', entitlements='(null)', teamID='G4WLA9639A', identifier='org.cocoapods.SwiftyJSON', executablePath='<DVTFilePath:0x600009098cc0:'/Users/admin/Library/Developer/Xcode/Archives/2025-02-08/MaxPay 08-02-25, 1.23 PM.xcarchive/Products/Applications/MaxPay.app/Frameworks/SwiftyJSON.framework/SwiftyJSON'>', hardenedRuntime='0'>'> to: /var/folders/h5/hdg_yl1x69387cnq926mjz5w0000gn/T/XcodeDistPipeline.~~~t4Oh52/entitlements~~~wPGEyQ
2025-02-08 08:10:41 +0000  invoking codesign: <NSConcreteTask: 0x6000154154f0; launchPath='/usr/bin/codesign', arguments='(
    "-f",
    "-s",
    0A38B107EB4B7257E87995C367727BD063EEB167,
    "--entitlements",
    "/var/folders/h5/hdg_yl1x69387cnq926mjz5w0000gn/T/XcodeDistPipeline.~~~t4Oh52/entitlements~~~wPGEyQ",
    "--preserve-metadata=identifier,flags,runtime",
    "--generate-entitlement-der",
    "--strip-disallowed-xattrs",
    "-vvv",
    "/var/folders/h5/hdg_yl1x69387cnq926mjz5w0000gn/T/XcodeDistPipeline.~~~t4Oh52/Root/Payload/MaxPay.app/Frameworks/SwiftyJSON.framework"
)'>
2025-02-08 08:10:41 +0000  codesign output: /var/folders/h5/hdg_yl1x69387cnq926mjz5w0000gn/T/XcodeDistPipeline.~~~t4Oh52/Root/Payload/MaxPay.app/Frameworks/SwiftyJSON.framework: replacing existing signature
/var/folders/h5/hdg_yl1x69387cnq926mjz5w0000gn/T/XcodeDistPipeline.~~~t4Oh52/Root/Payload/MaxPay.app/Frameworks/SwiftyJSON.framework: signed bundle with Mach-O thin (arm64) [org.cocoapods.SwiftyJSON]
2025-02-08 08:10:41 +0000  Entitlements for <IDEDistributionItem: 0x600019f4cfc0; bundleID='org.cocoapods.Toast-Swift', path='<DVTFilePath:0x60000de1adf0:'/Users/admin/Library/Developer/Xcode/Archives/2025-02-08/MaxPay 08-02-25, 1.23 PM.xcarchive/Products/Applications/MaxPay.app/Frameworks/Toast_Swift.framework'>', codeSigningInfo='<_DVTCodeSigningInformation_Path: 0x6000155abc00; isSigned='1', isAdHocSigned='0', signingCertificate='<DVTSigningCertificate: 0x600048f0dd40; name='Apple Development: Madhuresh Singh (4X7KN4PKV7)', hash='0A38B107EB4B7257E87995C367727BD063EEB167', serialNumber='42499EFA75E21BB023BEBEAE75B77BAE', certificateKinds='(
    "1.2.840.113635.100.6.1.12",
    "1.2.840.113635.100.6.1.2"
), issueDate='2024-10-03 10:47:47 +0000''>', entitlements='(null)', teamID='G4WLA9639A', identifier='org.cocoapods.Toast-Swift', executablePath='<DVTFilePath:0x60000908fea0:'/Users/admin/Library/Developer/Xcode/Archives/2025-02-08/MaxPay 08-02-25, 1.23 PM.xcarchive/Products/Applications/MaxPay.app/Frameworks/Toast_Swift.framework/Toast_Swift'>', hardenedRuntime='0'>'>: {
}
2025-02-08 08:10:41 +0000  Associated App Clip Identifiers Filter: Skipping because "com.apple.developer.associated-appclip-app-identifiers" is not present
2025-02-08 08:10:41 +0000  Entitlements for <IDEDistributionItem: 0x600019f4cfc0; bundleID='org.cocoapods.Toast-Swift', path='<DVTFilePath:0x60000de1adf0:'/Users/admin/Library/Developer/Xcode/Archives/2025-02-08/MaxPay 08-02-25, 1.23 PM.xcarchive/Products/Applications/MaxPay.app/Frameworks/Toast_Swift.framework'>', codeSigningInfo='<_DVTCodeSigningInformation_Path: 0x6000155abc00; isSigned='1', isAdHocSigned='0', signingCertificate='<DVTSigningCertificate: 0x600048f0e040; name='Apple Development: Madhuresh Singh (4X7KN4PKV7)', hash='0A38B107EB4B7257E87995C367727BD063EEB167', serialNumber='42499EFA75E21BB023BEBEAE75B77BAE', certificateKinds='(
    "1.2.840.113635.100.6.1.12",
    "1.2.840.113635.100.6.1.2"
), issueDate='2024-10-03 10:47:47 +0000''>', entitlements='(null)', teamID='G4WLA9639A', identifier='org.cocoapods.Toast-Swift', executablePath='<DVTFilePath:0x60000908fea0:'/Users/admin/Library/Developer/Xcode/Archives/2025-02-08/MaxPay 08-02-25, 1.23 PM.xcarchive/Products/Applications/MaxPay.app/Frameworks/Toast_Swift.framework/Toast_Swift'>', hardenedRuntime='0'>'> are: {
}
2025-02-08 08:10:41 +0000  Writing entitlements for <IDEDistributionItem: 0x600019f4cfc0; bundleID='org.cocoapods.Toast-Swift', path='<DVTFilePath:0x60000de1adf0:'/Users/admin/Library/Developer/Xcode/Archives/2025-02-08/MaxPay 08-02-25, 1.23 PM.xcarchive/Products/Applications/MaxPay.app/Frameworks/Toast_Swift.framework'>', codeSigningInfo='<_DVTCodeSigningInformation_Path: 0x6000155abc00; isSigned='1', isAdHocSigned='0', signingCertificate='<DVTSigningCertificate: 0x600048f2c180; name='Apple Development: Madhuresh Singh (4X7KN4PKV7)', hash='0A38B107EB4B7257E87995C367727BD063EEB167', serialNumber='42499EFA75E21BB023BEBEAE75B77BAE', certificateKinds='(
    "1.2.840.113635.100.6.1.12",
    "1.2.840.113635.100.6.1.2"
), issueDate='2024-10-03 10:47:47 +0000''>', entitlements='(null)', teamID='G4WLA9639A', identifier='org.cocoapods.Toast-Swift', executablePath='<DVTFilePath:0x60000908fea0:'/Users/admin/Library/Developer/Xcode/Archives/2025-02-08/MaxPay 08-02-25, 1.23 PM.xcarchive/Products/Applications/MaxPay.app/Frameworks/Toast_Swift.framework/Toast_Swift'>', hardenedRuntime='0'>'> to: /var/folders/h5/hdg_yl1x69387cnq926mjz5w0000gn/T/XcodeDistPipeline.~~~t4Oh52/entitlements~~~wXGkmt
2025-02-08 08:10:41 +0000  invoking codesign: <NSConcreteTask: 0x60001137cb40; launchPath='/usr/bin/codesign', arguments='(
    "-f",
    "-s",
    0A38B107EB4B7257E87995C367727BD063EEB167,
    "--entitlements",
    "/var/folders/h5/hdg_yl1x69387cnq926mjz5w0000gn/T/XcodeDistPipeline.~~~t4Oh52/entitlements~~~wXGkmt",
    "--preserve-metadata=identifier,flags,runtime",
    "--generate-entitlement-der",
    "--strip-disallowed-xattrs",
    "-vvv",
    "/var/folders/h5/hdg_yl1x69387cnq926mjz5w0000gn/T/XcodeDistPipeline.~~~t4Oh52/Root/Payload/MaxPay.app/Frameworks/Toast_Swift.framework"
)'>
2025-02-08 08:10:41 +0000  codesign output: /var/folders/h5/hdg_yl1x69387cnq926mjz5w0000gn/T/XcodeDistPipeline.~~~t4Oh52/Root/Payload/MaxPay.app/Frameworks/Toast_Swift.framework: replacing existing signature
/var/folders/h5/hdg_yl1x69387cnq926mjz5w0000gn/T/XcodeDistPipeline.~~~t4Oh52/Root/Payload/MaxPay.app/Frameworks/Toast_Swift.framework: signed bundle with Mach-O thin (arm64) [org.cocoapods.Toast-Swift]
2025-02-08 08:10:41 +0000  Entitlements for <IDEDistributionItem: 0x6000190f52c0; bundleID='org.cocoapods.nanopb', path='<DVTFilePath:0x60004de71340:'/Users/admin/Library/Developer/Xcode/Archives/2025-02-08/MaxPay 08-02-25, 1.23 PM.xcarchive/Products/Applications/MaxPay.app/Frameworks/nanopb.framework'>', codeSigningInfo='<_DVTCodeSigningInformation_Path: 0x6000155c11d0; isSigned='1', isAdHocSigned='0', signingCertificate='<DVTSigningCertificate: 0x600048f0dd40; name='Apple Development: Madhuresh Singh (4X7KN4PKV7)', hash='0A38B107EB4B7257E87995C367727BD063EEB167', serialNumber='42499EFA75E21BB023BEBEAE75B77BAE', certificateKinds='(
    "1.2.840.113635.100.6.1.12",
    "1.2.840.113635.100.6.1.2"
), issueDate='2024-10-03 10:47:47 +0000''>', entitlements='(null)', teamID='G4WLA9639A', identifier='org.cocoapods.nanopb', executablePath='<DVTFilePath:0x6000190be820:'/Users/admin/Library/Developer/Xcode/Archives/2025-02-08/MaxPay 08-02-25, 1.23 PM.xcarchive/Products/Applications/MaxPay.app/Frameworks/nanopb.framework/nanopb'>', hardenedRuntime='0'>'>: {
}
2025-02-08 08:10:41 +0000  Associated App Clip Identifiers Filter: Skipping because "com.apple.developer.associated-appclip-app-identifiers" is not present
2025-02-08 08:10:41 +0000  Entitlements for <IDEDistributionItem: 0x6000190f52c0; bundleID='org.cocoapods.nanopb', path='<DVTFilePath:0x60004de71340:'/Users/admin/Library/Developer/Xcode/Archives/2025-02-08/MaxPay 08-02-25, 1.23 PM.xcarchive/Products/Applications/MaxPay.app/Frameworks/nanopb.framework'>', codeSigningInfo='<_DVTCodeSigningInformation_Path: 0x6000155c11d0; isSigned='1', isAdHocSigned='0', signingCertificate='<DVTSigningCertificate: 0x600048f2c180; name='Apple Development: Madhuresh Singh (4X7KN4PKV7)', hash='0A38B107EB4B7257E87995C367727BD063EEB167', serialNumber='42499EFA75E21BB023BEBEAE75B77BAE', certificateKinds='(
    "1.2.840.113635.100.6.1.12",
    "1.2.840.113635.100.6.1.2"
), issueDate='2024-10-03 10:47:47 +0000''>', entitlements='(null)', teamID='G4WLA9639A', identifier='org.cocoapods.nanopb', executablePath='<DVTFilePath:0x6000190be820:'/Users/admin/Library/Developer/Xcode/Archives/2025-02-08/MaxPay 08-02-25, 1.23 PM.xcarchive/Products/Applications/MaxPay.app/Frameworks/nanopb.framework/nanopb'>', hardenedRuntime='0'>'> are: {
}
2025-02-08 08:10:41 +0000  Writing entitlements for <IDEDistributionItem: 0x6000190f52c0; bundleID='org.cocoapods.nanopb', path='<DVTFilePath:0x60004de71340:'/Users/admin/Library/Developer/Xcode/Archives/2025-02-08/MaxPay 08-02-25, 1.23 PM.xcarchive/Products/Applications/MaxPay.app/Frameworks/nanopb.framework'>', codeSigningInfo='<_DVTCodeSigningInformation_Path: 0x6000155c11d0; isSigned='1', isAdHocSigned='0', signingCertificate='<DVTSigningCertificate: 0x600048f2c240; name='Apple Development: Madhuresh Singh (4X7KN4PKV7)', hash='0A38B107EB4B7257E87995C367727BD063EEB167', serialNumber='42499EFA75E21BB023BEBEAE75B77BAE', certificateKinds='(
    "1.2.840.113635.100.6.1.12",
    "1.2.840.113635.100.6.1.2"
), issueDate='2024-10-03 10:47:47 +0000''>', entitlements='(null)', teamID='G4WLA9639A', identifier='org.cocoapods.nanopb', executablePath='<DVTFilePath:0x6000190be820:'/Users/admin/Library/Developer/Xcode/Archives/2025-02-08/MaxPay 08-02-25, 1.23 PM.xcarchive/Products/Applications/MaxPay.app/Frameworks/nanopb.framework/nanopb'>', hardenedRuntime='0'>'> to: /var/folders/h5/hdg_yl1x69387cnq926mjz5w0000gn/T/XcodeDistPipeline.~~~t4Oh52/entitlements~~~kqB8hJ
2025-02-08 08:10:41 +0000  invoking codesign: <NSConcreteTask: 0x6000154162b0; launchPath='/usr/bin/codesign', arguments='(
    "-f",
    "-s",
    0A38B107EB4B7257E87995C367727BD063EEB167,
    "--entitlements",
    "/var/folders/h5/hdg_yl1x69387cnq926mjz5w0000gn/T/XcodeDistPipeline.~~~t4Oh52/entitlements~~~kqB8hJ",
    "--preserve-metadata=identifier,flags,runtime",
    "--generate-entitlement-der",
    "--strip-disallowed-xattrs",
    "-vvv",
    "/var/folders/h5/hdg_yl1x69387cnq926mjz5w0000gn/T/XcodeDistPipeline.~~~t4Oh52/Root/Payload/MaxPay.app/Frameworks/nanopb.framework"
)'>
2025-02-08 08:10:41 +0000  codesign output: /var/folders/h5/hdg_yl1x69387cnq926mjz5w0000gn/T/XcodeDistPipeline.~~~t4Oh52/Root/Payload/MaxPay.app/Frameworks/nanopb.framework: replacing existing signature
/var/folders/h5/hdg_yl1x69387cnq926mjz5w0000gn/T/XcodeDistPipeline.~~~t4Oh52/Root/Payload/MaxPay.app/Frameworks/nanopb.framework: signed bundle with Mach-O thin (arm64) [org.cocoapods.nanopb]
2025-02-08 08:10:41 +0000  Entitlements for <IDEDistributionItem: 0x600019f24240; bundleID='com.maxupi.in.maxpay', path='<DVTFilePath:0x6000190af0c0:'/Users/admin/Library/Developer/Xcode/Archives/2025-02-08/MaxPay 08-02-25, 1.23 PM.xcarchive/Products/Applications/MaxPay.app'>', codeSigningInfo='<_DVTCodeSigningInformation_Path: 0x6000156cb1b0; isSigned='1', isAdHocSigned='0', signingCertificate='<DVTSigningCertificate: 0x600048f0dd40; name='Apple Development: Madhuresh Singh (4X7KN4PKV7)', hash='0A38B107EB4B7257E87995C367727BD063EEB167', serialNumber='42499EFA75E21BB023BEBEAE75B77BAE', certificateKinds='(
    "1.2.840.113635.100.6.1.12",
    "1.2.840.113635.100.6.1.2"
), issueDate='2024-10-03 10:47:47 +0000''>', entitlements='{
    "application-identifier" = "G4WLA9639A.com.maxupi.in.maxpay";
    "aps-environment" = development;
    "com.apple.developer.team-identifier" = G4WLA9639A;
    "com.apple.developer.upi-device-validation" = 1;
    "get-task-allow" = 1;
}', teamID='G4WLA9639A', identifier='com.maxupi.in.maxpay', executablePath='<DVTFilePath:0x60000d1d45a0:'/Users/admin/Library/Developer/Xcode/Archives/2025-02-08/MaxPay 08-02-25, 1.23 PM.xcarchive/Products/Applications/MaxPay.app/MaxPay'>', hardenedRuntime='0'>'>: {
    "application-identifier" = "G4WLA9639A.com.maxupi.in.maxpay";
    "aps-environment" = development;
    "com.apple.developer.team-identifier" = G4WLA9639A;
    "com.apple.developer.upi-device-validation" = 1;
    "get-task-allow" = 1;
}
2025-02-08 08:10:41 +0000  Associated App Clip Identifiers Filter: Skipping because "com.apple.developer.associated-appclip-app-identifiers" is not present
2025-02-08 08:10:41 +0000  Entitlements for <IDEDistributionItem: 0x600019f24240; bundleID='com.maxupi.in.maxpay', path='<DVTFilePath:0x6000190af0c0:'/Users/admin/Library/Developer/Xcode/Archives/2025-02-08/MaxPay 08-02-25, 1.23 PM.xcarchive/Products/Applications/MaxPay.app'>', codeSigningInfo='<_DVTCodeSigningInformation_Path: 0x6000156cb1b0; isSigned='1', isAdHocSigned='0', signingCertificate='<DVTSigningCertificate: 0x600048f2c180; name='Apple Development: Madhuresh Singh (4X7KN4PKV7)', hash='0A38B107EB4B7257E87995C367727BD063EEB167', serialNumber='42499EFA75E21BB023BEBEAE75B77BAE', certificateKinds='(
    "1.2.840.113635.100.6.1.12",
    "1.2.840.113635.100.6.1.2"
), issueDate='2024-10-03 10:47:47 +0000''>', entitlements='{
    "application-identifier" = "G4WLA9639A.com.maxupi.in.maxpay";
    "aps-environment" = development;
    "com.apple.developer.team-identifier" = G4WLA9639A;
    "com.apple.developer.upi-device-validation" = 1;
    "get-task-allow" = 1;
}', teamID='G4WLA9639A', identifier='com.maxupi.in.maxpay', executablePath='<DVTFilePath:0x60000d1d45a0:'/Users/admin/Library/Developer/Xcode/Archives/2025-02-08/MaxPay 08-02-25, 1.23 PM.xcarchive/Products/Applications/MaxPay.app/MaxPay'>', hardenedRuntime='0'>'> are: {
    "application-identifier" = "G4WLA9639A.com.maxupi.in.maxpay";
    "aps-environment" = development;
    "com.apple.developer.team-identifier" = G4WLA9639A;
    "com.apple.developer.upi-device-validation" = 1;
    "get-task-allow" = 1;
}
2025-02-08 08:10:41 +0000  Writing entitlements for <IDEDistributionItem: 0x600019f24240; bundleID='com.maxupi.in.maxpay', path='<DVTFilePath:0x6000190af0c0:'/Users/admin/Library/Developer/Xcode/Archives/2025-02-08/MaxPay 08-02-25, 1.23 PM.xcarchive/Products/Applications/MaxPay.app'>', codeSigningInfo='<_DVTCodeSigningInformation_Path: 0x6000156cb1b0; isSigned='1', isAdHocSigned='0', signingCertificate='<DVTSigningCertificate: 0x600048f2c240; name='Apple Development: Madhuresh Singh (4X7KN4PKV7)', hash='0A38B107EB4B7257E87995C367727BD063EEB167', serialNumber='42499EFA75E21BB023BEBEAE75B77BAE', certificateKinds='(
    "1.2.840.113635.100.6.1.12",
    "1.2.840.113635.100.6.1.2"
), issueDate='2024-10-03 10:47:47 +0000''>', entitlements='{
    "application-identifier" = "G4WLA9639A.com.maxupi.in.maxpay";
    "aps-environment" = development;
    "com.apple.developer.team-identifier" = G4WLA9639A;
    "com.apple.developer.upi-device-validation" = 1;
    "get-task-allow" = 1;
}', teamID='G4WLA9639A', identifier='com.maxupi.in.maxpay', executablePath='<DVTFilePath:0x60000d1d45a0:'/Users/admin/Library/Developer/Xcode/Archives/2025-02-08/MaxPay 08-02-25, 1.23 PM.xcarchive/Products/Applications/MaxPay.app/MaxPay'>', hardenedRuntime='0'>'> to: /var/folders/h5/hdg_yl1x69387cnq926mjz5w0000gn/T/XcodeDistPipeline.~~~t4Oh52/entitlements~~~Fc9gKe
2025-02-08 08:10:41 +0000  invoking codesign: <NSConcreteTask: 0x6000154147d0; launchPath='/usr/bin/codesign', arguments='(
    "-f",
    "-s",
    0A38B107EB4B7257E87995C367727BD063EEB167,
    "--entitlements",
    "/var/folders/h5/hdg_yl1x69387cnq926mjz5w0000gn/T/XcodeDistPipeline.~~~t4Oh52/entitlements~~~Fc9gKe",
    "--preserve-metadata=identifier,flags,runtime",
    "--generate-entitlement-der",
    "--strip-disallowed-xattrs",
    "-vvv",
    "/var/folders/h5/hdg_yl1x69387cnq926mjz5w0000gn/T/XcodeDistPipeline.~~~t4Oh52/Root/Payload/MaxPay.app"
)'>
2025-02-08 08:10:41 +0000  codesign output: /var/folders/h5/hdg_yl1x69387cnq926mjz5w0000gn/T/XcodeDistPipeline.~~~t4Oh52/Root/Payload/MaxPay.app: replacing existing signature
/var/folders/h5/hdg_yl1x69387cnq926mjz5w0000gn/T/XcodeDistPipeline.~~~t4Oh52/Root/Payload/MaxPay.app: signed app bundle with Mach-O thin (arm64) [com.maxupi.in.maxpay]
2025-02-08 08:10:41 +0000  Processing step: IDEDistributionZipODRItemStep
2025-02-08 08:10:41 +0000  Skipping step: IDEDistributionZipODRItemStep because it said so
2025-02-08 08:10:41 +0000  Skipping step: IDEDistributionZipODRItemStep because it said so
2025-02-08 08:10:41 +0000  Skipping step: IDEDistributionZipODRItemStep because it said so
2025-02-08 08:10:41 +0000  Skipping step: IDEDistributionZipODRItemStep because it said so
2025-02-08 08:10:41 +0000  Skipping step: IDEDistributionZipODRItemStep because it said so
2025-02-08 08:10:41 +0000  Skipping step: IDEDistributionZipODRItemStep because it said so
2025-02-08 08:10:41 +0000  Skipping step: IDEDistributionZipODRItemStep because it said so
2025-02-08 08:10:41 +0000  Skipping step: IDEDistributionZipODRItemStep because it said so
2025-02-08 08:10:41 +0000  Skipping step: IDEDistributionZipODRItemStep because it said so
2025-02-08 08:10:41 +0000  Skipping step: IDEDistributionZipODRItemStep because it said so
2025-02-08 08:10:41 +0000  Skipping step: IDEDistributionZipODRItemStep because it said so
2025-02-08 08:10:41 +0000  Skipping step: IDEDistributionZipODRItemStep because it said so
2025-02-08 08:10:41 +0000  Skipping step: IDEDistributionZipODRItemStep because it said so
2025-02-08 08:10:41 +0000  Skipping step: IDEDistributionZipODRItemStep because it said so
2025-02-08 08:10:41 +0000  Skipping step: IDEDistributionZipODRItemStep because it said so
2025-02-08 08:10:41 +0000  Skipping step: IDEDistributionZipODRItemStep because it said so
2025-02-08 08:10:41 +0000  Skipping step: IDEDistributionZipODRItemStep because it said so
2025-02-08 08:10:41 +0000  Skipping step: IDEDistributionZipODRItemStep because it said so
2025-02-08 08:10:41 +0000  Skipping step: IDEDistributionZipODRItemStep because it said so
2025-02-08 08:10:41 +0000  Skipping step: IDEDistributionZipODRItemStep because it said so
2025-02-08 08:10:41 +0000  Skipping step: IDEDistributionZipODRItemStep because it said so
2025-02-08 08:10:41 +0000  Skipping step: IDEDistributionZipODRItemStep because it said so
2025-02-08 08:10:41 +0000  Skipping step: IDEDistributionZipODRItemStep because it said so
2025-02-08 08:10:41 +0000  Skipping step: IDEDistributionZipODRItemStep because it said so
2025-02-08 08:10:41 +0000  Skipping step: IDEDistributionZipODRItemStep because it said so
2025-02-08 08:10:41 +0000  Skipping step: IDEDistributionZipODRItemStep because it said so
2025-02-08 08:10:41 +0000  Skipping step: IDEDistributionZipODRItemStep because it said so
2025-02-08 08:10:41 +0000  Skipping step: IDEDistributionZipODRItemStep because it said so
2025-02-08 08:10:41 +0000  Skipping step: IDEDistributionZipODRItemStep because it said so
2025-02-08 08:10:41 +0000  Processing step: IDEDistributionCreateIPAStep
2025-02-08 08:10:41 +0000  Running /usr/bin/ditto '-V' '-c' '-k' '--norsrc' '/var/folders/h5/hdg_yl1x69387cnq926mjz5w0000gn/T/XcodeDistPipeline.~~~t4Oh52/Root' '/var/folders/h5/hdg_yl1x69387cnq926mjz5w0000gn/T/XcodeDistPipeline.~~~t4Oh52/Packages/MaxPay.ipa'
2025-02-08 08:10:41 +0000  >>> Copying /var/folders/h5/hdg_yl1x69387cnq926mjz5w0000gn/T/XcodeDistPipeline.~~~t4Oh52/Root 
2025-02-08 08:10:41 +0000  copying file ./Payload/MaxPay.app/_CodeSignature/CodeResources ... 
2025-02-08 08:10:41 +0000  152527 bytes for ./Payload/MaxPay.app/_CodeSignature/CodeResources
2025-02-08 08:10:41 +0000  copying file ./Payload/MaxPay.app/GraffTableViewCell.nib ... 
2025-02-08 08:10:41 +0000  9948 bytes for ./Payload/MaxPay.app/GraffTableViewCell.nib
2025-02-08 08:10:41 +0000  copying file ./Payload/MaxPay.app/Roboto-Medium.ttf ... 
2025-02-08 08:10:41 +0000  168644 bytes for ./Payload/MaxPay.app/Roboto-Medium.ttf
2025-02-08 08:10:41 +0000  copying file ./Payload/MaxPay.app/USP.storyboardc/pJs-C7-cfi-view-1Ib-Nc-evK.nib ... 
2025-02-08 08:10:41 +0000  18103 bytes for ./Payload/MaxPay.app/USP.storyboardc/pJs-C7-cfi-view-1Ib-Nc-evK.nib
copying file ./Payload/MaxPay.app/USP.storyboardc/RechargeBillSuccess.nib ... 
2025-02-08 08:10:41 +0000  1055 bytes for ./Payload/MaxPay.app/USP.storyboardc/RechargeBillSuccess.nib
copying file ./Payload/MaxPay.app/USP.storyboardc/FlightCheckoutViewController.nib ... 
1073 bytes for ./Payload/MaxPay.app/USP.storyboardc/FlightCheckoutViewController.nib
2025-02-08 08:10:41 +0000  copying file ./Payload/MaxPay.app/USP.storyboardc/HotelDetailsViewController.nib ... 
1069 bytes for ./Payload/MaxPay.app/USP.storyboardc/HotelDetailsViewController.nib
copying file ./Payload/MaxPay.app/USP.storyboardc/HotelSearchViewController.nib ... 
2025-02-08 08:10:41 +0000  1067 bytes for ./Payload/MaxPay.app/USP.storyboardc/HotelSearchViewController.nib
copying file ./Payload/MaxPay.app/USP.storyboardc/BusTicketPaymentPayVC.nib ... 
1148 bytes for ./Payload/MaxPay.app/USP.storyboardc/BusTicketPaymentPayVC.nib
copying file ./Payload/MaxPay.app/USP.storyboardc/eRG-61-uO3-view-BNp-7Q-dFR.nib ... 
2025-02-08 08:10:41 +0000  18968 bytes for ./Payload/MaxPay.app/USP.storyboardc/eRG-61-uO3-view-BNp-7Q-dFR.nib
copying file ./Payload/MaxPay.app/USP.storyboardc/rEK-bj-kga-view-HWu-8L-8R0.nib ... 
2025-02-08 08:10:41 +0000  104671 bytes for ./Payload/MaxPay.app/USP.storyboardc/rEK-bj-kga-view-HWu-8L-8R0.nib
copying file ./Payload/MaxPay.app/USP.storyboardc/HotelListVC.nib ... 
2025-02-08 08:10:41 +0000  1053 bytes for ./Payload/MaxPay.app/USP.storyboardc/HotelListVC.nib
copying file ./Payload/MaxPay.app/USP.storyboardc/7BF-Li-JkG-view-trk-8g-Rmk.nib ... 
2025-02-08 08:10:41 +0000  8969 bytes for ./Payload/MaxPay.app/USP.storyboardc/7BF-Li-JkG-view-trk-8g-Rmk.nib
copying file ./Payload/MaxPay.app/USP.storyboardc/i31-Bm-0ed-view-cfY-jb-cGB.nib ... 
2025-02-08 08:10:41 +0000  15815 bytes for ./Payload/MaxPay.app/USP.storyboardc/i31-Bm-0ed-view-cfY-jb-cGB.nib
copying file ./Payload/MaxPay.app/USP.storyboardc/RNw-On-3vF-view-AOV-2c-76v.nib ... 
2025-02-08 08:10:41 +0000  12092 bytes for ./Payload/MaxPay.app/USP.storyboardc/RNw-On-3vF-view-AOV-2c-76v.nib
copying file ./Payload/MaxPay.app/USP.storyboardc/YIH-cW-MIu-view-obd-LX-FuA.nib ... 
2025-02-08 08:10:41 +0000  19770 bytes for ./Payload/MaxPay.app/USP.storyboardc/YIH-cW-MIu-view-obd-LX-FuA.nib
copying file ./Payload/MaxPay.app/USP.storyboardc/PageTwoViewController.nib ... 
2025-02-08 08:10:41 +0000  1020 bytes for ./Payload/MaxPay.app/USP.storyboardc/PageTwoViewController.nib
copying file ./Payload/MaxPay.app/USP.storyboardc/PaymentListVC.nib ... 
2025-02-08 08:10:41 +0000  1057 bytes for ./Payload/MaxPay.app/USP.storyboardc/PaymentListVC.nib
copying file ./Payload/MaxPay.app/USP.storyboardc/q3Q-Ab-faC-view-HzM-ay-iQ9.nib ... 
2025-02-08 08:10:41 +0000  19200 bytes for ./Payload/MaxPay.app/USP.storyboardc/q3Q-Ab-faC-view-HzM-ay-iQ9.nib
copying file ./Payload/MaxPay.app/USP.storyboardc/SelectCityViewController.nib ... 
2025-02-08 08:10:41 +0000  1065 bytes for ./Payload/MaxPay.app/USP.storyboardc/SelectCityViewController.nib
copying file ./Payload/MaxPay.app/USP.storyboardc/82P-Cz-3xr-view-7D4-0O-15L.nib ... 
2025-02-08 08:10:41 +0000  32404 bytes for ./Payload/MaxPay.app/USP.storyboardc/82P-Cz-3xr-view-7D4-0O-15L.nib
copying file ./Payload/MaxPay.app/USP.storyboardc/RechargePlanViewController.nib ... 
2025-02-08 08:10:41 +0000  1069 bytes for ./Payload/MaxPay.app/USP.storyboardc/RechargePlanViewController.nib
copying file ./Payload/MaxPay.app/USP.storyboardc/MRT-rP-5I2-view-ZtF-AS-lKW.nib ... 
2025-02-08 08:10:41 +0000  12502 bytes for ./Payload/MaxPay.app/USP.storyboardc/MRT-rP-5I2-view-ZtF-AS-lKW.nib
copying file ./Payload/MaxPay.app/USP.storyboardc/i7Z-O7-AHC-view-utK-w5-D3O.nib ... 
2025-02-08 08:10:41 +0000  31744 bytes for ./Payload/MaxPay.app/USP.storyboardc/i7Z-O7-AHC-view-utK-w5-D3O.nib
2025-02-08 08:10:41 +0000  copying file ./Payload/MaxPay.app/USP.storyboardc/FlightTravellerPopVC.nib ... 
1057 bytes for ./Payload/MaxPay.app/USP.storyboardc/FlightTravellerPopVC.nib
copying file ./Payload/MaxPay.app/USP.storyboardc/lfd-eK-oZW-view-WgZ-nR-Knh.nib ... 
2025-02-08 08:10:41 +0000  30035 bytes for ./Payload/MaxPay.app/USP.storyboardc/lfd-eK-oZW-view-WgZ-nR-Knh.nib
copying file ./Payload/MaxPay.app/USP.storyboardc/TravellersDetailsVC.nib ... 
2025-02-08 08:10:41 +0000  1055 bytes for ./Payload/MaxPay.app/USP.storyboardc/TravellersDetailsVC.nib
copying file ./Payload/MaxPay.app/USP.storyboardc/Orp-lh-Qc4-view-X6N-FT-Yq2.nib ... 
2025-02-08 08:10:41 +0000  20875 bytes for ./Payload/MaxPay.app/USP.storyboardc/Orp-lh-Qc4-view-X6N-FT-Yq2.nib
copying file ./Payload/MaxPay.app/USP.storyboardc/BusFIlterVC.nib ... 
2025-02-08 08:10:41 +0000  1128 bytes for ./Payload/MaxPay.app/USP.storyboardc/BusFIlterVC.nib
copying file ./Payload/MaxPay.app/USP.storyboardc/BusTicketPaymentVC.nib ... 
2025-02-08 08:10:41 +0000  1396 bytes for ./Payload/MaxPay.app/USP.storyboardc/BusTicketPaymentVC.nib
copying file ./Payload/MaxPay.app/USP.storyboardc/FlightTicketVC.nib ... 
2025-02-08 08:10:41 +0000  1045 bytes for ./Payload/MaxPay.app/USP.storyboardc/FlightTicketVC.nib
copying file ./Payload/MaxPay.app/USP.storyboardc/R3b-z9-nAq-view-jhn-Xw-vUC.nib ... 
2025-02-08 08:10:41 +0000  27396 bytes for ./Payload/MaxPay.app/USP.storyboardc/R3b-z9-nAq-view-jhn-Xw-vUC.nib
copying file ./Payload/MaxPay.app/USP.storyboardc/HotelRoomTypesVC.nib ... 
2025-02-08 08:10:41 +0000  1049 bytes for ./Payload/MaxPay.app/USP.storyboardc/HotelRoomTypesVC.nib
copying file ./Payload/MaxPay.app/USP.storyboardc/SearchFlightVC.nib ... 
2025-02-08 08:10:41 +0000  1059 bytes for ./Payload/MaxPay.app/USP.storyboardc/SearchFlightVC.nib
copying file ./Payload/MaxPay.app/USP.storyboardc/GVj-Br-xcr-view-I2T-xu-SMw.nib ... 
2025-02-08 08:10:41 +0000  17560 bytes for ./Payload/MaxPay.app/USP.storyboardc/GVj-Br-xcr-view-I2T-xu-SMw.nib
copying file ./Payload/MaxPay.app/USP.storyboardc/PresentPhotViewController.nib ... 
2025-02-08 08:10:41 +0000  1067 bytes for ./Payload/MaxPay.app/USP.storyboardc/PresentPhotViewController.nib
copying file ./Payload/MaxPay.app/USP.storyboardc/h02-g0-B7n-view-JVs-ME-WsY.nib ... 
2025-02-08 08:10:41 +0000  2468 bytes for ./Payload/MaxPay.app/USP.storyboardc/h02-g0-B7n-view-JVs-ME-WsY.nib
copying file ./Payload/MaxPay.app/USP.storyboardc/RoomsGuestPopVC.nib ... 
2025-02-08 08:10:41 +0000  1047 bytes for ./Payload/MaxPay.app/USP.storyboardc/RoomsGuestPopVC.nib
copying file ./Payload/MaxPay.app/USP.storyboardc/HotelCheckoutViewController.nib ... 
2025-02-08 08:10:41 +0000  1071 bytes for ./Payload/MaxPay.app/USP.storyboardc/HotelCheckoutViewController.nib
copying file ./Payload/MaxPay.app/USP.storyboardc/ReceiptViewController.nib ... 
2025-02-08 08:10:41 +0000  1020 bytes for ./Payload/MaxPay.app/USP.storyboardc/ReceiptViewController.nib
copying file ./Payload/MaxPay.app/USP.storyboardc/TBo-9f-8ve-view-tPp-B1-zYh.nib ... 
2025-02-08 08:10:41 +0000  40268 bytes for ./Payload/MaxPay.app/USP.storyboardc/TBo-9f-8ve-view-tPp-B1-zYh.nib
copying file ./Payload/MaxPay.app/USP.storyboardc/PlanViewPopupVC.nib ... 
2025-02-08 08:10:41 +0000  1047 bytes for ./Payload/MaxPay.app/USP.storyboardc/PlanViewPopupVC.nib
copying file ./Payload/MaxPay.app/USP.storyboardc/HotelPaymentVC.nib ... 
2025-02-08 08:10:41 +0000  1081 bytes for ./Payload/MaxPay.app/USP.storyboardc/HotelPaymentVC.nib
copying file ./Payload/MaxPay.app/USP.storyboardc/5Gj-9e-3Tt-view-fvv-vq-2cR.nib ... 
2025-02-08 08:10:41 +0000  18642 bytes for ./Payload/MaxPay.app/USP.storyboardc/5Gj-9e-3Tt-view-fvv-vq-2cR.nib
copying file ./Payload/MaxPay.app/USP.storyboardc/SearchFlightListVC.nib ... 
2025-02-08 08:10:41 +0000  1067 bytes for ./Payload/MaxPay.app/USP.storyboardc/SearchFlightListVC.nib
copying file ./Payload/MaxPay.app/USP.storyboardc/HotelReviewVC.nib ... 
2025-02-08 08:10:41 +0000  1057 bytes for ./Payload/MaxPay.app/USP.storyboardc/HotelReviewVC.nib
copying file ./Payload/MaxPay.app/USP.storyboardc/Adh-7Z-gXQ-view-oJf-4m-Mqt.nib ... 
2025-02-08 08:10:41 +0000  1225 bytes for ./Payload/MaxPay.app/USP.storyboardc/Adh-7Z-gXQ-view-oJf-4m-Mqt.nib
copying file ./Payload/MaxPay.app/USP.storyboardc/ppW-WS-0Cq-view-N33-jO-rwx.nib ... 
2025-02-08 08:10:41 +0000  12437 bytes for ./Payload/MaxPay.app/USP.storyboardc/ppW-WS-0Cq-view-N33-jO-rwx.nib
copying file ./Payload/MaxPay.app/USP.storyboardc/O5M-Da-kMg-view-1AY-T1-NIg.nib ... 
2025-02-08 08:10:41 +0000  14529 bytes for ./Payload/MaxPay.app/USP.storyboardc/O5M-Da-kMg-view-1AY-T1-NIg.nib
copying file ./Payload/MaxPay.app/USP.storyboardc/MTh-pb-snb-view-JvD-KZ-Sut.nib ... 
2025-02-08 08:10:41 +0000  16800 bytes for ./Payload/MaxPay.app/USP.storyboardc/MTh-pb-snb-view-JvD-KZ-Sut.nib
copying file ./Payload/MaxPay.app/USP.storyboardc/gIK-i7-joh-view-9Q4-su-hMZ.nib ... 
2025-02-08 08:10:41 +0000  11207 bytes for ./Payload/MaxPay.app/USP.storyboardc/gIK-i7-joh-view-9Q4-su-hMZ.nib
copying file ./Payload/MaxPay.app/USP.storyboardc/5VJ-K8-HT9-view-3n8-Hl-gwg.nib ... 
2025-02-08 08:10:41 +0000  20046 bytes for ./Payload/MaxPay.app/USP.storyboardc/5VJ-K8-HT9-view-3n8-Hl-gwg.nib
copying file ./Payload/MaxPay.app/USP.storyboardc/TravelVC.nib ... 
2025-02-08 08:10:41 +0000  1046 bytes for ./Payload/MaxPay.app/USP.storyboardc/TravelVC.nib
copying file ./Payload/MaxPay.app/USP.storyboardc/BusSearchListVC.nib ... 
2025-02-08 08:10:41 +0000  1526 bytes for ./Payload/MaxPay.app/USP.storyboardc/BusSearchListVC.nib
copying file ./Payload/MaxPay.app/USP.storyboardc/19M-WO-SNk-view-sdg-Pt-2qS.nib ... 
2025-02-08 08:10:41 +0000  47880 bytes for ./Payload/MaxPay.app/USP.storyboardc/19M-WO-SNk-view-sdg-Pt-2qS.nib
copying file ./Payload/MaxPay.app/USP.storyboardc/HotelViewController.nib ... 
2025-02-08 08:10:41 +0000  1055 bytes for ./Payload/MaxPay.app/USP.storyboardc/HotelViewController.nib
copying file ./Payload/MaxPay.app/USP.storyboardc/bf3-gy-De4-view-leX-vG-td3.nib ... 
2025-02-08 08:10:41 +0000  51771 bytes for ./Payload/MaxPay.app/USP.storyboardc/bf3-gy-De4-view-leX-vG-td3.nib
copying file ./Payload/MaxPay.app/USP.storyboardc/fxH-G5-pzk-view-sTl-Ta-vlb.nib ... 
2025-02-08 08:10:41 +0000  12942 bytes for ./Payload/MaxPay.app/USP.storyboardc/fxH-G5-pzk-view-sTl-Ta-vlb.nib
copying file ./Payload/MaxPay.app/USP.storyboardc/FlightOnwWayViewController.nib ... 
2025-02-08 08:10:41 +0000  1069 bytes for ./Payload/MaxPay.app/USP.storyboardc/FlightOnwWayViewController.nib
copying file ./Payload/MaxPay.app/USP.storyboardc/FlightDetailsVC.nib ... 
2025-02-08 08:10:41 +0000  1061 bytes for ./Payload/MaxPay.app/USP.storyboardc/FlightDetailsVC.nib
copying file ./Payload/MaxPay.app/USP.storyboardc/tvZ-yd-zHy-view-bQe-cV-JMy.nib ... 
2025-02-08 08:10:41 +0000  34483 bytes for ./Payload/MaxPay.app/USP.storyboardc/tvZ-yd-zHy-view-bQe-cV-JMy.nib
copying file ./Payload/MaxPay.app/USP.storyboardc/fzF-12-bHG-view-qKS-3b-fTb.nib ... 
2025-02-08 08:10:41 +0000  21697 bytes for ./Payload/MaxPay.app/USP.storyboardc/fzF-12-bHG-view-qKS-3b-fTb.nib
copying file ./Payload/MaxPay.app/USP.storyboardc/IuL-xf-XY8-view-3TQ-Bn-Vg7.nib ... 
2025-02-08 08:10:41 +0000  19322 bytes for ./Payload/MaxPay.app/USP.storyboardc/IuL-xf-XY8-view-3TQ-Bn-Vg7.nib
copying file ./Payload/MaxPay.app/USP.storyboardc/TravellersSeatVC.nib ... 
2025-02-08 08:10:41 +0000  1049 bytes for ./Payload/MaxPay.app/USP.storyboardc/TravellersSeatVC.nib
copying file ./Payload/MaxPay.app/USP.storyboardc/SelectOperatorVC.nib ... 
2025-02-08 08:10:41 +0000  1049 bytes for ./Payload/MaxPay.app/USP.storyboardc/SelectOperatorVC.nib
copying file ./Payload/MaxPay.app/USP.storyboardc/Ao1-Am-6qM-view-kFa-2l-ljG.nib ... 
2025-02-08 08:10:41 +0000  20869 bytes for ./Payload/MaxPay.app/USP.storyboardc/Ao1-Am-6qM-view-kFa-2l-ljG.nib
copying file ./Payload/MaxPay.app/USP.storyboardc/sVw-Rr-qAy-view-9x3-2W-g5T.nib ... 
2025-02-08 08:10:41 +0000  32970 bytes for ./Payload/MaxPay.app/USP.storyboardc/sVw-Rr-qAy-view-9x3-2W-g5T.nib
copying file ./Payload/MaxPay.app/USP.storyboardc/PageContainerViewController.nib ... 
2025-02-08 08:10:41 +0000  1032 bytes for ./Payload/MaxPay.app/USP.storyboardc/PageContainerViewController.nib
copying file ./Payload/MaxPay.app/USP.storyboardc/pIu-aW-Y67-view-dg2-Ff-yfo.nib ... 
2025-02-08 08:10:41 +0000  27660 bytes for ./Payload/MaxPay.app/USP.storyboardc/pIu-aW-Y67-view-dg2-Ff-yfo.nib
copying file ./Payload/MaxPay.app/USP.storyboardc/kpl-4x-Pvg-view-DCF-JY-LTh.nib ... 
2025-02-08 08:10:41 +0000  36829 bytes for ./Payload/MaxPay.app/USP.storyboardc/kpl-4x-Pvg-view-DCF-JY-LTh.nib
copying file ./Payload/MaxPay.app/USP.storyboardc/SelectOperatorPopupView.nib ... 
2025-02-08 08:10:41 +0000  1063 bytes for ./Payload/MaxPay.app/USP.storyboardc/SelectOperatorPopupView.nib
copying file ./Payload/MaxPay.app/USP.storyboardc/3ZQ-91-6us-view-q2M-2U-H4l.nib ... 
2025-02-08 08:10:41 +0000  25728 bytes for ./Payload/MaxPay.app/USP.storyboardc/3ZQ-91-6us-view-q2M-2U-H4l.nib
copying file ./Payload/MaxPay.app/USP.storyboardc/EzM-lr-mRC-view-7Nn-n4-sxo.nib ... 
2025-02-08 08:10:41 +0000  53890 bytes for ./Payload/MaxPay.app/USP.storyboardc/EzM-lr-mRC-view-7Nn-n4-sxo.nib
copying file ./Payload/MaxPay.app/USP.storyboardc/tKJ-Oo-2cY-view-ey9-k2-ssW.nib ... 
2025-02-08 08:10:41 +0000  18727 bytes for ./Payload/MaxPay.app/USP.storyboardc/tKJ-Oo-2cY-view-ey9-k2-ssW.nib
2025-02-08 08:10:41 +0000  copying file ./Payload/MaxPay.app/USP.storyboardc/Ljv-zo-ua0-view-8Hs-cT-Ogp.nib ... 
2025-02-08 08:10:41 +0000  10913 bytes for ./Payload/MaxPay.app/USP.storyboardc/Ljv-zo-ua0-view-8Hs-cT-Ogp.nib
2025-02-08 08:10:41 +0000  copying file ./Payload/MaxPay.app/USP.storyboardc/hdY-lJ-clM-view-OON-xW-tPH.nib ... 
2025-02-08 08:10:41 +0000  17497 bytes for ./Payload/MaxPay.app/USP.storyboardc/hdY-lJ-clM-view-OON-xW-tPH.nib
2025-02-08 08:10:41 +0000  copying file ./Payload/MaxPay.app/USP.storyboardc/eGM-Ls-vN3-view-8MR-Tt-Iyy.nib ... 
2025-02-08 08:10:41 +0000  50539 bytes for ./Payload/MaxPay.app/USP.storyboardc/eGM-Ls-vN3-view-8MR-Tt-Iyy.nib
copying file ./Payload/MaxPay.app/USP.storyboardc/FlightBookViewController.nib ... 
2025-02-08 08:10:41 +0000  1065 bytes for ./Payload/MaxPay.app/USP.storyboardc/FlightBookViewController.nib
copying file ./Payload/MaxPay.app/USP.storyboardc/HotelBillPaymentMethodVC.nib ... 
2025-02-08 08:10:41 +0000  1101 bytes for ./Payload/MaxPay.app/USP.storyboardc/HotelBillPaymentMethodVC.nib
copying file ./Payload/MaxPay.app/USP.storyboardc/FlightFilterView.nib ... 
1049 bytes for ./Payload/MaxPay.app/USP.storyboardc/FlightFilterView.nib
copying file ./Payload/MaxPay.app/USP.storyboardc/sB6-W8-ZxV-view-OTv-9g-54u.nib ... 
2025-02-08 08:10:41 +0000  13333 bytes for ./Payload/MaxPay.app/USP.storyboardc/sB6-W8-ZxV-view-OTv-9g-54u.nib
copying file ./Payload/MaxPay.app/USP.storyboardc/FlightTwoWayViewController.nib ... 
2025-02-08 08:10:41 +0000  1069 bytes for ./Payload/MaxPay.app/USP.storyboardc/FlightTwoWayViewController.nib
2025-02-08 08:10:41 +0000  copying file ./Payload/MaxPay.app/USP.storyboardc/iu9-UN-3fY-view-IWM-YD-zF5.nib ... 
2025-02-08 08:10:41 +0000  17534 bytes for ./Payload/MaxPay.app/USP.storyboardc/iu9-UN-3fY-view-IWM-YD-zF5.nib
2025-02-08 08:10:41 +0000  copying file ./Payload/MaxPay.app/USP.storyboardc/TravelTabViewController.nib ... 
2025-02-08 08:10:41 +0000  1063 bytes for ./Payload/MaxPay.app/USP.storyboardc/TravelTabViewController.nib
copying file ./Payload/MaxPay.app/USP.storyboardc/HotelSearchVC.nib ... 
2025-02-08 08:10:41 +0000  1057 bytes for ./Payload/MaxPay.app/USP.storyboardc/HotelSearchVC.nib
copying file ./Payload/MaxPay.app/USP.storyboardc/ReviewBookingVC.nib ... 
2025-02-08 08:10:41 +0000  1387 bytes for ./Payload/MaxPay.app/USP.storyboardc/ReviewBookingVC.nib
copying file ./Payload/MaxPay.app/USP.storyboardc/RechargeBillFailedVC.nib ... 
2025-02-08 08:10:41 +0000  1057 bytes for ./Payload/MaxPay.app/USP.storyboardc/RechargeBillFailedVC.nib
copying file ./Payload/MaxPay.app/USP.storyboardc/RechargeBillPaymentMethodVC.nib ... 
2025-02-08 08:10:41 +0000  1160 bytes for ./Payload/MaxPay.app/USP.storyboardc/RechargeBillPaymentMethodVC.nib
copying file ./Payload/MaxPay.app/USP.storyboardc/fdZ-g1-eEd-view-v4x-gv-C4N.nib ... 
2025-02-08 08:10:41 +0000  15662 bytes for ./Payload/MaxPay.app/USP.storyboardc/fdZ-g1-eEd-view-v4x-gv-C4N.nib
2025-02-08 08:10:41 +0000  copying file ./Payload/MaxPay.app/USP.storyboardc/BusReviewVC.nib ... 
1053 bytes for ./Payload/MaxPay.app/USP.storyboardc/BusReviewVC.nib
2025-02-08 08:10:41 +0000  copying file ./Payload/MaxPay.app/USP.storyboardc/RechargeViewController.nib ... 
1091 bytes for ./Payload/MaxPay.app/USP.storyboardc/RechargeViewController.nib
copying file ./Payload/MaxPay.app/USP.storyboardc/e88-eU-uN8-view-vYY-KH-VmG.nib ... 
2025-02-08 08:10:41 +0000  27849 bytes for ./Payload/MaxPay.app/USP.storyboardc/e88-eU-uN8-view-vYY-KH-VmG.nib
2025-02-08 08:10:41 +0000  copying file ./Payload/MaxPay.app/USP.storyboardc/Vw9-by-jL6-view-uyZ-qU-bKm.nib ... 
2025-02-08 08:10:41 +0000  19342 bytes for ./Payload/MaxPay.app/USP.storyboardc/Vw9-by-jL6-view-uyZ-qU-bKm.nib
2025-02-08 08:10:41 +0000  copying file ./Payload/MaxPay.app/USP.storyboardc/PageOneViewController.nib ... 
1020 bytes for ./Payload/MaxPay.app/USP.storyboardc/PageOneViewController.nib
2025-02-08 08:10:41 +0000  copying file ./Payload/MaxPay.app/USP.storyboardc/NFl-LT-BeR-view-Zy8-cB-ULO.nib ... 
2025-02-08 08:10:41 +0000  26923 bytes for ./Payload/MaxPay.app/USP.storyboardc/NFl-LT-BeR-view-Zy8-cB-ULO.nib
2025-02-08 08:10:41 +0000  copying file ./Payload/MaxPay.app/USP.storyboardc/8Ea-jZ-aTJ-view-cd5-oQ-fBy.nib ... 
2025-02-08 08:10:41 +0000  16003 bytes for ./Payload/MaxPay.app/USP.storyboardc/8Ea-jZ-aTJ-view-cd5-oQ-fBy.nib
2025-02-08 08:10:41 +0000  copying file ./Payload/MaxPay.app/USP.storyboardc/cw4-0U-wDQ-view-RJr-GL-Tte.nib ... 
2025-02-08 08:10:41 +0000  1225 bytes for ./Payload/MaxPay.app/USP.storyboardc/cw4-0U-wDQ-view-RJr-GL-Tte.nib
copying file ./Payload/MaxPay.app/USP.storyboardc/I96-0h-TzI-view-FFE-32-dKr.nib ... 
2025-02-08 08:10:41 +0000  18594 bytes for ./Payload/MaxPay.app/USP.storyboardc/I96-0h-TzI-view-FFE-32-dKr.nib
2025-02-08 08:10:41 +0000  copying file ./Payload/MaxPay.app/USP.storyboardc/F9r-Ap-MFi-view-nZq-mY-LNK.nib ... 
2025-02-08 08:10:41 +0000  11860 bytes for ./Payload/MaxPay.app/USP.storyboardc/F9r-Ap-MFi-view-nZq-mY-LNK.nib
2025-02-08 08:10:41 +0000  copying file ./Payload/MaxPay.app/USP.storyboardc/FlightReviewVC.nib ... 
2025-02-08 08:10:41 +0000  1059 bytes for ./Payload/MaxPay.app/USP.storyboardc/FlightReviewVC.nib
copying file ./Payload/MaxPay.app/USP.storyboardc/o8O-2A-eK0-view-mix-PG-oZd.nib ... 
2025-02-08 08:10:41 +0000  20960 bytes for ./Payload/MaxPay.app/USP.storyboardc/o8O-2A-eK0-view-mix-PG-oZd.nib
2025-02-08 08:10:41 +0000  copying file ./Payload/MaxPay.app/USP.storyboardc/SelectSeatsVC.nib ... 
2025-02-08 08:10:41 +0000  1386 bytes for ./Payload/MaxPay.app/USP.storyboardc/SelectSeatsVC.nib
copying file ./Payload/MaxPay.app/USP.storyboardc/TravelDetailsVC.nib ... 
2025-02-08 08:10:41 +0000  1061 bytes for ./Payload/MaxPay.app/USP.storyboardc/TravelDetailsVC.nib
copying file ./Payload/MaxPay.app/USP.storyboardc/vAB-w6-Uch-view-Sby-h6-nUr.nib ... 
2025-02-08 08:10:41 +0000  31927 bytes for ./Payload/MaxPay.app/USP.storyboardc/vAB-w6-Uch-view-Sby-h6-nUr.nib
2025-02-08 08:10:41 +0000  copying file ./Payload/MaxPay.app/USP.storyboardc/RechargePaymentVC.nib ... 
1140 bytes for ./Payload/MaxPay.app/USP.storyboardc/RechargePaymentVC.nib
2025-02-08 08:10:41 +0000  copying file ./Payload/MaxPay.app/USP.storyboardc/6MX-IP-dxD-view-KdK-59-g5t.nib ... 
2025-02-08 08:10:41 +0000  38913 bytes for ./Payload/MaxPay.app/USP.storyboardc/6MX-IP-dxD-view-KdK-59-g5t.nib
2025-02-08 08:10:41 +0000  copying file ./Payload/MaxPay.app/USP.storyboardc/MealsAddOnView.nib ... 
2025-02-08 08:10:41 +0000  1045 bytes for ./Payload/MaxPay.app/USP.storyboardc/MealsAddOnView.nib
copying file ./Payload/MaxPay.app/USP.storyboardc/cTs-uI-CeD-view-e3a-AK-CNj.nib ... 
2025-02-08 08:10:41 +0000  21417 bytes for ./Payload/MaxPay.app/USP.storyboardc/cTs-uI-CeD-view-e3a-AK-CNj.nib
2025-02-08 08:10:41 +0000  copying file ./Payload/MaxPay.app/USP.storyboardc/CircleViewController.nib ... 
2025-02-08 08:10:41 +0000  1057 bytes for ./Payload/MaxPay.app/USP.storyboardc/CircleViewController.nib
copying file ./Payload/MaxPay.app/USP.storyboardc/wkG-Rw-V9e-view-WVb-Fb-rdG.nib ... 
2025-02-08 08:10:41 +0000  28322 bytes for ./Payload/MaxPay.app/USP.storyboardc/wkG-Rw-V9e-view-WVb-Fb-rdG.nib
2025-02-08 08:10:41 +0000  copying file ./Payload/MaxPay.app/USP.storyboardc/Info.plist ... 
2025-02-08 08:10:41 +0000  2860 bytes for ./Payload/MaxPay.app/USP.storyboardc/Info.plist
copying file ./Payload/MaxPay.app/USP.storyboardc/SearchBusVC.nib ... 
2025-02-08 08:10:41 +0000  1053 bytes for ./Payload/MaxPay.app/USP.storyboardc/SearchBusVC.nib
copying file ./Payload/MaxPay.app/USP.storyboardc/RechargeBillPendingVC.nib ... 
2025-02-08 08:10:41 +0000  1059 bytes for ./Payload/MaxPay.app/USP.storyboardc/RechargeBillPendingVC.nib
copying file ./Payload/MaxPay.app/USP.storyboardc/AddPassengerDetailsVC.nib ... 
2025-02-08 08:10:41 +0000  1396 bytes for ./Payload/MaxPay.app/USP.storyboardc/AddPassengerDetailsVC.nib
copying file ./Payload/MaxPay.app/USP.storyboardc/BaggageAddOnView.nib ... 
2025-02-08 08:10:41 +0000  1049 bytes for ./Payload/MaxPay.app/USP.storyboardc/BaggageAddOnView.nib
copying file ./Payload/MaxPay.app/USP.storyboardc/NtA-b5-IFa-view-GGT-oG-zpp.nib ... 
2025-02-08 08:10:41 +0000  1225 bytes for ./Payload/MaxPay.app/USP.storyboardc/NtA-b5-IFa-view-GGT-oG-zpp.nib
copying file ./Payload/MaxPay.app/USP.storyboardc/QIj-ex-Aw2-view-eqj-cH-XZr.nib ... 
2025-02-08 08:10:41 +0000  25324 bytes for ./Payload/MaxPay.app/USP.storyboardc/QIj-ex-Aw2-view-eqj-cH-XZr.nib
2025-02-08 08:10:41 +0000  copying file ./Payload/MaxPay.app/USP.storyboardc/PhotoGalleryVC.nib ... 
1045 bytes for ./Payload/MaxPay.app/USP.storyboardc/PhotoGalleryVC.nib
2025-02-08 08:10:41 +0000  copying file ./Payload/MaxPay.app/Roboto-Light.ttf ... 
2025-02-08 08:10:41 +0000  167000 bytes for ./Payload/MaxPay.app/Roboto-Light.ttf
copying file ./Payload/MaxPay.app/PayTableViewCell.nib ... 
2025-02-08 08:10:41 +0000  14990 bytes for ./Payload/MaxPay.app/PayTableViewCell.nib
copying file ./Payload/MaxPay.app/MaxPay ... 
2025-02-08 08:10:42 +0000  7197184 bytes for ./Payload/MaxPay.app/MaxPay
copying file ./Payload/MaxPay.app/AddCardTableViewCell.nib ... 
2025-02-08 08:10:42 +0000  9203 bytes for ./Payload/MaxPay.app/AddCardTableViewCell.nib
copying file ./Payload/MaxPay.app/ListPickerView.nib ... 
2025-02-08 08:10:42 +0000  4101 bytes for ./Payload/MaxPay.app/ListPickerView.nib
copying file ./Payload/MaxPay.app/Harmattan-SemiBold.ttf ... 
2025-02-08 08:10:42 +0000  535016 bytes for ./Payload/MaxPay.app/Harmattan-SemiBold.ttf
2025-02-08 08:10:42 +0000  copying file ./Payload/MaxPay.app/MaxPay.momd/VersionInfo.plist ... 
244 bytes for ./Payload/MaxPay.app/MaxPay.momd/VersionInfo.plist
copying file ./Payload/MaxPay.app/MaxPay.momd/MaxPay.mom ... 
2025-02-08 08:10:42 +0000  566 bytes for ./Payload/MaxPay.app/MaxPay.momd/MaxPay.mom
copying file ./Payload/MaxPay.app/MaxPay.momd/MaxPay.omo ... 
704 bytes for ./Payload/MaxPay.app/MaxPay.momd/MaxPay.omo
2025-02-08 08:10:42 +0000  copying file ./Payload/MaxPay.app/CancellationPolicyCell.nib ... 
2025-02-08 08:10:42 +0000  4405 bytes for ./Payload/MaxPay.app/CancellationPolicyCell.nib
copying file ./Payload/MaxPay.app/HotelSearchCell.nib ... 
2025-02-08 08:10:42 +0000  13188 bytes for ./Payload/MaxPay.app/HotelSearchCell.nib
copying file ./Payload/MaxPay.app/TrasactionPercentageCell.nib ... 
2025-02-08 08:10:42 +0000  3485 bytes for ./Payload/MaxPay.app/TrasactionPercentageCell.nib
copying file ./Payload/MaxPay.app/RechargePopupVC.nib ... 
2025-02-08 08:10:42 +0000  14971 bytes for ./Payload/MaxPay.app/RechargePopupVC.nib
copying file ./Payload/MaxPay.app/CustomSearch.nib ... 
2025-02-08 08:10:42 +0000  5913 bytes for ./Payload/MaxPay.app/CustomSearch.nib
copying file ./Payload/MaxPay.app/UserDetailTableViewCell.nib ... 
2025-02-08 08:10:42 +0000  11365 bytes for ./Payload/MaxPay.app/UserDetailTableViewCell.nib
2025-02-08 08:10:42 +0000  copying file ./Payload/MaxPay.app/BhimUpi.storyboardc/NcA-Vv-Hnt-view-Myk-bB-2VA.nib ... 
2025-02-08 08:10:42 +0000  37328 bytes for ./Payload/MaxPay.app/BhimUpi.storyboardc/NcA-Vv-Hnt-view-Myk-bB-2VA.nib
copying file ./Payload/MaxPay.app/BhimUpi.storyboardc/RequestLandingVC.nib ... 
2025-02-08 08:10:42 +0000  1063 bytes for ./Payload/MaxPay.app/BhimUpi.storyboardc/RequestLandingVC.nib
copying file ./Payload/MaxPay.app/BhimUpi.storyboardc/ManageLinkVC.nib ... 
2025-02-08 08:10:42 +0000  1041 bytes for ./Payload/MaxPay.app/BhimUpi.storyboardc/ManageLinkVC.nib
copying file ./Payload/MaxPay.app/BhimUpi.storyboardc/PaymentUPIIDRequestNewVC.nib ... 
1154 bytes for ./Payload/MaxPay.app/BhimUpi.storyboardc/PaymentUPIIDRequestNewVC.nib
copying file ./Payload/MaxPay.app/BhimUpi.storyboardc/BhimUPILandingVC.nib ... 
2025-02-08 08:10:42 +0000  1063 bytes for ./Payload/MaxPay.app/BhimUpi.storyboardc/BhimUPILandingVC.nib
copying file ./Payload/MaxPay.app/BhimUpi.storyboardc/TransferVC.nib ... 
2025-02-08 08:10:42 +0000  1051 bytes for ./Payload/MaxPay.app/BhimUpi.storyboardc/TransferVC.nib
copying file ./Payload/MaxPay.app/BhimUpi.storyboardc/4dL-h4-DoG-view-dro-hN-9sm.nib ... 
2025-02-08 08:10:42 +0000  9317 bytes for ./Payload/MaxPay.app/BhimUpi.storyboardc/4dL-h4-DoG-view-dro-hN-9sm.nib
copying file ./Payload/MaxPay.app/BhimUpi.storyboardc/kCZ-CK-2eg-view-OSK-tn-rEd.nib ... 
2025-02-08 08:10:42 +0000  22934 bytes for ./Payload/MaxPay.app/BhimUpi.storyboardc/kCZ-CK-2eg-view-OSK-tn-rEd.nib
copying file ./Payload/MaxPay.app/BhimUpi.storyboardc/hTE-ur-OTM-view-t7m-yC-DFm.nib ... 
2025-02-08 08:10:42 +0000  15931 bytes for ./Payload/MaxPay.app/BhimUpi.storyboardc/hTE-ur-OTM-view-t7m-yC-DFm.nib
copying file ./Payload/MaxPay.app/BhimUpi.storyboardc/Y6W-OH-hqX-view-5EZ-qb-Rvc.nib ... 
2025-02-08 08:10:42 +0000  13717 bytes for ./Payload/MaxPay.app/BhimUpi.storyboardc/Y6W-OH-hqX-view-5EZ-qb-Rvc.nib
2025-02-08 08:10:42 +0000  copying file ./Payload/MaxPay.app/BhimUpi.storyboardc/SendMoneyVC.nib ... 
1073 bytes for ./Payload/MaxPay.app/BhimUpi.storyboardc/SendMoneyVC.nib
copying file ./Payload/MaxPay.app/BhimUpi.storyboardc/UPINumberVC.nib ... 
2025-02-08 08:10:42 +0000  1039 bytes for ./Payload/MaxPay.app/BhimUpi.storyboardc/UPINumberVC.nib
copying file ./Payload/MaxPay.app/BhimUpi.storyboardc/Mft-7U-Dxi-view-WCT-vI-CZe.nib ... 
2025-02-08 08:10:42 +0000  10016 bytes for ./Payload/MaxPay.app/BhimUpi.storyboardc/Mft-7U-Dxi-view-WCT-vI-CZe.nib
2025-02-08 08:10:42 +0000  copying file ./Payload/MaxPay.app/BhimUpi.storyboardc/AccountSelectionPopVc.nib ... 
1059 bytes for ./Payload/MaxPay.app/BhimUpi.storyboardc/AccountSelectionPopVc.nib
copying file ./Payload/MaxPay.app/BhimUpi.storyboardc/KVw-5d-bxo-view-a61-so-bCy.nib ... 
2025-02-08 08:10:42 +0000  21951 bytes for ./Payload/MaxPay.app/BhimUpi.storyboardc/KVw-5d-bxo-view-a61-so-bCy.nib
copying file ./Payload/MaxPay.app/BhimUpi.storyboardc/RequestMoneyVC.nib ... 
2025-02-08 08:10:42 +0000  1059 bytes for ./Payload/MaxPay.app/BhimUpi.storyboardc/RequestMoneyVC.nib
copying file ./Payload/MaxPay.app/BhimUpi.storyboardc/R6s-oE-IPC-view-tav-Mv-Sqa.nib ... 
2025-02-08 08:10:42 +0000  9760 bytes for ./Payload/MaxPay.app/BhimUpi.storyboardc/R6s-oE-IPC-view-tav-Mv-Sqa.nib
copying file ./Payload/MaxPay.app/BhimUpi.storyboardc/W2B-mv-5BU-view-2nu-Cn-Grf.nib ... 
2025-02-08 08:10:42 +0000  23160 bytes for ./Payload/MaxPay.app/BhimUpi.storyboardc/W2B-mv-5BU-view-2nu-Cn-Grf.nib
copying file ./Payload/MaxPay.app/BhimUpi.storyboardc/PaymentUPIIDNewVC.nib ... 
2025-02-08 08:10:42 +0000  1140 bytes for ./Payload/MaxPay.app/BhimUpi.storyboardc/PaymentUPIIDNewVC.nib
copying file ./Payload/MaxPay.app/BhimUpi.storyboardc/DhV-BS-A3W-view-ZFS-2w-sW7.nib ... 
2025-02-08 08:10:42 +0000  26371 bytes for ./Payload/MaxPay.app/BhimUpi.storyboardc/DhV-BS-A3W-view-ZFS-2w-sW7.nib
copying file ./Payload/MaxPay.app/BhimUpi.storyboardc/5CQ-bT-ays-view-jpZ-X2-vkC.nib ... 
2025-02-08 08:10:42 +0000  19465 bytes for ./Payload/MaxPay.app/BhimUpi.storyboardc/5CQ-bT-ays-view-jpZ-X2-vkC.nib
2025-02-08 08:10:42 +0000  copying file ./Payload/MaxPay.app/BhimUpi.storyboardc/X3W-ov-xP2-view-yOm-Cz-nx7.nib ... 
2025-02-08 08:10:42 +0000  20711 bytes for ./Payload/MaxPay.app/BhimUpi.storyboardc/X3W-ov-xP2-view-yOm-Cz-nx7.nib
copying file ./Payload/MaxPay.app/BhimUpi.storyboardc/5xv-rg-lxc-view-m10-c2-big.nib ... 
2025-02-08 08:10:42 +0000  22947 bytes for ./Payload/MaxPay.app/BhimUpi.storyboardc/5xv-rg-lxc-view-m10-c2-big.nib
copying file ./Payload/MaxPay.app/BhimUpi.storyboardc/PaymentUPIIDNewConfirmationVC.nib ... 
2025-02-08 08:10:42 +0000  1164 bytes for ./Payload/MaxPay.app/BhimUpi.storyboardc/PaymentUPIIDNewConfirmationVC.nib
copying file ./Payload/MaxPay.app/BhimUpi.storyboardc/ManageUPIVC.nib ... 
2025-02-08 08:10:42 +0000  1039 bytes for ./Payload/MaxPay.app/BhimUpi.storyboardc/ManageUPIVC.nib
copying file ./Payload/MaxPay.app/BhimUpi.storyboardc/UPIPaymentReject.nib ... 
2025-02-08 08:10:42 +0000  1138 bytes for ./Payload/MaxPay.app/BhimUpi.storyboardc/UPIPaymentReject.nib
copying file ./Payload/MaxPay.app/BhimUpi.storyboardc/Info.plist ... 
2025-02-08 08:10:42 +0000  668 bytes for ./Payload/MaxPay.app/BhimUpi.storyboardc/Info.plist
copying file ./Payload/MaxPay.app/QuizWinnerCollectionViewCell.nib ... 
2025-02-08 08:10:42 +0000  3987 bytes for ./Payload/MaxPay.app/QuizWinnerCollectionViewCell.nib
copying file ./Payload/MaxPay.app/SearchFlightOneWayCell.nib ... 
2025-02-08 08:10:42 +0000  21512 bytes for ./Payload/MaxPay.app/SearchFlightOneWayCell.nib
copying file ./Payload/MaxPay.app/VWSecondaryWallet.nib ... 
2025-02-08 08:10:42 +0000  2478 bytes for ./Payload/MaxPay.app/VWSecondaryWallet.nib
copying file ./Payload/MaxPay.app/WalletShow.nib ... 
2025-02-08 08:10:42 +0000  9993 bytes for ./Payload/MaxPay.app/WalletShow.nib
copying file ./Payload/MaxPay.app/Roboto-Regular.ttf ... 
2025-02-08 08:10:42 +0000  168260 bytes for ./Payload/MaxPay.app/Roboto-Regular.ttf
copying file ./Payload/MaxPay.app/BannerTableViewCell.nib ... 
2025-02-08 08:10:42 +0000  3888 bytes for ./Payload/MaxPay.app/BannerTableViewCell.nib
2025-02-08 08:10:42 +0000  copying file ./Payload/MaxPay.app/ProfileCardCVC.nib ... 
2025-02-08 08:10:42 +0000  7565 bytes for ./Payload/MaxPay.app/ProfileCardCVC.nib
copying file ./Payload/MaxPay.app/PaymentTag.nib ... 
2025-02-08 08:10:42 +0000  17281 bytes for ./Payload/MaxPay.app/PaymentTag.nib
copying file ./Payload/MaxPay.app/AppIcon60x60@2x.png ... 
2025-02-08 08:10:42 +0000  4100 bytes for ./Payload/MaxPay.app/AppIcon60x60@2x.png
copying file ./Payload/MaxPay.app/PriceBreakup.nib ... 
2025-02-08 08:10:42 +0000  10514 bytes for ./Payload/MaxPay.app/PriceBreakup.nib
2025-02-08 08:10:42 +0000  copying file ./Payload/MaxPay.app/BBPS.storyboardc/YZP-gk-Buw-view-xdQ-v9-2Zc.nib ... 
2025-02-08 08:10:42 +0000  24312 bytes for ./Payload/MaxPay.app/BBPS.storyboardc/YZP-gk-Buw-view-xdQ-v9-2Zc.nib
copying file ./Payload/MaxPay.app/BBPS.storyboardc/3me-uh-db9-view-T7z-lq-VNC.nib ... 
2025-02-08 08:10:42 +0000  24342 bytes for ./Payload/MaxPay.app/BBPS.storyboardc/3me-uh-db9-view-T7z-lq-VNC.nib
copying file ./Payload/MaxPay.app/BBPS.storyboardc/CatagoryListVC.nib ... 
2025-02-08 08:10:42 +0000  1059 bytes for ./Payload/MaxPay.app/BBPS.storyboardc/CatagoryListVC.nib
copying file ./Payload/MaxPay.app/BBPS.storyboardc/FetchingBillVC.nib ... 
2025-02-08 08:10:42 +0000  1059 bytes for ./Payload/MaxPay.app/BBPS.storyboardc/FetchingBillVC.nib
copying file ./Payload/MaxPay.app/BBPS.storyboardc/PayBillListVC.nib ... 
1057 bytes for ./Payload/MaxPay.app/BBPS.storyboardc/PayBillListVC.nib
copying file ./Payload/MaxPay.app/BBPS.storyboardc/Info.plist ... 
2025-02-08 08:10:42 +0000  215 bytes for ./Payload/MaxPay.app/BBPS.storyboardc/Info.plist
copying file ./Payload/MaxPay.app/BBPS.storyboardc/ahU-EO-IbH-view-OEY-r7-li2.nib ... 
2025-02-08 08:10:42 +0000  18394 bytes for ./Payload/MaxPay.app/BBPS.storyboardc/ahU-EO-IbH-view-OEY-r7-li2.nib
copying file ./Payload/MaxPay.app/server.pem ... 
2025-02-08 08:10:42 +0000  3819 bytes for ./Payload/MaxPay.app/server.pem
copying file ./Payload/MaxPay.app/cards.ttf ... 
2025-02-08 08:10:42 +0000  70136 bytes for ./Payload/MaxPay.app/cards.ttf
copying file ./Payload/MaxPay.app/SearchFlightMultiCityCell.nib ... 
2025-02-08 08:10:42 +0000  17441 bytes for ./Payload/MaxPay.app/SearchFlightMultiCityCell.nib
copying file ./Payload/MaxPay.app/coffee.json ... 
2025-02-08 08:10:42 +0000  107049 bytes for ./Payload/MaxPay.app/coffee.json
copying file ./Payload/MaxPay.app/BusCancallation.nib ... 
2025-02-08 08:10:42 +0000  6149 bytes for ./Payload/MaxPay.app/BusCancallation.nib
copying file ./Payload/MaxPay.app/HotelAdultCell.nib ... 
2025-02-08 08:10:42 +0000  7793 bytes for ./Payload/MaxPay.app/HotelAdultCell.nib
copying file ./Payload/MaxPay.app/Iceberg-Regular.ttf ... 
2025-02-08 08:10:42 +0000  33404 bytes for ./Payload/MaxPay.app/Iceberg-Regular.ttf
copying file ./Payload/MaxPay.app/RoomListVC.nib ... 
2025-02-08 08:10:42 +0000  4501 bytes for ./Payload/MaxPay.app/RoomListVC.nib
copying file ./Payload/MaxPay.app/BoardingDropOff.nib ... 
2025-02-08 08:10:42 +0000  6183 bytes for ./Payload/MaxPay.app/BoardingDropOff.nib
2025-02-08 08:10:42 +0000  copying file ./Payload/MaxPay.app/GoogleService-Info.plist ... 
413 bytes for ./Payload/MaxPay.app/GoogleService-Info.plist
copying file ./Payload/MaxPay.app/BlockalertView.nib ... 
2025-02-08 08:10:42 +0000  8036 bytes for ./Payload/MaxPay.app/BlockalertView.nib
2025-02-08 08:10:42 +0000  copying file ./Payload/MaxPay.app/Dashboard.storyboardc/1xh-5g-17F-view-7ZR-bB-XHQ.nib ... 
2025-02-08 08:10:42 +0000  16218 bytes for ./Payload/MaxPay.app/Dashboard.storyboardc/1xh-5g-17F-view-7ZR-bB-XHQ.nib
copying file ./Payload/MaxPay.app/Dashboard.storyboardc/CreateTransactVC.nib ... 
2025-02-08 08:10:42 +0000  1138 bytes for ./Payload/MaxPay.app/Dashboard.storyboardc/CreateTransactVC.nib
copying file ./Payload/MaxPay.app/Dashboard.storyboardc/QuizVC.nib ... 
2025-02-08 08:10:42 +0000  1117 bytes for ./Payload/MaxPay.app/Dashboard.storyboardc/QuizVC.nib
copying file ./Payload/MaxPay.app/Dashboard.storyboardc/BhimUPIVC.nib ... 
2025-02-08 08:10:42 +0000  1525 bytes for ./Payload/MaxPay.app/Dashboard.storyboardc/BhimUPIVC.nib
copying file ./Payload/MaxPay.app/Dashboard.storyboardc/MyQRCodeVC.nib ... 
2025-02-08 08:10:42 +0000  1051 bytes for ./Payload/MaxPay.app/Dashboard.storyboardc/MyQRCodeVC.nib
copying file ./Payload/MaxPay.app/Dashboard.storyboardc/RaiseQueryPopUpView.nib ... 
1055 bytes for ./Payload/MaxPay.app/Dashboard.storyboardc/RaiseQueryPopUpView.nib
2025-02-08 08:10:42 +0000  copying file ./Payload/MaxPay.app/Dashboard.storyboardc/MandatePayDetailsVC.nib ... 
1055 bytes for ./Payload/MaxPay.app/Dashboard.storyboardc/MandatePayDetailsVC.nib
copying file ./Payload/MaxPay.app/Dashboard.storyboardc/7Yi-hV-ikN-view-aym-85-5gn.nib ... 
2025-02-08 08:10:42 +0000  18566 bytes for ./Payload/MaxPay.app/Dashboard.storyboardc/7Yi-hV-ikN-view-aym-85-5gn.nib
copying file ./Payload/MaxPay.app/Dashboard.storyboardc/x6T-br-phk-view-bTC-ME-X1Z.nib ... 
2025-02-08 08:10:42 +0000  4351 bytes for ./Payload/MaxPay.app/Dashboard.storyboardc/x6T-br-phk-view-bTC-ME-X1Z.nib
copying file ./Payload/MaxPay.app/Dashboard.storyboardc/BhimTrasactionDetailsVC.nib ... 
2025-02-08 08:10:42 +0000  1152 bytes for ./Payload/MaxPay.app/Dashboard.storyboardc/BhimTrasactionDetailsVC.nib
copying file ./Payload/MaxPay.app/Dashboard.storyboardc/TrasactionVC.nib ... 
2025-02-08 08:10:42 +0000  1130 bytes for ./Payload/MaxPay.app/Dashboard.storyboardc/TrasactionVC.nib
copying file ./Payload/MaxPay.app/Dashboard.storyboardc/ScanQRVC.nib ... 
2025-02-08 08:10:42 +0000  1121 bytes for ./Payload/MaxPay.app/Dashboard.storyboardc/ScanQRVC.nib
copying file ./Payload/MaxPay.app/Dashboard.storyboardc/BhimUPIHistoryVC.nib ... 
2025-02-08 08:10:42 +0000  1394 bytes for ./Payload/MaxPay.app/Dashboard.storyboardc/BhimUPIHistoryVC.nib
copying file ./Payload/MaxPay.app/Dashboard.storyboardc/End-90-gEn-view-zRu-GV-ZWC.nib ... 
2025-02-08 08:10:42 +0000  18993 bytes for ./Payload/MaxPay.app/Dashboard.storyboardc/End-90-gEn-view-zRu-GV-ZWC.nib
2025-02-08 08:10:42 +0000  copying file ./Payload/MaxPay.app/Dashboard.storyboardc/veF-BI-ykd-view-iI2-ld-9wz.nib ... 
2025-02-08 08:10:42 +0000  18583 bytes for ./Payload/MaxPay.app/Dashboard.storyboardc/veF-BI-ykd-view-iI2-ld-9wz.nib
2025-02-08 08:10:42 +0000  copying file ./Payload/MaxPay.app/Dashboard.storyboardc/PollsViewController.nib ... 
1055 bytes for ./Payload/MaxPay.app/Dashboard.storyboardc/PollsViewController.nib
2025-02-08 08:10:42 +0000  copying file ./Payload/MaxPay.app/Dashboard.storyboardc/SendAndReceiveVC.nib ... 
2025-02-08 08:10:42 +0000  1468 bytes for ./Payload/MaxPay.app/Dashboard.storyboardc/SendAndReceiveVC.nib
copying file ./Payload/MaxPay.app/Dashboard.storyboardc/FilterTexPopUpVC.nib ... 
1049 bytes for ./Payload/MaxPay.app/Dashboard.storyboardc/FilterTexPopUpVC.nib
2025-02-08 08:10:42 +0000  copying file ./Payload/MaxPay.app/Dashboard.storyboardc/SelectBankVC.nib ... 
1384 bytes for ./Payload/MaxPay.app/Dashboard.storyboardc/SelectBankVC.nib
2025-02-08 08:10:42 +0000  copying file ./Payload/MaxPay.app/Dashboard.storyboardc/qZO-OQ-gDn-view-qdC-7L-7zI.nib ... 
2025-02-08 08:10:42 +0000  20880 bytes for ./Payload/MaxPay.app/Dashboard.storyboardc/qZO-OQ-gDn-view-qdC-7L-7zI.nib
2025-02-08 08:10:42 +0000  copying file ./Payload/MaxPay.app/Dashboard.storyboardc/MandatePauseVC.nib ... 
2025-02-08 08:10:42 +0000  1045 bytes for ./Payload/MaxPay.app/Dashboard.storyboardc/MandatePauseVC.nib
copying file ./Payload/MaxPay.app/Dashboard.storyboardc/QuizQuesViewController.nib ... 
2025-02-08 08:10:42 +0000  1136 bytes for ./Payload/MaxPay.app/Dashboard.storyboardc/QuizQuesViewController.nib
copying file ./Payload/MaxPay.app/Dashboard.storyboardc/N9P-AM-Eah-view-abs-al-oJK.nib ... 
2025-02-08 08:10:42 +0000  9260 bytes for ./Payload/MaxPay.app/Dashboard.storyboardc/N9P-AM-Eah-view-abs-al-oJK.nib
2025-02-08 08:10:42 +0000  copying file ./Payload/MaxPay.app/Dashboard.storyboardc/h2r-Ze-svP-view-biT-cr-E3a.nib ... 
2025-02-08 08:10:42 +0000  17438 bytes for ./Payload/MaxPay.app/Dashboard.storyboardc/h2r-Ze-svP-view-biT-cr-E3a.nib
2025-02-08 08:10:42 +0000  copying file ./Payload/MaxPay.app/Dashboard.storyboardc/fBS-w8-GhS-view-q9l-wB-XhG.nib ... 
2025-02-08 08:10:42 +0000  15389 bytes for ./Payload/MaxPay.app/Dashboard.storyboardc/fBS-w8-GhS-view-q9l-wB-XhG.nib
2025-02-08 08:10:42 +0000  copying file ./Payload/MaxPay.app/Dashboard.storyboardc/QuizWinnerViewController.nib ... 
1140 bytes for ./Payload/MaxPay.app/Dashboard.storyboardc/QuizWinnerViewController.nib
2025-02-08 08:10:42 +0000  copying file ./Payload/MaxPay.app/Dashboard.storyboardc/UserProfileView.nib ... 
2025-02-08 08:10:42 +0000  1047 bytes for ./Payload/MaxPay.app/Dashboard.storyboardc/UserProfileView.nib
copying file ./Payload/MaxPay.app/Dashboard.storyboardc/PUb-xs-7Uc-view-SYl-gT-Arz.nib ... 
2025-02-08 08:10:42 +0000  9285 bytes for ./Payload/MaxPay.app/Dashboard.storyboardc/PUb-xs-7Uc-view-SYl-gT-Arz.nib
2025-02-08 08:10:42 +0000  copying file ./Payload/MaxPay.app/Dashboard.storyboardc/Exj-hf-PAN-view-vCi-6l-pnD.nib ... 
2025-02-08 08:10:42 +0000  5092 bytes for ./Payload/MaxPay.app/Dashboard.storyboardc/Exj-hf-PAN-view-vCi-6l-pnD.nib
2025-02-08 08:10:42 +0000  copying file ./Payload/MaxPay.app/Dashboard.storyboardc/Wac-87-XtJ-view-aAJ-7y-dw3.nib ... 
2025-02-08 08:10:42 +0000  10563 bytes for ./Payload/MaxPay.app/Dashboard.storyboardc/Wac-87-XtJ-view-aAJ-7y-dw3.nib
2025-02-08 08:10:42 +0000  copying file ./Payload/MaxPay.app/Dashboard.storyboardc/TrsactionlistVC.nib ... 
1061 bytes for ./Payload/MaxPay.app/Dashboard.storyboardc/TrsactionlistVC.nib
2025-02-08 08:10:42 +0000  copying file ./Payload/MaxPay.app/Dashboard.storyboardc/MilesViewController.nib ... 
2025-02-08 08:10:42 +0000  1055 bytes for ./Payload/MaxPay.app/Dashboard.storyboardc/MilesViewController.nib
copying file ./Payload/MaxPay.app/Dashboard.storyboardc/BlockUPIListVC.nib ... 
2025-02-08 08:10:42 +0000  1059 bytes for ./Payload/MaxPay.app/Dashboard.storyboardc/BlockUPIListVC.nib
copying file ./Payload/MaxPay.app/Dashboard.storyboardc/RaiseComplainVC.nib ... 
2025-02-08 08:10:42 +0000  1047 bytes for ./Payload/MaxPay.app/Dashboard.storyboardc/RaiseComplainVC.nib
copying file ./Payload/MaxPay.app/Dashboard.storyboardc/UPISetUPIPinVC.nib ... 
2025-02-08 08:10:42 +0000  1134 bytes for ./Payload/MaxPay.app/Dashboard.storyboardc/UPISetUPIPinVC.nib
copying file ./Payload/MaxPay.app/Dashboard.storyboardc/poI-dM-O2G-view-Pg5-g3-d1F.nib ... 
2025-02-08 08:10:42 +0000  20749 bytes for ./Payload/MaxPay.app/Dashboard.storyboardc/poI-dM-O2G-view-Pg5-g3-d1F.nib
copying file ./Payload/MaxPay.app/Dashboard.storyboardc/MyPostVC.nib ... 
2025-02-08 08:10:42 +0000  1137 bytes for ./Payload/MaxPay.app/Dashboard.storyboardc/MyPostVC.nib
copying file ./Payload/MaxPay.app/Dashboard.storyboardc/KEh-ea-QLs-view-d0K-2g-8hf.nib ... 
2025-02-08 08:10:42 +0000  15458 bytes for ./Payload/MaxPay.app/Dashboard.storyboardc/KEh-ea-QLs-view-d0K-2g-8hf.nib
2025-02-08 08:10:42 +0000  copying file ./Payload/MaxPay.app/Dashboard.storyboardc/snL-zg-V8D-view-nwh-xU-ct0.nib ... 
2025-02-08 08:10:42 +0000  25061 bytes for ./Payload/MaxPay.app/Dashboard.storyboardc/snL-zg-V8D-view-nwh-xU-ct0.nib
2025-02-08 08:10:42 +0000  copying file ./Payload/MaxPay.app/Dashboard.storyboardc/ManageAccountVC.nib ... 
2025-02-08 08:10:42 +0000  1047 bytes for ./Payload/MaxPay.app/Dashboard.storyboardc/ManageAccountVC.nib
copying file ./Payload/MaxPay.app/Dashboard.storyboardc/WalletDetailsViewController.nib ... 
2025-02-08 08:10:42 +0000  1032 bytes for ./Payload/MaxPay.app/Dashboard.storyboardc/WalletDetailsViewController.nib
copying file ./Payload/MaxPay.app/Dashboard.storyboardc/pk3-tq-Dku-view-SJh-rA-reo.nib ... 
2025-02-08 08:10:42 +0000  13468 bytes for ./Payload/MaxPay.app/Dashboard.storyboardc/pk3-tq-Dku-view-SJh-rA-reo.nib
2025-02-08 08:10:42 +0000  copying file ./Payload/MaxPay.app/Dashboard.storyboardc/H0R-9m-gRA-view-MIQ-rm-UsI.nib ... 
2025-02-08 08:10:42 +0000  8411 bytes for ./Payload/MaxPay.app/Dashboard.storyboardc/H0R-9m-gRA-view-MIQ-rm-UsI.nib
2025-02-08 08:10:42 +0000  copying file ./Payload/MaxPay.app/Dashboard.storyboardc/dNX-n4-vAG-view-pDD-aH-XCV.nib ... 
2025-02-08 08:10:42 +0000  12099 bytes for ./Payload/MaxPay.app/Dashboard.storyboardc/dNX-n4-vAG-view-pDD-aH-XCV.nib
2025-02-08 08:10:42 +0000  copying file ./Payload/MaxPay.app/Dashboard.storyboardc/SelectedBankAccountVC.nib ... 
2025-02-08 08:10:42 +0000  1396 bytes for ./Payload/MaxPay.app/Dashboard.storyboardc/SelectedBankAccountVC.nib
copying file ./Payload/MaxPay.app/Dashboard.storyboardc/p7n-0R-enk-view-dHC-ZF-GJf.nib ... 
2025-02-08 08:10:42 +0000  1225 bytes for ./Payload/MaxPay.app/Dashboard.storyboardc/p7n-0R-enk-view-dHC-ZF-GJf.nib
copying file ./Payload/MaxPay.app/Dashboard.storyboardc/jT6-1A-fRR-view-jc2-GD-QYg.nib ... 
2025-02-08 08:10:42 +0000  19587 bytes for ./Payload/MaxPay.app/Dashboard.storyboardc/jT6-1A-fRR-view-jc2-GD-QYg.nib
2025-02-08 08:10:42 +0000  copying file ./Payload/MaxPay.app/Dashboard.storyboardc/4Lr-PS-I2T-view-krx-BJ-jD9.nib ... 
2025-02-08 08:10:42 +0000  10219 bytes for ./Payload/MaxPay.app/Dashboard.storyboardc/4Lr-PS-I2T-view-krx-BJ-jD9.nib
2025-02-08 08:10:42 +0000  copying file ./Payload/MaxPay.app/Dashboard.storyboardc/bC7-Id-oXi-view-O8d-k5-P4e.nib ... 
2025-02-08 08:10:42 +0000  95894 bytes for ./Payload/MaxPay.app/Dashboard.storyboardc/bC7-Id-oXi-view-O8d-k5-P4e.nib
2025-02-08 08:10:42 +0000  copying file ./Payload/MaxPay.app/Dashboard.storyboardc/mwV-cC-vXA-view-uxS-zP-JP5.nib ... 
2025-02-08 08:10:42 +0000  9000 bytes for ./Payload/MaxPay.app/Dashboard.storyboardc/mwV-cC-vXA-view-uxS-zP-JP5.nib
copying file ./Payload/MaxPay.app/Dashboard.storyboardc/ProfileViewController.nib ... 
2025-02-08 08:10:42 +0000  1020 bytes for ./Payload/MaxPay.app/Dashboard.storyboardc/ProfileViewController.nib
copying file ./Payload/MaxPay.app/Dashboard.storyboardc/AfY-N9-h82-view-2o4-JK-W3a.nib ... 
2025-02-08 08:10:42 +0000  16392 bytes for ./Payload/MaxPay.app/Dashboard.storyboardc/AfY-N9-h82-view-2o4-JK-W3a.nib
copying file ./Payload/MaxPay.app/Dashboard.storyboardc/qks-Au-qGs-view-8CI-tA-tcf.nib ... 
2025-02-08 08:10:42 +0000  14322 bytes for ./Payload/MaxPay.app/Dashboard.storyboardc/qks-Au-qGs-view-8CI-tA-tcf.nib
copying file ./Payload/MaxPay.app/Dashboard.storyboardc/jsN-dE-QxD-view-3Ic-aV-4ie.nib ... 
2025-02-08 08:10:42 +0000  27103 bytes for ./Payload/MaxPay.app/Dashboard.storyboardc/jsN-dE-QxD-view-3Ic-aV-4ie.nib
copying file ./Payload/MaxPay.app/Dashboard.storyboardc/mII-pJ-S4V-view-QJ5-5Q-Z5z.nib ... 
2025-02-08 08:10:42 +0000  15862 bytes for ./Payload/MaxPay.app/Dashboard.storyboardc/mII-pJ-S4V-view-QJ5-5Q-Z5z.nib
copying file ./Payload/MaxPay.app/Dashboard.storyboardc/EditProfileVC.nib ... 
2025-02-08 08:10:42 +0000  1043 bytes for ./Payload/MaxPay.app/Dashboard.storyboardc/EditProfileVC.nib
copying file ./Payload/MaxPay.app/Dashboard.storyboardc/lRH-6s-bh2-view-5Lt-An-6Rm.nib ... 
2025-02-08 08:10:42 +0000  1225 bytes for ./Payload/MaxPay.app/Dashboard.storyboardc/lRH-6s-bh2-view-5Lt-An-6Rm.nib
copying file ./Payload/MaxPay.app/Dashboard.storyboardc/Zda-EM-Jml-view-44C-Y9-iV4.nib ... 
2025-02-08 08:10:42 +0000  12870 bytes for ./Payload/MaxPay.app/Dashboard.storyboardc/Zda-EM-Jml-view-44C-Y9-iV4.nib
copying file ./Payload/MaxPay.app/Dashboard.storyboardc/QuizResultVC.nib ... 
2025-02-08 08:10:42 +0000  1116 bytes for ./Payload/MaxPay.app/Dashboard.storyboardc/QuizResultVC.nib
copying file ./Payload/MaxPay.app/Dashboard.storyboardc/CjT-Wr-3Qd-view-wwa-Z9-vHa.nib ... 
2025-02-08 08:10:42 +0000  17023 bytes for ./Payload/MaxPay.app/Dashboard.storyboardc/CjT-Wr-3Qd-view-wwa-Z9-vHa.nib
copying file ./Payload/MaxPay.app/Dashboard.storyboardc/p6M-Bw-VFZ-view-OyA-CI-ODf.nib ... 
2025-02-08 08:10:42 +0000  16641 bytes for ./Payload/MaxPay.app/Dashboard.storyboardc/p6M-Bw-VFZ-view-OyA-CI-ODf.nib
copying file ./Payload/MaxPay.app/Dashboard.storyboardc/MandateSuccessVC.nib ... 
2025-02-08 08:10:42 +0000  1138 bytes for ./Payload/MaxPay.app/Dashboard.storyboardc/MandateSuccessVC.nib
copying file ./Payload/MaxPay.app/Dashboard.storyboardc/kRP-kc-gxy-view-XkP-bn-2BT.nib ... 
2025-02-08 08:10:42 +0000  8888 bytes for ./Payload/MaxPay.app/Dashboard.storyboardc/kRP-kc-gxy-view-XkP-bn-2BT.nib
copying file ./Payload/MaxPay.app/Dashboard.storyboardc/Kfc-oX-zld-view-rDv-T5-Zam.nib ... 
2025-02-08 08:10:42 +0000  13447 bytes for ./Payload/MaxPay.app/Dashboard.storyboardc/Kfc-oX-zld-view-rDv-T5-Zam.nib
copying file ./Payload/MaxPay.app/Dashboard.storyboardc/BhimTransactionNextDetailsVC.nib ... 
2025-02-08 08:10:42 +0000  1073 bytes for ./Payload/MaxPay.app/Dashboard.storyboardc/BhimTransactionNextDetailsVC.nib
copying file ./Payload/MaxPay.app/Dashboard.storyboardc/PaymentSuccessfulVC.nib ... 
2025-02-08 08:10:42 +0000  1144 bytes for ./Payload/MaxPay.app/Dashboard.storyboardc/PaymentSuccessfulVC.nib
copying file ./Payload/MaxPay.app/Dashboard.storyboardc/VCSideMenu.nib ... 
2025-02-08 08:10:42 +0000  1142 bytes for ./Payload/MaxPay.app/Dashboard.storyboardc/VCSideMenu.nib
copying file ./Payload/MaxPay.app/Dashboard.storyboardc/Ejn-SP-dSF-view-nlH-eg-4dG.nib ... 
2025-02-08 08:10:42 +0000  8310 bytes for ./Payload/MaxPay.app/Dashboard.storyboardc/Ejn-SP-dSF-view-nlH-eg-4dG.nib
copying file ./Payload/MaxPay.app/Dashboard.storyboardc/UPILinkUpdateVC.nib ... 
2025-02-08 08:10:42 +0000  1383 bytes for ./Payload/MaxPay.app/Dashboard.storyboardc/UPILinkUpdateVC.nib
copying file ./Payload/MaxPay.app/Dashboard.storyboardc/1E3-By-mUd-view-B0i-8K-iUU.nib ... 
2025-02-08 08:10:42 +0000  12123 bytes for ./Payload/MaxPay.app/Dashboard.storyboardc/1E3-By-mUd-view-B0i-8K-iUU.nib
copying file ./Payload/MaxPay.app/Dashboard.storyboardc/PaymentUPIIDVC.nib ... 
2025-02-08 08:10:42 +0000  1386 bytes for ./Payload/MaxPay.app/Dashboard.storyboardc/PaymentUPIIDVC.nib
copying file ./Payload/MaxPay.app/Dashboard.storyboardc/MandateNewReqVC.nib ... 
2025-02-08 08:10:42 +0000  1047 bytes for ./Payload/MaxPay.app/Dashboard.storyboardc/MandateNewReqVC.nib
copying file ./Payload/MaxPay.app/Dashboard.storyboardc/vTa-IO-r06-view-bNk-aJ-Lc3.nib ... 
2025-02-08 08:10:42 +0000  12944 bytes for ./Payload/MaxPay.app/Dashboard.storyboardc/vTa-IO-r06-view-bNk-aJ-Lc3.nib
2025-02-08 08:10:42 +0000  copying file ./Payload/MaxPay.app/Dashboard.storyboardc/LostItemVC.nib ... 
1037 bytes for ./Payload/MaxPay.app/Dashboard.storyboardc/LostItemVC.nib
2025-02-08 08:10:42 +0000  copying file ./Payload/MaxPay.app/Dashboard.storyboardc/feT-q1-GxP-view-byi-br-UN8.nib ... 
2025-02-08 08:10:42 +0000  15055 bytes for ./Payload/MaxPay.app/Dashboard.storyboardc/feT-q1-GxP-view-byi-br-UN8.nib
2025-02-08 08:10:42 +0000  copying file ./Payload/MaxPay.app/Dashboard.storyboardc/QoV-cd-O2Q-view-UlK-IF-kbI.nib ... 
2025-02-08 08:10:42 +0000  28961 bytes for ./Payload/MaxPay.app/Dashboard.storyboardc/QoV-cd-O2Q-view-UlK-IF-kbI.nib
2025-02-08 08:10:42 +0000  copying file ./Payload/MaxPay.app/Dashboard.storyboardc/WalletPrimaryViewController.nib ... 
1032 bytes for ./Payload/MaxPay.app/Dashboard.storyboardc/WalletPrimaryViewController.nib
2025-02-08 08:10:42 +0000  copying file ./Payload/MaxPay.app/Dashboard.storyboardc/2ix-Nc-Cc0-view-Kle-cw-SXC.nib ... 
2025-02-08 08:10:42 +0000  7077 bytes for ./Payload/MaxPay.app/Dashboard.storyboardc/2ix-Nc-Cc0-view-Kle-cw-SXC.nib
2025-02-08 08:10:42 +0000  copying file ./Payload/MaxPay.app/Dashboard.storyboardc/7Xa-K7-6yp-view-ZpF-ny-m0f.nib ... 
2025-02-08 08:10:42 +0000  14891 bytes for ./Payload/MaxPay.app/Dashboard.storyboardc/7Xa-K7-6yp-view-ZpF-ny-m0f.nib
2025-02-08 08:10:42 +0000  copying file ./Payload/MaxPay.app/Dashboard.storyboardc/PaymentReceivedVC.nib ... 
2025-02-08 08:10:42 +0000  1356 bytes for ./Payload/MaxPay.app/Dashboard.storyboardc/PaymentReceivedVC.nib
copying file ./Payload/MaxPay.app/Dashboard.storyboardc/xrz-3u-sRc-view-GG8-or-I9A.nib ... 
2025-02-08 08:10:42 +0000  8582 bytes for ./Payload/MaxPay.app/Dashboard.storyboardc/xrz-3u-sRc-view-GG8-or-I9A.nib
2025-02-08 08:10:42 +0000  copying file ./Payload/MaxPay.app/Dashboard.storyboardc/KpJ-aB-kfJ-view-b26-VP-6Yj.nib ... 
2025-02-08 08:10:42 +0000  16717 bytes for ./Payload/MaxPay.app/Dashboard.storyboardc/KpJ-aB-kfJ-view-b26-VP-6Yj.nib
2025-02-08 08:10:42 +0000  copying file ./Payload/MaxPay.app/Dashboard.storyboardc/FEs-xY-jwF-view-EwG-WG-JOj.nib ... 
2025-02-08 08:10:42 +0000  20399 bytes for ./Payload/MaxPay.app/Dashboard.storyboardc/FEs-xY-jwF-view-EwG-WG-JOj.nib
2025-02-08 08:10:42 +0000  copying file ./Payload/MaxPay.app/Dashboard.storyboardc/SelectSIMVC.nib ... 
1128 bytes for ./Payload/MaxPay.app/Dashboard.storyboardc/SelectSIMVC.nib
2025-02-08 08:10:42 +0000  copying file ./Payload/MaxPay.app/Dashboard.storyboardc/ibN-Ni-9zc-view-ZEa-JZ-HFb.nib ... 
2025-02-08 08:10:42 +0000  21865 bytes for ./Payload/MaxPay.app/Dashboard.storyboardc/ibN-Ni-9zc-view-ZEa-JZ-HFb.nib
2025-02-08 08:10:42 +0000  copying file ./Payload/MaxPay.app/Dashboard.storyboardc/ProfileVC.nib ... 
2025-02-08 08:10:42 +0000  1048 bytes for ./Payload/MaxPay.app/Dashboard.storyboardc/ProfileVC.nib
copying file ./Payload/MaxPay.app/Dashboard.storyboardc/RankingViewController.nib ... 
2025-02-08 08:10:42 +0000  1059 bytes for ./Payload/MaxPay.app/Dashboard.storyboardc/RankingViewController.nib
copying file ./Payload/MaxPay.app/Dashboard.storyboardc/UserVC.nib ... 
1117 bytes for ./Payload/MaxPay.app/Dashboard.storyboardc/UserVC.nib
2025-02-08 08:10:42 +0000  copying file ./Payload/MaxPay.app/Dashboard.storyboardc/FilterDatePopUpVC.nib ... 
2025-02-08 08:10:42 +0000  1051 bytes for ./Payload/MaxPay.app/Dashboard.storyboardc/FilterDatePopUpVC.nib
copying file ./Payload/MaxPay.app/Dashboard.storyboardc/ItemDetailsVC.nib ... 
1043 bytes for ./Payload/MaxPay.app/Dashboard.storyboardc/ItemDetailsVC.nib
2025-02-08 08:10:42 +0000  copying file ./Payload/MaxPay.app/Dashboard.storyboardc/9Ob-iv-r5n-view-QaR-Qq-P3Z.nib ... 
2025-02-08 08:10:42 +0000  19892 bytes for ./Payload/MaxPay.app/Dashboard.storyboardc/9Ob-iv-r5n-view-QaR-Qq-P3Z.nib
2025-02-08 08:10:42 +0000  copying file ./Payload/MaxPay.app/Dashboard.storyboardc/7Ym-uI-fMF-view-C1x-BE-Kzb.nib ... 
2025-02-08 08:10:42 +0000  34390 bytes for ./Payload/MaxPay.app/Dashboard.storyboardc/7Ym-uI-fMF-view-C1x-BE-Kzb.nib
2025-02-08 08:10:42 +0000  copying file ./Payload/MaxPay.app/Dashboard.storyboardc/DashboardVC.nib ... 
1128 bytes for ./Payload/MaxPay.app/Dashboard.storyboardc/DashboardVC.nib
2025-02-08 08:10:42 +0000  copying file ./Payload/MaxPay.app/Dashboard.storyboardc/ier-t8-igc-view-E5T-nU-2wu.nib ... 
2025-02-08 08:10:42 +0000  9109 bytes for ./Payload/MaxPay.app/Dashboard.storyboardc/ier-t8-igc-view-E5T-nU-2wu.nib
2025-02-08 08:10:42 +0000  copying file ./Payload/MaxPay.app/Dashboard.storyboardc/sbt-RR-9Lv-view-BjB-H8-xci.nib ... 
2025-02-08 08:10:42 +0000  2348 bytes for ./Payload/MaxPay.app/Dashboard.storyboardc/sbt-RR-9Lv-view-BjB-H8-xci.nib
copying file ./Payload/MaxPay.app/Dashboard.storyboardc/BeneficiaryListVC.nib ... 
2025-02-08 08:10:42 +0000  1140 bytes for ./Payload/MaxPay.app/Dashboard.storyboardc/BeneficiaryListVC.nib
copying file ./Payload/MaxPay.app/Dashboard.storyboardc/J2b-vC-WeL-view-Tnj-8p-Bpo.nib ... 
2025-02-08 08:10:42 +0000  8130 bytes for ./Payload/MaxPay.app/Dashboard.storyboardc/J2b-vC-WeL-view-Tnj-8p-Bpo.nib
2025-02-08 08:10:42 +0000  copying file ./Payload/MaxPay.app/Dashboard.storyboardc/MandateListVC.nib ... 
2025-02-08 08:10:42 +0000  1374 bytes for ./Payload/MaxPay.app/Dashboard.storyboardc/MandateListVC.nib
copying file ./Payload/MaxPay.app/Dashboard.storyboardc/PayUPIAndIFSCListVC.nib ... 
2025-02-08 08:10:42 +0000  1069 bytes for ./Payload/MaxPay.app/Dashboard.storyboardc/PayUPIAndIFSCListVC.nib
copying file ./Payload/MaxPay.app/Dashboard.storyboardc/PaymentUPIIDRequestVC.nib ... 
2025-02-08 08:10:42 +0000  1148 bytes for ./Payload/MaxPay.app/Dashboard.storyboardc/PaymentUPIIDRequestVC.nib
copying file ./Payload/MaxPay.app/Dashboard.storyboardc/ShareMyQRCodeVC.nib ... 
2025-02-08 08:10:42 +0000  1061 bytes for ./Payload/MaxPay.app/Dashboard.storyboardc/ShareMyQRCodeVC.nib
copying file ./Payload/MaxPay.app/Dashboard.storyboardc/JKE-Xi-jth-view-5Jq-7I-mBf.nib ... 
2025-02-08 08:10:42 +0000  7139 bytes for ./Payload/MaxPay.app/Dashboard.storyboardc/JKE-Xi-jth-view-5Jq-7I-mBf.nib
2025-02-08 08:10:42 +0000  copying file ./Payload/MaxPay.app/Dashboard.storyboardc/PaymentIFSCCode.nib ... 
2025-02-08 08:10:42 +0000  1136 bytes for ./Payload/MaxPay.app/Dashboard.storyboardc/PaymentIFSCCode.nib
copying file ./Payload/MaxPay.app/Dashboard.storyboardc/SvT-fp-UNV-view-evR-YO-Zs7.nib ... 
2025-02-08 08:10:42 +0000  16791 bytes for ./Payload/MaxPay.app/Dashboard.storyboardc/SvT-fp-UNV-view-evR-YO-Zs7.nib
2025-02-08 08:10:42 +0000  copying file ./Payload/MaxPay.app/Dashboard.storyboardc/UPIVerifyVC.nib ... 
2025-02-08 08:10:42 +0000  1375 bytes for ./Payload/MaxPay.app/Dashboard.storyboardc/UPIVerifyVC.nib
copying file ./Payload/MaxPay.app/Dashboard.storyboardc/fjA-5T-kY5-view-cn5-YJ-w5R.nib ... 
2025-02-08 08:10:42 +0000  11779 bytes for ./Payload/MaxPay.app/Dashboard.storyboardc/fjA-5T-kY5-view-cn5-YJ-w5R.nib
2025-02-08 08:10:42 +0000  copying file ./Payload/MaxPay.app/Dashboard.storyboardc/RaiseComplainDetailVC.nib ... 
2025-02-08 08:10:42 +0000  1059 bytes for ./Payload/MaxPay.app/Dashboard.storyboardc/RaiseComplainDetailVC.nib
copying file ./Payload/MaxPay.app/Dashboard.storyboardc/ClaimPopUpVC.nib ... 
2025-02-08 08:10:42 +0000  1041 bytes for ./Payload/MaxPay.app/Dashboard.storyboardc/ClaimPopUpVC.nib
copying file ./Payload/MaxPay.app/Dashboard.storyboardc/9Ch-8Z-0wY-view-921-X7-Hm9.nib ... 
2025-02-08 08:10:42 +0000  16569 bytes for ./Payload/MaxPay.app/Dashboard.storyboardc/9Ch-8Z-0wY-view-921-X7-Hm9.nib
2025-02-08 08:10:42 +0000  copying file ./Payload/MaxPay.app/Dashboard.storyboardc/gm4-6G-DBL-view-os0-E4-yMH.nib ... 
2025-02-08 08:10:42 +0000  26728 bytes for ./Payload/MaxPay.app/Dashboard.storyboardc/gm4-6G-DBL-view-os0-E4-yMH.nib
2025-02-08 08:10:42 +0000  copying file ./Payload/MaxPay.app/Dashboard.storyboardc/FFJ-jS-Yh9-view-iEj-H7-FoT.nib ... 
2025-02-08 08:10:42 +0000  10515 bytes for ./Payload/MaxPay.app/Dashboard.storyboardc/FFJ-jS-Yh9-view-iEj-H7-FoT.nib
2025-02-08 08:10:42 +0000  copying file ./Payload/MaxPay.app/Dashboard.storyboardc/TabbarVC.nib ... 
1107 bytes for ./Payload/MaxPay.app/Dashboard.storyboardc/TabbarVC.nib
2025-02-08 08:10:42 +0000  copying file ./Payload/MaxPay.app/Dashboard.storyboardc/NotificationListVC.nib ... 
1067 bytes for ./Payload/MaxPay.app/Dashboard.storyboardc/NotificationListVC.nib
2025-02-08 08:10:42 +0000  copying file ./Payload/MaxPay.app/Dashboard.storyboardc/W2W-IT-1vy-view-8U2-UW-Mm0.nib ... 
2025-02-08 08:10:42 +0000  19883 bytes for ./Payload/MaxPay.app/Dashboard.storyboardc/W2W-IT-1vy-view-8U2-UW-Mm0.nib
2025-02-08 08:10:42 +0000  copying file ./Payload/MaxPay.app/Dashboard.storyboardc/CreateMandateVC.nib ... 
2025-02-08 08:10:42 +0000  1061 bytes for ./Payload/MaxPay.app/Dashboard.storyboardc/CreateMandateVC.nib
copying file ./Payload/MaxPay.app/Dashboard.storyboardc/LostAndFoundViewController.nib ... 
2025-02-08 08:10:42 +0000  1174 bytes for ./Payload/MaxPay.app/Dashboard.storyboardc/LostAndFoundViewController.nib
copying file ./Payload/MaxPay.app/Dashboard.storyboardc/UPIPaymentReject.nib ... 
2025-02-08 08:10:42 +0000  1138 bytes for ./Payload/MaxPay.app/Dashboard.storyboardc/UPIPaymentReject.nib
copying file ./Payload/MaxPay.app/Dashboard.storyboardc/RaiseQueryPopUpView2.nib ... 
2025-02-08 08:10:42 +0000  1057 bytes for ./Payload/MaxPay.app/Dashboard.storyboardc/RaiseQueryPopUpView2.nib
copying file ./Payload/MaxPay.app/Dashboard.storyboardc/Ccf-Mv-mU8-view-mKK-52-aar.nib ... 
2025-02-08 08:10:42 +0000  13926 bytes for ./Payload/MaxPay.app/Dashboard.storyboardc/Ccf-Mv-mU8-view-mKK-52-aar.nib
2025-02-08 08:10:42 +0000  copying file ./Payload/MaxPay.app/Dashboard.storyboardc/l4J-h7-dzO-view-UN9-hd-LFz.nib ... 
2025-02-08 08:10:42 +0000  31714 bytes for ./Payload/MaxPay.app/Dashboard.storyboardc/l4J-h7-dzO-view-UN9-hd-LFz.nib
2025-02-08 08:10:42 +0000  copying file ./Payload/MaxPay.app/Dashboard.storyboardc/yjC-2O-GMa-view-Kl2-AI-nIt.nib ... 
2025-02-08 08:10:42 +0000  8123 bytes for ./Payload/MaxPay.app/Dashboard.storyboardc/yjC-2O-GMa-view-Kl2-AI-nIt.nib
2025-02-08 08:10:42 +0000  copying file ./Payload/MaxPay.app/Dashboard.storyboardc/Info.plist ... 
2025-02-08 08:10:42 +0000  2946 bytes for ./Payload/MaxPay.app/Dashboard.storyboardc/Info.plist
copying file ./Payload/MaxPay.app/Dashboard.storyboardc/qKp-iU-NYv-view-lrt-Oa-bhZ.nib ... 
2025-02-08 08:10:42 +0000  19575 bytes for ./Payload/MaxPay.app/Dashboard.storyboardc/qKp-iU-NYv-view-lrt-Oa-bhZ.nib
2025-02-08 08:10:42 +0000  copying file ./Payload/MaxPay.app/Dashboard.storyboardc/j7a-U3-xcT-view-tBt-Jn-YSE.nib ... 
2025-02-08 08:10:42 +0000  12567 bytes for ./Payload/MaxPay.app/Dashboard.storyboardc/j7a-U3-xcT-view-tBt-Jn-YSE.nib
2025-02-08 08:10:42 +0000  copying file ./Payload/MaxPay.app/Dashboard.storyboardc/8tr-Ka-dOO-view-oXb-n6-LdH.nib ... 
2025-02-08 08:10:42 +0000  24861 bytes for ./Payload/MaxPay.app/Dashboard.storyboardc/8tr-Ka-dOO-view-oXb-n6-LdH.nib
2025-02-08 08:10:42 +0000  copying file ./Payload/MaxPay.app/Dashboard.storyboardc/ChainViewController.nib ... 
2025-02-08 08:10:42 +0000  1055 bytes for ./Payload/MaxPay.app/Dashboard.storyboardc/ChainViewController.nib
copying file ./Payload/MaxPay.app/Dashboard.storyboardc/Jzr-fS-gIV-view-Fs1-q4-Rtz.nib ... 
2025-02-08 08:10:42 +0000  20720 bytes for ./Payload/MaxPay.app/Dashboard.storyboardc/Jzr-fS-gIV-view-Fs1-q4-Rtz.nib
2025-02-08 08:10:42 +0000  copying file ./Payload/MaxPay.app/Dashboard.storyboardc/MilestonesViewController.nib ... 
2025-02-08 08:10:42 +0000  1065 bytes for ./Payload/MaxPay.app/Dashboard.storyboardc/MilestonesViewController.nib
copying file ./Payload/MaxPay.app/Dashboard.storyboardc/Tr6-Kw-olb-view-R8T-Wh-gE7.nib ... 
2025-02-08 08:10:42 +0000  10600 bytes for ./Payload/MaxPay.app/Dashboard.storyboardc/Tr6-Kw-olb-view-R8T-Wh-gE7.nib
2025-02-08 08:10:42 +0000  copying file ./Payload/MaxPay.app/Dashboard.storyboardc/BhimUPVC.nib ... 
2025-02-08 08:10:42 +0000  1263 bytes for ./Payload/MaxPay.app/Dashboard.storyboardc/BhimUPVC.nib
copying file ./Payload/MaxPay.app/Dashboard.storyboardc/MFx-Q4-2pE-view-l01-9m-HWe.nib ... 
2025-02-08 08:10:42 +0000  37043 bytes for ./Payload/MaxPay.app/Dashboard.storyboardc/MFx-Q4-2pE-view-l01-9m-HWe.nib
2025-02-08 08:10:42 +0000  copying file ./Payload/MaxPay.app/Dashboard.storyboardc/BhimUPIPendingVC.nib ... 
2025-02-08 08:10:42 +0000  1063 bytes for ./Payload/MaxPay.app/Dashboard.storyboardc/BhimUPIPendingVC.nib
copying file ./Payload/MaxPay.app/Dashboard.storyboardc/rkq-xH-acc-view-ImM-l3-rFg.nib ... 
2025-02-08 08:10:42 +0000  16380 bytes for ./Payload/MaxPay.app/Dashboard.storyboardc/rkq-xH-acc-view-ImM-l3-rFg.nib
2025-02-08 08:10:42 +0000  copying file ./Payload/MaxPay.app/Dashboard.storyboardc/CreateQRMandateVC.nib ... 
2025-02-08 08:10:42 +0000  1012 bytes for ./Payload/MaxPay.app/Dashboard.storyboardc/CreateQRMandateVC.nib
copying file ./Payload/MaxPay.app/Dashboard.storyboardc/LVr-mE-JgO-view-3qt-dX-y3U.nib ... 
2025-02-08 08:10:42 +0000  21522 bytes for ./Payload/MaxPay.app/Dashboard.storyboardc/LVr-mE-JgO-view-3qt-dX-y3U.nib
2025-02-08 08:10:42 +0000  copying file ./Payload/MaxPay.app/Base.lproj/LaunchScreen.storyboardc/01J-lp-oVM-view-Ze5-6b-2t3.nib ... 
2025-02-08 08:10:42 +0000  2042 bytes for ./Payload/MaxPay.app/Base.lproj/LaunchScreen.storyboardc/01J-lp-oVM-view-Ze5-6b-2t3.nib
2025-02-08 08:10:42 +0000  copying file ./Payload/MaxPay.app/Base.lproj/LaunchScreen.storyboardc/UIViewController-01J-lp-oVM.nib ... 
924 bytes for ./Payload/MaxPay.app/Base.lproj/LaunchScreen.storyboardc/UIViewController-01J-lp-oVM.nib
2025-02-08 08:10:42 +0000  copying file ./Payload/MaxPay.app/Base.lproj/LaunchScreen.storyboardc/Info.plist ... 
258 bytes for ./Payload/MaxPay.app/Base.lproj/LaunchScreen.storyboardc/Info.plist
2025-02-08 08:10:42 +0000  copying file ./Payload/MaxPay.app/pay.mp3 ... 
2025-02-08 08:10:42 +0000  44847 bytes for ./Payload/MaxPay.app/pay.mp3
2025-02-08 08:10:42 +0000  copying file ./Payload/MaxPay.app/ss.png ... 
2025-02-08 08:10:42 +0000  28785 bytes for ./Payload/MaxPay.app/ss.png
2025-02-08 08:10:42 +0000  copying file ./Payload/MaxPay.app/Harmattan-Regular.ttf ... 
2025-02-08 08:10:42 +0000  542712 bytes for ./Payload/MaxPay.app/Harmattan-Regular.ttf
copying file ./Payload/MaxPay.app/Harmattan-Bold.ttf ... 
2025-02-08 08:10:42 +0000  529520 bytes for ./Payload/MaxPay.app/Harmattan-Bold.ttf
2025-02-08 08:10:42 +0000  copying file ./Payload/MaxPay.app/Main.storyboardc/RegistractionVC.nib ... 
1136 bytes for ./Payload/MaxPay.app/Main.storyboardc/RegistractionVC.nib
copying file ./Payload/MaxPay.app/Main.storyboardc/qTf-6j-AAa-view-ms5-mX-sMY.nib ... 
2025-02-08 08:10:42 +0000  6331 bytes for ./Payload/MaxPay.app/Main.storyboardc/qTf-6j-AAa-view-ms5-mX-sMY.nib
copying file ./Payload/MaxPay.app/Main.storyboardc/SetPINVC.nib ... 
2025-02-08 08:10:42 +0000  1046 bytes for ./Payload/MaxPay.app/Main.storyboardc/SetPINVC.nib
copying file ./Payload/MaxPay.app/Main.storyboardc/1AU-Zf-Osn-view-HMZ-Bd-fwU.nib ... 
2025-02-08 08:10:42 +0000  6283 bytes for ./Payload/MaxPay.app/Main.storyboardc/1AU-Zf-Osn-view-HMZ-Bd-fwU.nib
2025-02-08 08:10:42 +0000  copying file ./Payload/MaxPay.app/Main.storyboardc/k2l-IH-Jkh-view-CLc-iO-3Hq.nib ... 
2025-02-08 08:10:42 +0000  6327 bytes for ./Payload/MaxPay.app/Main.storyboardc/k2l-IH-Jkh-view-CLc-iO-3Hq.nib
copying file ./Payload/MaxPay.app/Main.storyboardc/LoginMPIN.nib ... 
2025-02-08 08:10:42 +0000  1123 bytes for ./Payload/MaxPay.app/Main.storyboardc/LoginMPIN.nib
copying file ./Payload/MaxPay.app/Main.storyboardc/IVV-xk-aNv-view-Tsd-ak-kTV.nib ... 
2025-02-08 08:10:42 +0000  6322 bytes for ./Payload/MaxPay.app/Main.storyboardc/IVV-xk-aNv-view-Tsd-ak-kTV.nib
copying file ./Payload/MaxPay.app/Main.storyboardc/MAF-0G-CE4-view-aGa-9e-cMk.nib ... 
2025-02-08 08:10:42 +0000  13439 bytes for ./Payload/MaxPay.app/Main.storyboardc/MAF-0G-CE4-view-aGa-9e-cMk.nib
copying file ./Payload/MaxPay.app/Main.storyboardc/8qA-vj-mn2-view-JHi-6U-Kfz.nib ... 
2025-02-08 08:10:42 +0000  2794 bytes for ./Payload/MaxPay.app/Main.storyboardc/8qA-vj-mn2-view-JHi-6U-Kfz.nib
copying file ./Payload/MaxPay.app/Main.storyboardc/UIViewController-GIM-ai-aB0.nib ... 
2025-02-08 08:10:42 +0000  1363 bytes for ./Payload/MaxPay.app/Main.storyboardc/UIViewController-GIM-ai-aB0.nib
copying file ./Payload/MaxPay.app/Main.storyboardc/splashScreenVC.nib ... 
2025-02-08 08:10:42 +0000  1336 bytes for ./Payload/MaxPay.app/Main.storyboardc/splashScreenVC.nib
copying file ./Payload/MaxPay.app/Main.storyboardc/UINavigationController-Saj-fI-iM5.nib ... 
1984 bytes for ./Payload/MaxPay.app/Main.storyboardc/UINavigationController-Saj-fI-iM5.nib
copying file ./Payload/MaxPay.app/Main.storyboardc/Intro1VC.nib ... 
2025-02-08 08:10:42 +0000  1406 bytes for ./Payload/MaxPay.app/Main.storyboardc/Intro1VC.nib
copying file ./Payload/MaxPay.app/Main.storyboardc/UIViewController-1AU-Zf-Osn.nib ... 
2025-02-08 08:10:42 +0000  1064 bytes for ./Payload/MaxPay.app/Main.storyboardc/UIViewController-1AU-Zf-Osn.nib
copying file ./Payload/MaxPay.app/Main.storyboardc/UIViewController-k2l-IH-Jkh.nib ... 
2025-02-08 08:10:42 +0000  1363 bytes for ./Payload/MaxPay.app/Main.storyboardc/UIViewController-k2l-IH-Jkh.nib
copying file ./Payload/MaxPay.app/Main.storyboardc/BYZ-38-t0r-view-8bC-Xf-vdC.nib ... 
2025-02-08 08:10:42 +0000  13557 bytes for ./Payload/MaxPay.app/Main.storyboardc/BYZ-38-t0r-view-8bC-Xf-vdC.nib
2025-02-08 08:10:42 +0000  copying file ./Payload/MaxPay.app/Main.storyboardc/tzG-ST-wSz-view-gZz-uR-nPj.nib ... 
2025-02-08 08:10:42 +0000  16321 bytes for ./Payload/MaxPay.app/Main.storyboardc/tzG-ST-wSz-view-gZz-uR-nPj.nib
copying file ./Payload/MaxPay.app/Main.storyboardc/OTPVerifyVC.nib ... 
2025-02-08 08:10:42 +0000  1053 bytes for ./Payload/MaxPay.app/Main.storyboardc/OTPVerifyVC.nib
copying file ./Payload/MaxPay.app/Main.storyboardc/tC9-hL-9Ku-view-LRv-Ag-dJg.nib ... 
2025-02-08 08:10:42 +0000  18003 bytes for ./Payload/MaxPay.app/Main.storyboardc/tC9-hL-9Ku-view-LRv-Ag-dJg.nib
2025-02-08 08:10:42 +0000  copying file ./Payload/MaxPay.app/Main.storyboardc/GIM-ai-aB0-view-cGu-8y-TDM.nib ... 
2025-02-08 08:10:42 +0000  6327 bytes for ./Payload/MaxPay.app/Main.storyboardc/GIM-ai-aB0-view-cGu-8y-TDM.nib
copying file ./Payload/MaxPay.app/Main.storyboardc/UIViewController-IVV-xk-aNv.nib ... 
2025-02-08 08:10:42 +0000  1363 bytes for ./Payload/MaxPay.app/Main.storyboardc/UIViewController-IVV-xk-aNv.nib
copying file ./Payload/MaxPay.app/Main.storyboardc/Info.plist ... 
731 bytes for ./Payload/MaxPay.app/Main.storyboardc/Info.plist
2025-02-08 08:10:42 +0000  copying file ./Payload/MaxPay.app/SetMPIN.nib ... 
2025-02-08 08:10:42 +0000  12421 bytes for ./Payload/MaxPay.app/SetMPIN.nib
copying file ./Payload/MaxPay.app/BillsTableViewCell.nib ... 
2025-02-08 08:10:42 +0000  27655 bytes for ./Payload/MaxPay.app/BillsTableViewCell.nib
copying file ./Payload/MaxPay.app/SearchBusCell.nib ... 
2025-02-08 08:10:42 +0000  11867 bytes for ./Payload/MaxPay.app/SearchBusCell.nib
copying file ./Payload/MaxPay.app/Assets.car ... 
2025-02-08 08:10:42 +0000  21909280 bytes for ./Payload/MaxPay.app/Assets.car
copying file ./Payload/MaxPay.app/Harmattan-Medium.ttf ... 
2025-02-08 08:10:42 +0000  547432 bytes for ./Payload/MaxPay.app/Harmattan-Medium.ttf
copying file ./Payload/MaxPay.app/ModificationSearchBus.nib ... 
2025-02-08 08:10:42 +0000  11941 bytes for ./Payload/MaxPay.app/ModificationSearchBus.nib
2025-02-08 08:10:42 +0000  copying file ./Payload/MaxPay.app/AppIcon76x76@2x~ipad.png ... 
2025-02-08 08:10:42 +0000  5385 bytes for ./Payload/MaxPay.app/AppIcon76x76@2x~ipad.png
2025-02-08 08:10:42 +0000  copying file ./Payload/MaxPay.app/Slide.nib ... 
2025-02-08 08:10:42 +0000  2606 bytes for ./Payload/MaxPay.app/Slide.nib
copying file ./Payload/MaxPay.app/CancellationPolicyFooter.nib ... 
2025-02-08 08:10:42 +0000  3521 bytes for ./Payload/MaxPay.app/CancellationPolicyFooter.nib
copying file ./Payload/MaxPay.app/CardDetailTableViewCell.nib ... 
2025-02-08 08:10:42 +0000  7949 bytes for ./Payload/MaxPay.app/CardDetailTableViewCell.nib
2025-02-08 08:10:42 +0000  copying file ./Payload/MaxPay.app/TravellerNameCell.nib ... 
2025-02-08 08:10:42 +0000  8699 bytes for ./Payload/MaxPay.app/TravellerNameCell.nib
2025-02-08 08:10:42 +0000  copying file ./Payload/MaxPay.app/card.otf ... 
2025-02-08 08:10:42 +0000  30268 bytes for ./Payload/MaxPay.app/card.otf
2025-02-08 08:10:42 +0000  copying file ./Payload/MaxPay.app/deduction_alert_hindi.mp3 ... 
2025-02-08 08:10:42 +0000  96813 bytes for ./Payload/MaxPay.app/deduction_alert_hindi.mp3
2025-02-08 08:10:42 +0000  copying file ./Payload/MaxPay.app/TravelTableViewCell.nib ... 
2025-02-08 08:10:42 +0000  14365 bytes for ./Payload/MaxPay.app/TravelTableViewCell.nib
2025-02-08 08:10:42 +0000  copying file ./Payload/MaxPay.app/CardDetaiilCollectionViewCell.nib ... 
2025-02-08 08:10:42 +0000  8271 bytes for ./Payload/MaxPay.app/CardDetaiilCollectionViewCell.nib
2025-02-08 08:10:42 +0000  copying file ./Payload/MaxPay.app/Frameworks/SwiftyJSON.framework/_CodeSignature/CodeResources ... 
2025-02-08 08:10:42 +0000  1798 bytes for ./Payload/MaxPay.app/Frameworks/SwiftyJSON.framework/_CodeSignature/CodeResources
copying file ./Payload/MaxPay.app/Frameworks/SwiftyJSON.framework/SwiftyJSON ... 
2025-02-08 08:10:42 +0000  297520 bytes for ./Payload/MaxPay.app/Frameworks/SwiftyJSON.framework/SwiftyJSON
copying file ./Payload/MaxPay.app/Frameworks/SwiftyJSON.framework/Info.plist ... 
2025-02-08 08:10:42 +0000  792 bytes for ./Payload/MaxPay.app/Frameworks/SwiftyJSON.framework/Info.plist
copying file ./Payload/MaxPay.app/Frameworks/GoogleDataTransport.framework/_CodeSignature/CodeResources ... 
2025-02-08 08:10:42 +0000  2380 bytes for ./Payload/MaxPay.app/Frameworks/GoogleDataTransport.framework/_CodeSignature/CodeResources
copying file ./Payload/MaxPay.app/Frameworks/GoogleDataTransport.framework/GoogleDataTransport ... 
2025-02-08 08:10:42 +0000  377504 bytes for ./Payload/MaxPay.app/Frameworks/GoogleDataTransport.framework/GoogleDataTransport
2025-02-08 08:10:42 +0000  copying file ./Payload/MaxPay.app/Frameworks/GoogleDataTransport.framework/GoogleDataTransport_Privacy.bundle/PrivacyInfo.xcprivacy ... 
1105 bytes for ./Payload/MaxPay.app/Frameworks/GoogleDataTransport.framework/GoogleDataTransport_Privacy.bundle/PrivacyInfo.xcprivacy
copying file ./Payload/MaxPay.app/Frameworks/GoogleDataTransport.framework/GoogleDataTransport_Privacy.bundle/Info.plist ... 
2025-02-08 08:10:42 +0000  804 bytes for ./Payload/MaxPay.app/Frameworks/GoogleDataTransport.framework/GoogleDataTransport_Privacy.bundle/Info.plist
copying file ./Payload/MaxPay.app/Frameworks/GoogleDataTransport.framework/Info.plist ... 
813 bytes for ./Payload/MaxPay.app/Frameworks/GoogleDataTransport.framework/Info.plist
2025-02-08 08:10:42 +0000  copying file ./Payload/MaxPay.app/Frameworks/Smartech.framework/_CodeSignature/CodeResources ... 
2025-02-08 08:10:42 +0000  5280 bytes for ./Payload/MaxPay.app/Frameworks/Smartech.framework/_CodeSignature/CodeResources
copying file ./Payload/MaxPay.app/Frameworks/Smartech.framework/SmartechDB.momd/SmartechDB.mom ... 
2025-02-08 08:10:42 +0000  5079 bytes for ./Payload/MaxPay.app/Frameworks/Smartech.framework/SmartechDB.momd/SmartechDB.mom
copying file ./Payload/MaxPay.app/Frameworks/Smartech.framework/SmartechDB.momd/VersionInfo.plist ... 
2025-02-08 08:10:42 +0000  2591 bytes for ./Payload/MaxPay.app/Frameworks/Smartech.framework/SmartechDB.momd/VersionInfo.plist
copying file ./Payload/MaxPay.app/Frameworks/Smartech.framework/SmartechDB.momd/SmartechDB 5.mom ... 
2025-02-08 08:10:42 +0000  5579 bytes for ./Payload/MaxPay.app/Frameworks/Smartech.framework/SmartechDB.momd/SmartechDB 5.mom
copying file ./Payload/MaxPay.app/Frameworks/Smartech.framework/SmartechDB.momd/SmartechDB 4.mom ... 
2025-02-08 08:10:42 +0000  6342 bytes for ./Payload/MaxPay.app/Frameworks/Smartech.framework/SmartechDB.momd/SmartechDB 4.mom
copying file ./Payload/MaxPay.app/Frameworks/Smartech.framework/SmartechDB.momd/SmartechDB 6.mom ... 
2025-02-08 08:10:42 +0000  5629 bytes for ./Payload/MaxPay.app/Frameworks/Smartech.framework/SmartechDB.momd/SmartechDB 6.mom
copying file ./Payload/MaxPay.app/Frameworks/Smartech.framework/SmartechDB.momd/SmartechDB 7.mom ... 
2025-02-08 08:10:42 +0000  5839 bytes for ./Payload/MaxPay.app/Frameworks/Smartech.framework/SmartechDB.momd/SmartechDB 7.mom
2025-02-08 08:10:42 +0000  copying file ./Payload/MaxPay.app/Frameworks/Smartech.framework/SmartechDB.momd/SmartechDB 3.mom ... 
2025-02-08 08:10:42 +0000  6342 bytes for ./Payload/MaxPay.app/Frameworks/Smartech.framework/SmartechDB.momd/SmartechDB 3.mom
copying file ./Payload/MaxPay.app/Frameworks/Smartech.framework/SmartechDB.momd/SmartechDB 2.mom ... 
2025-02-08 08:10:42 +0000  5512 bytes for ./Payload/MaxPay.app/Frameworks/Smartech.framework/SmartechDB.momd/SmartechDB 2.mom
copying file ./Payload/MaxPay.app/Frameworks/Smartech.framework/SmartechDB.momd/SmartechDB 7.omo ... 
2025-02-08 08:10:42 +0000  12872 bytes for ./Payload/MaxPay.app/Frameworks/Smartech.framework/SmartechDB.momd/SmartechDB 7.omo
copying file ./Payload/MaxPay.app/Frameworks/Smartech.framework/Smartech ... 
2025-02-08 08:10:42 +0000  1008096 bytes for ./Payload/MaxPay.app/Frameworks/Smartech.framework/Smartech
copying file ./Payload/MaxPay.app/Frameworks/Smartech.framework/Assets.car ... 
2025-02-08 08:10:42 +0000  35679 bytes for ./Payload/MaxPay.app/Frameworks/Smartech.framework/Assets.car
copying file ./Payload/MaxPay.app/Frameworks/Smartech.framework/PrivacyInfo.xcprivacy ... 
2025-02-08 08:10:42 +0000  2585 bytes for ./Payload/MaxPay.app/Frameworks/Smartech.framework/PrivacyInfo.xcprivacy
copying file ./Payload/MaxPay.app/Frameworks/Smartech.framework/Info.plist ... 
848 bytes for ./Payload/MaxPay.app/Frameworks/Smartech.framework/Info.plist
2025-02-08 08:10:42 +0000  copying file ./Payload/MaxPay.app/Frameworks/Kingfisher.framework/_CodeSignature/CodeResources ... 
2025-02-08 08:10:42 +0000  2312 bytes for ./Payload/MaxPay.app/Frameworks/Kingfisher.framework/_CodeSignature/CodeResources
copying file ./Payload/MaxPay.app/Frameworks/Kingfisher.framework/Kingfisher.bundle/PrivacyInfo.xcprivacy ... 
707 bytes for ./Payload/MaxPay.app/Frameworks/Kingfisher.framework/Kingfisher.bundle/PrivacyInfo.xcprivacy
copying file ./Payload/MaxPay.app/Frameworks/Kingfisher.framework/Kingfisher.bundle/Info.plist ... 
2025-02-08 08:10:42 +0000  768 bytes for ./Payload/MaxPay.app/Frameworks/Kingfisher.framework/Kingfisher.bundle/Info.plist
copying file ./Payload/MaxPay.app/Frameworks/Kingfisher.framework/Kingfisher ... 
2025-02-08 08:10:42 +0000  1881792 bytes for ./Payload/MaxPay.app/Frameworks/Kingfisher.framework/Kingfisher
copying file ./Payload/MaxPay.app/Frameworks/Kingfisher.framework/Info.plist ... 
2025-02-08 08:10:42 +0000  793 bytes for ./Payload/MaxPay.app/Frameworks/Kingfisher.framework/Info.plist
copying file ./Payload/MaxPay.app/Frameworks/KeychainAccess.framework/_CodeSignature/CodeResources ... 
2025-02-08 08:10:42 +0000  1798 bytes for ./Payload/MaxPay.app/Frameworks/KeychainAccess.framework/_CodeSignature/CodeResources
copying file ./Payload/MaxPay.app/Frameworks/KeychainAccess.framework/KeychainAccess ... 
2025-02-08 08:10:43 +0000  352688 bytes for ./Payload/MaxPay.app/Frameworks/KeychainAccess.framework/KeychainAccess
copying file ./Payload/MaxPay.app/Frameworks/KeychainAccess.framework/Info.plist ... 
2025-02-08 08:10:43 +0000  800 bytes for ./Payload/MaxPay.app/Frameworks/KeychainAccess.framework/Info.plist
2025-02-08 08:10:43 +0000  copying file ./Payload/MaxPay.app/Frameworks/FBLPromises.framework/_CodeSignature/CodeResources ... 
2348 bytes for ./Payload/MaxPay.app/Frameworks/FBLPromises.framework/_CodeSignature/CodeResources
2025-02-08 08:10:43 +0000  copying file ./Payload/MaxPay.app/Frameworks/FBLPromises.framework/FBLPromises_Privacy.bundle/PrivacyInfo.xcprivacy ... 
373 bytes for ./Payload/MaxPay.app/Frameworks/FBLPromises.framework/FBLPromises_Privacy.bundle/PrivacyInfo.xcprivacy
copying file ./Payload/MaxPay.app/Frameworks/FBLPromises.framework/FBLPromises_Privacy.bundle/Info.plist ... 
2025-02-08 08:10:43 +0000  786 bytes for ./Payload/MaxPay.app/Frameworks/FBLPromises.framework/FBLPromises_Privacy.bundle/Info.plist
copying file ./Payload/MaxPay.app/Frameworks/FBLPromises.framework/FBLPromises ... 
2025-02-08 08:10:43 +0000  189904 bytes for ./Payload/MaxPay.app/Frameworks/FBLPromises.framework/FBLPromises
copying file ./Payload/MaxPay.app/Frameworks/FBLPromises.framework/Info.plist ... 
2025-02-08 08:10:43 +0000  794 bytes for ./Payload/MaxPay.app/Frameworks/FBLPromises.framework/Info.plist
copying file ./Payload/MaxPay.app/Frameworks/Extended.framework/_CodeSignature/CodeResources ... 
2025-02-08 08:10:43 +0000  1798 bytes for ./Payload/MaxPay.app/Frameworks/Extended.framework/_CodeSignature/CodeResources
copying file ./Payload/MaxPay.app/Frameworks/Extended.framework/Extended ... 
2025-02-08 08:10:43 +0000  206768 bytes for ./Payload/MaxPay.app/Frameworks/Extended.framework/Extended
copying file ./Payload/MaxPay.app/Frameworks/Extended.framework/Info.plist ... 
2025-02-08 08:10:43 +0000  788 bytes for ./Payload/MaxPay.app/Frameworks/Extended.framework/Info.plist
copying file ./Payload/MaxPay.app/Frameworks/FirebaseCoreInternal.framework/_CodeSignature/CodeResources ... 
2025-02-08 08:10:43 +0000  2384 bytes for ./Payload/MaxPay.app/Frameworks/FirebaseCoreInternal.framework/_CodeSignature/CodeResources
copying file ./Payload/MaxPay.app/Frameworks/FirebaseCoreInternal.framework/FirebaseCoreInternal_Privacy.bundle/PrivacyInfo.xcprivacy ... 
2025-02-08 08:10:43 +0000  855 bytes for ./Payload/MaxPay.app/Frameworks/FirebaseCoreInternal.framework/FirebaseCoreInternal_Privacy.bundle/PrivacyInfo.xcprivacy
copying file ./Payload/MaxPay.app/Frameworks/FirebaseCoreInternal.framework/FirebaseCoreInternal_Privacy.bundle/Info.plist ... 
806 bytes for ./Payload/MaxPay.app/Frameworks/FirebaseCoreInternal.framework/FirebaseCoreInternal_Privacy.bundle/Info.plist
copying file ./Payload/MaxPay.app/Frameworks/FirebaseCoreInternal.framework/FirebaseCoreInternal ... 
2025-02-08 08:10:43 +0000  340496 bytes for ./Payload/MaxPay.app/Frameworks/FirebaseCoreInternal.framework/FirebaseCoreInternal
copying file ./Payload/MaxPay.app/Frameworks/FirebaseCoreInternal.framework/Info.plist ... 
2025-02-08 08:10:43 +0000  815 bytes for ./Payload/MaxPay.app/Frameworks/FirebaseCoreInternal.framework/Info.plist
copying file ./Payload/MaxPay.app/Frameworks/FirebaseCore.framework/_CodeSignature/CodeResources ... 
2025-02-08 08:10:43 +0000  2352 bytes for ./Payload/MaxPay.app/Frameworks/FirebaseCore.framework/_CodeSignature/CodeResources
copying file ./Payload/MaxPay.app/Frameworks/FirebaseCore.framework/FirebaseCore_Privacy.bundle/PrivacyInfo.xcprivacy ... 
2025-02-08 08:10:43 +0000  855 bytes for ./Payload/MaxPay.app/Frameworks/FirebaseCore.framework/FirebaseCore_Privacy.bundle/PrivacyInfo.xcprivacy
copying file ./Payload/MaxPay.app/Frameworks/FirebaseCore.framework/FirebaseCore_Privacy.bundle/Info.plist ... 
790 bytes for ./Payload/MaxPay.app/Frameworks/FirebaseCore.framework/FirebaseCore_Privacy.bundle/Info.plist
2025-02-08 08:10:43 +0000  copying file ./Payload/MaxPay.app/Frameworks/FirebaseCore.framework/FirebaseCore ... 
2025-02-08 08:10:43 +0000  201920 bytes for ./Payload/MaxPay.app/Frameworks/FirebaseCore.framework/FirebaseCore
copying file ./Payload/MaxPay.app/Frameworks/FirebaseCore.framework/Info.plist ... 
2025-02-08 08:10:43 +0000  797 bytes for ./Payload/MaxPay.app/Frameworks/FirebaseCore.framework/Info.plist
copying file ./Payload/MaxPay.app/Frameworks/GoogleUtilities.framework/_CodeSignature/CodeResources ... 
2025-02-08 08:10:43 +0000  2364 bytes for ./Payload/MaxPay.app/Frameworks/GoogleUtilities.framework/_CodeSignature/CodeResources
2025-02-08 08:10:43 +0000  copying file ./Payload/MaxPay.app/Frameworks/GoogleUtilities.framework/GoogleUtilities_Privacy.bundle/PrivacyInfo.xcprivacy ... 
1233 bytes for ./Payload/MaxPay.app/Frameworks/GoogleUtilities.framework/GoogleUtilities_Privacy.bundle/PrivacyInfo.xcprivacy
copying file ./Payload/MaxPay.app/Frameworks/GoogleUtilities.framework/GoogleUtilities_Privacy.bundle/Info.plist ... 
2025-02-08 08:10:43 +0000  795 bytes for ./Payload/MaxPay.app/Frameworks/GoogleUtilities.framework/GoogleUtilities_Privacy.bundle/Info.plist
copying file ./Payload/MaxPay.app/Frameworks/GoogleUtilities.framework/GoogleUtilities ... 
2025-02-08 08:10:43 +0000  284720 bytes for ./Payload/MaxPay.app/Frameworks/GoogleUtilities.framework/GoogleUtilities
copying file ./Payload/MaxPay.app/Frameworks/GoogleUtilities.framework/Info.plist ... 
2025-02-08 08:10:43 +0000  804 bytes for ./Payload/MaxPay.app/Frameworks/GoogleUtilities.framework/Info.plist
copying file ./Payload/MaxPay.app/Frameworks/PieCharts.framework/_CodeSignature/CodeResources ... 
2025-02-08 08:10:43 +0000  1798 bytes for ./Payload/MaxPay.app/Frameworks/PieCharts.framework/_CodeSignature/CodeResources
copying file ./Payload/MaxPay.app/Frameworks/PieCharts.framework/PieCharts ... 
2025-02-08 08:10:43 +0000  331616 bytes for ./Payload/MaxPay.app/Frameworks/PieCharts.framework/PieCharts
copying file ./Payload/MaxPay.app/Frameworks/PieCharts.framework/Info.plist ... 
2025-02-08 08:10:43 +0000  790 bytes for ./Payload/MaxPay.app/Frameworks/PieCharts.framework/Info.plist
copying file ./Payload/MaxPay.app/Frameworks/FirebaseMessaging.framework/_CodeSignature/CodeResources ... 
2025-02-08 08:10:43 +0000  2372 bytes for ./Payload/MaxPay.app/Frameworks/FirebaseMessaging.framework/_CodeSignature/CodeResources
copying file ./Payload/MaxPay.app/Frameworks/FirebaseMessaging.framework/FirebaseMessaging_Privacy.bundle/PrivacyInfo.xcprivacy ... 
2025-02-08 08:10:43 +0000  2357 bytes for ./Payload/MaxPay.app/Frameworks/FirebaseMessaging.framework/FirebaseMessaging_Privacy.bundle/PrivacyInfo.xcprivacy
copying file ./Payload/MaxPay.app/Frameworks/FirebaseMessaging.framework/FirebaseMessaging_Privacy.bundle/Info.plist ... 
800 bytes for ./Payload/MaxPay.app/Frameworks/FirebaseMessaging.framework/FirebaseMessaging_Privacy.bundle/Info.plist
2025-02-08 08:10:43 +0000  copying file ./Payload/MaxPay.app/Frameworks/FirebaseMessaging.framework/FirebaseMessaging ... 
2025-02-08 08:10:43 +0000  503728 bytes for ./Payload/MaxPay.app/Frameworks/FirebaseMessaging.framework/FirebaseMessaging
copying file ./Payload/MaxPay.app/Frameworks/FirebaseMessaging.framework/Info.plist ... 
2025-02-08 08:10:43 +0000  809 bytes for ./Payload/MaxPay.app/Frameworks/FirebaseMessaging.framework/Info.plist
copying file ./Payload/MaxPay.app/Frameworks/DropDown.framework/_CodeSignature/CodeResources ... 
2025-02-08 08:10:43 +0000  2024 bytes for ./Payload/MaxPay.app/Frameworks/DropDown.framework/_CodeSignature/CodeResources
copying file ./Payload/MaxPay.app/Frameworks/DropDown.framework/DropDown ... 
2025-02-08 08:10:43 +0000  301376 bytes for ./Payload/MaxPay.app/Frameworks/DropDown.framework/DropDown
copying file ./Payload/MaxPay.app/Frameworks/DropDown.framework/DropDownCell.nib ... 
2025-02-08 08:10:43 +0000  2547 bytes for ./Payload/MaxPay.app/Frameworks/DropDown.framework/DropDownCell.nib
copying file ./Payload/MaxPay.app/Frameworks/DropDown.framework/Info.plist ... 
2025-02-08 08:10:43 +0000  789 bytes for ./Payload/MaxPay.app/Frameworks/DropDown.framework/Info.plist
copying file ./Payload/MaxPay.app/Frameworks/nanopb.framework/_CodeSignature/CodeResources ... 
2025-02-08 08:10:43 +0000  2328 bytes for ./Payload/MaxPay.app/Frameworks/nanopb.framework/_CodeSignature/CodeResources
copying file ./Payload/MaxPay.app/Frameworks/nanopb.framework/nanopb_Privacy.bundle/PrivacyInfo.xcprivacy ... 
2025-02-08 08:10:43 +0000  374 bytes for ./Payload/MaxPay.app/Frameworks/nanopb.framework/nanopb_Privacy.bundle/PrivacyInfo.xcprivacy
copying file ./Payload/MaxPay.app/Frameworks/nanopb.framework/nanopb_Privacy.bundle/Info.plist ... 
779 bytes for ./Payload/MaxPay.app/Frameworks/nanopb.framework/nanopb_Privacy.bundle/Info.plist
copying file ./Payload/MaxPay.app/Frameworks/nanopb.framework/nanopb ... 
2025-02-08 08:10:43 +0000  95616 bytes for ./Payload/MaxPay.app/Frameworks/nanopb.framework/nanopb
copying file ./Payload/MaxPay.app/Frameworks/nanopb.framework/Info.plist ... 
2025-02-08 08:10:43 +0000  788 bytes for ./Payload/MaxPay.app/Frameworks/nanopb.framework/Info.plist
copying file ./Payload/MaxPay.app/Frameworks/CommonLibrary.framework/_CodeSignature/CodeResources ... 
2025-02-08 08:10:43 +0000  2472 bytes for ./Payload/MaxPay.app/Frameworks/CommonLibrary.framework/_CodeSignature/CodeResources
copying file ./Payload/MaxPay.app/Frameworks/CommonLibrary.framework/toolbar_back_arrow.png ... 
2025-02-08 08:10:43 +0000  440 bytes for ./Payload/MaxPay.app/Frameworks/CommonLibrary.framework/toolbar_back_arrow.png
copying file ./Payload/MaxPay.app/Frameworks/CommonLibrary.framework/CommonLibrary ... 
2025-02-08 08:10:43 +0000  739552 bytes for ./Payload/MaxPay.app/Frameworks/CommonLibrary.framework/CommonLibrary
copying file ./Payload/MaxPay.app/Frameworks/CommonLibrary.framework/locked_phone.png ... 
2025-02-08 08:10:43 +0000  23622 bytes for ./Payload/MaxPay.app/Frameworks/CommonLibrary.framework/locked_phone.png
copying file ./Payload/MaxPay.app/Frameworks/CommonLibrary.framework/xml-signature.js ... 
2025-02-08 08:10:43 +0000  598945 bytes for ./Payload/MaxPay.app/Frameworks/CommonLibrary.framework/xml-signature.js
copying file ./Payload/MaxPay.app/Frameworks/CommonLibrary.framework/Info.plist ... 
2025-02-08 08:10:43 +0000  805 bytes for ./Payload/MaxPay.app/Frameworks/CommonLibrary.framework/Info.plist
copying file ./Payload/MaxPay.app/Frameworks/IQKeyboardManager.framework/_CodeSignature/CodeResources ... 
2025-02-08 08:10:43 +0000  2340 bytes for ./Payload/MaxPay.app/Frameworks/IQKeyboardManager.framework/_CodeSignature/CodeResources
copying file ./Payload/MaxPay.app/Frameworks/IQKeyboardManager.framework/IQKeyboardManager.bundle/PrivacyInfo.xcprivacy ... 
2025-02-08 08:10:43 +0000  373 bytes for ./Payload/MaxPay.app/Frameworks/IQKeyboardManager.framework/IQKeyboardManager.bundle/PrivacyInfo.xcprivacy
copying file ./Payload/MaxPay.app/Frameworks/IQKeyboardManager.framework/IQKeyboardManager.bundle/Info.plist ... 
784 bytes for ./Payload/MaxPay.app/Frameworks/IQKeyboardManager.framework/IQKeyboardManager.bundle/Info.plist
2025-02-08 08:10:43 +0000  copying file ./Payload/MaxPay.app/Frameworks/IQKeyboardManager.framework/IQKeyboardManager ... 
2025-02-08 08:10:43 +0000  326384 bytes for ./Payload/MaxPay.app/Frameworks/IQKeyboardManager.framework/IQKeyboardManager
copying file ./Payload/MaxPay.app/Frameworks/IQKeyboardManager.framework/Info.plist ... 
2025-02-08 08:10:43 +0000  809 bytes for ./Payload/MaxPay.app/Frameworks/IQKeyboardManager.framework/Info.plist
copying file ./Payload/MaxPay.app/Frameworks/Toast_Swift.framework/_CodeSignature/CodeResources ... 
2025-02-08 08:10:43 +0000  2316 bytes for ./Payload/MaxPay.app/Frameworks/Toast_Swift.framework/_CodeSignature/CodeResources
copying file ./Payload/MaxPay.app/Frameworks/Toast_Swift.framework/Toast-Swift.bundle/PrivacyInfo.xcprivacy ... 
2025-02-08 08:10:43 +0000  372 bytes for ./Payload/MaxPay.app/Frameworks/Toast_Swift.framework/Toast-Swift.bundle/PrivacyInfo.xcprivacy
copying file ./Payload/MaxPay.app/Frameworks/Toast_Swift.framework/Toast-Swift.bundle/Info.plist ... 
769 bytes for ./Payload/MaxPay.app/Frameworks/Toast_Swift.framework/Toast-Swift.bundle/Info.plist
2025-02-08 08:10:43 +0000  copying file ./Payload/MaxPay.app/Frameworks/Toast_Swift.framework/Toast_Swift ... 
2025-02-08 08:10:43 +0000  170416 bytes for ./Payload/MaxPay.app/Frameworks/Toast_Swift.framework/Toast_Swift
copying file ./Payload/MaxPay.app/Frameworks/Toast_Swift.framework/Info.plist ... 
2025-02-08 08:10:43 +0000  794 bytes for ./Payload/MaxPay.app/Frameworks/Toast_Swift.framework/Info.plist
copying file ./Payload/MaxPay.app/Frameworks/SSSwiftUILoader.framework/_CodeSignature/CodeResources ... 
2025-02-08 08:10:43 +0000  1798 bytes for ./Payload/MaxPay.app/Frameworks/SSSwiftUILoader.framework/_CodeSignature/CodeResources
copying file ./Payload/MaxPay.app/Frameworks/SSSwiftUILoader.framework/SSSwiftUILoader ... 
2025-02-08 08:10:43 +0000  162992 bytes for ./Payload/MaxPay.app/Frameworks/SSSwiftUILoader.framework/SSSwiftUILoader
copying file ./Payload/MaxPay.app/Frameworks/SSSwiftUILoader.framework/Info.plist ... 
2025-02-08 08:10:43 +0000  804 bytes for ./Payload/MaxPay.app/Frameworks/SSSwiftUILoader.framework/Info.plist
copying file ./Payload/MaxPay.app/Frameworks/FSPopoverView.framework/_CodeSignature/CodeResources ... 
2025-02-08 08:10:43 +0000  1798 bytes for ./Payload/MaxPay.app/Frameworks/FSPopoverView.framework/_CodeSignature/CodeResources
copying file ./Payload/MaxPay.app/Frameworks/FSPopoverView.framework/FSPopoverView ... 
2025-02-08 08:10:43 +0000  424880 bytes for ./Payload/MaxPay.app/Frameworks/FSPopoverView.framework/FSPopoverView
copying file ./Payload/MaxPay.app/Frameworks/FSPopoverView.framework/Info.plist ... 
2025-02-08 08:10:43 +0000  798 bytes for ./Payload/MaxPay.app/Frameworks/FSPopoverView.framework/Info.plist
copying file ./Payload/MaxPay.app/Frameworks/FirebaseInstallations.framework/_CodeSignature/CodeResources ... 
2025-02-08 08:10:43 +0000  2388 bytes for ./Payload/MaxPay.app/Frameworks/FirebaseInstallations.framework/_CodeSignature/CodeResources
copying file ./Payload/MaxPay.app/Frameworks/FirebaseInstallations.framework/FirebaseInstallations ... 
2025-02-08 08:10:43 +0000  257920 bytes for ./Payload/MaxPay.app/Frameworks/FirebaseInstallations.framework/FirebaseInstallations
2025-02-08 08:10:43 +0000  copying file ./Payload/MaxPay.app/Frameworks/FirebaseInstallations.framework/FirebaseInstallations_Privacy.bundle/PrivacyInfo.xcprivacy ... 
1105 bytes for ./Payload/MaxPay.app/Frameworks/FirebaseInstallations.framework/FirebaseInstallations_Privacy.bundle/PrivacyInfo.xcprivacy
2025-02-08 08:10:43 +0000  copying file ./Payload/MaxPay.app/Frameworks/FirebaseInstallations.framework/FirebaseInstallations_Privacy.bundle/Info.plist ... 
808 bytes for ./Payload/MaxPay.app/Frameworks/FirebaseInstallations.framework/FirebaseInstallations_Privacy.bundle/Info.plist
copying file ./Payload/MaxPay.app/Frameworks/FirebaseInstallations.framework/Info.plist ... 
2025-02-08 08:10:43 +0000  817 bytes for ./Payload/MaxPay.app/Frameworks/FirebaseInstallations.framework/Info.plist
2025-02-08 08:10:43 +0000  copying file ./Payload/MaxPay.app/Frameworks/OlivePayLibrary.framework/_CodeSignature/CodeResources ... 
2260 bytes for ./Payload/MaxPay.app/Frameworks/OlivePayLibrary.framework/_CodeSignature/CodeResources
copying file ./Payload/MaxPay.app/Frameworks/OlivePayLibrary.framework/ListKeysPayload.xml ... 
2025-02-08 08:10:43 +0000  2896 bytes for ./Payload/MaxPay.app/Frameworks/OlivePayLibrary.framework/ListKeysPayload.xml
copying file ./Payload/MaxPay.app/Frameworks/OlivePayLibrary.framework/upiuataxisbankcoin.cer ... 
2025-02-08 08:10:43 +0000  1323 bytes for ./Payload/MaxPay.app/Frameworks/OlivePayLibrary.framework/upiuataxisbankcoin.cer
copying file ./Payload/MaxPay.app/Frameworks/OlivePayLibrary.framework/Info.plist ... 
941 bytes for ./Payload/MaxPay.app/Frameworks/OlivePayLibrary.framework/Info.plist
copying file ./Payload/MaxPay.app/Frameworks/OlivePayLibrary.framework/OlivePayLibrary ... 
2025-02-08 08:10:43 +0000  4533376 bytes for ./Payload/MaxPay.app/Frameworks/OlivePayLibrary.framework/OlivePayLibrary
2025-02-08 08:10:43 +0000  copying file ./Payload/MaxPay.app/Frameworks/OpalImagePicker.framework/_CodeSignature/CodeResources ... 
2346 bytes for ./Payload/MaxPay.app/Frameworks/OpalImagePicker.framework/_CodeSignature/CodeResources
copying file ./Payload/MaxPay.app/Frameworks/OpalImagePicker.framework/OpalImagePicker ... 
2025-02-08 08:10:43 +0000  365008 bytes for ./Payload/MaxPay.app/Frameworks/OpalImagePicker.framework/OpalImagePicker
copying file ./Payload/MaxPay.app/Frameworks/OpalImagePicker.framework/Info.plist ... 
2025-02-08 08:10:43 +0000  804 bytes for ./Payload/MaxPay.app/Frameworks/OpalImagePicker.framework/Info.plist
copying file ./Payload/MaxPay.app/Frameworks/OpalImagePicker.framework/OpalImagePickerResources.bundle/Assets.car ... 
2025-02-08 08:10:43 +0000  71567 bytes for ./Payload/MaxPay.app/Frameworks/OpalImagePicker.framework/OpalImagePickerResources.bundle/Assets.car
copying file ./Payload/MaxPay.app/Frameworks/OpalImagePicker.framework/OpalImagePickerResources.bundle/Info.plist ... 
2025-02-08 08:10:43 +0000  797 bytes for ./Payload/MaxPay.app/Frameworks/OpalImagePicker.framework/OpalImagePickerResources.bundle/Info.plist
copying file ./Payload/MaxPay.app/Frameworks/ObjectMapper.framework/_CodeSignature/CodeResources ... 
2025-02-08 08:10:43 +0000  1798 bytes for ./Payload/MaxPay.app/Frameworks/ObjectMapper.framework/_CodeSignature/CodeResources
copying file ./Payload/MaxPay.app/Frameworks/ObjectMapper.framework/ObjectMapper ... 
2025-02-08 08:10:43 +0000  395008 bytes for ./Payload/MaxPay.app/Frameworks/ObjectMapper.framework/ObjectMapper
copying file ./Payload/MaxPay.app/Frameworks/ObjectMapper.framework/Info.plist ... 
2025-02-08 08:10:43 +0000  796 bytes for ./Payload/MaxPay.app/Frameworks/ObjectMapper.framework/Info.plist
copying file ./Payload/MaxPay.app/Frameworks/DatePicker.framework/_CodeSignature/CodeResources ... 
2025-02-08 08:10:43 +0000  8806 bytes for ./Payload/MaxPay.app/Frameworks/DatePicker.framework/_CodeSignature/CodeResources
copying file ./Payload/MaxPay.app/Frameworks/DatePicker.framework/DatePicker ... 
2025-02-08 08:10:43 +0000  346128 bytes for ./Payload/MaxPay.app/Frameworks/DatePicker.framework/DatePicker
2025-02-08 08:10:43 +0000  copying file ./Payload/MaxPay.app/Frameworks/DatePicker.framework/DatePicker.bundle/Picker.storyboardc/DeG-K1-7na-view-i5d-Hz-64e.nib/objects-11.0+.nib ... 
2025-02-08 08:10:43 +0000  2929 bytes for ./Payload/MaxPay.app/Frameworks/DatePicker.framework/DatePicker.bundle/Picker.storyboardc/DeG-K1-7na-view-i5d-Hz-64e.nib/objects-11.0+.nib
copying file ./Payload/MaxPay.app/Frameworks/DatePicker.framework/DatePicker.bundle/Picker.storyboardc/DeG-K1-7na-view-i5d-Hz-64e.nib/runtime.nib ... 
2025-02-08 08:10:43 +0000  3054 bytes for ./Payload/MaxPay.app/Frameworks/DatePicker.framework/DatePicker.bundle/Picker.storyboardc/DeG-K1-7na-view-i5d-Hz-64e.nib/runtime.nib
copying file ./Payload/MaxPay.app/Frameworks/DatePicker.framework/DatePicker.bundle/Picker.storyboardc/Picker.nib/objects-11.0+.nib ... 
2025-02-08 08:10:43 +0000  1048 bytes for ./Payload/MaxPay.app/Frameworks/DatePicker.framework/DatePicker.bundle/Picker.storyboardc/Picker.nib/objects-11.0+.nib
copying file ./Payload/MaxPay.app/Frameworks/DatePicker.framework/DatePicker.bundle/Picker.storyboardc/Picker.nib/runtime.nib ... 
2025-02-08 08:10:43 +0000  1048 bytes for ./Payload/MaxPay.app/Frameworks/DatePicker.framework/DatePicker.bundle/Picker.storyboardc/Picker.nib/runtime.nib
copying file ./Payload/MaxPay.app/Frameworks/DatePicker.framework/DatePicker.bundle/Picker.storyboardc/Info.plist ... 
133 bytes for ./Payload/MaxPay.app/Frameworks/DatePicker.framework/DatePicker.bundle/Picker.storyboardc/Info.plist
copying file ./Payload/MaxPay.app/Frameworks/DatePicker.framework/DatePicker.bundle/MonthCollectionViewCell.nib/runtime.nib ... 
2025-02-08 08:10:43 +0000  3285 bytes for ./Payload/MaxPay.app/Frameworks/DatePicker.framework/DatePicker.bundle/MonthCollectionViewCell.nib/runtime.nib
copying file ./Payload/MaxPay.app/Frameworks/DatePicker.framework/DatePicker.bundle/MonthCollectionViewCell.nib/objects-12.3+.nib ... 
2025-02-08 08:10:43 +0000  4160 bytes for ./Payload/MaxPay.app/Frameworks/DatePicker.framework/DatePicker.bundle/MonthCollectionViewCell.nib/objects-12.3+.nib
2025-02-08 08:10:43 +0000  copying file ./Payload/MaxPay.app/Frameworks/DatePicker.framework/DatePicker.bundle/YearCollectionViewCell.nib/runtime.nib ... 
3261 bytes for ./Payload/MaxPay.app/Frameworks/DatePicker.framework/DatePicker.bundle/YearCollectionViewCell.nib/runtime.nib
2025-02-08 08:10:43 +0000  copying file ./Payload/MaxPay.app/Frameworks/DatePicker.framework/DatePicker.bundle/YearCollectionViewCell.nib/objects-12.3+.nib ... 
2025-02-08 08:10:43 +0000  4135 bytes for ./Payload/MaxPay.app/Frameworks/DatePicker.framework/DatePicker.bundle/YearCollectionViewCell.nib/objects-12.3+.nib
copying file ./Payload/MaxPay.app/Frameworks/DatePicker.framework/DatePicker.bundle/en.lproj/DayCollectionViewCell.nib/runtime.nib ... 
2025-02-08 08:10:43 +0000  3848 bytes for ./Payload/MaxPay.app/Frameworks/DatePicker.framework/DatePicker.bundle/en.lproj/DayCollectionViewCell.nib/runtime.nib
2025-02-08 08:10:43 +0000  copying file ./Payload/MaxPay.app/Frameworks/DatePicker.framework/DatePicker.bundle/en.lproj/DayCollectionViewCell.nib/objects-12.3+.nib ... 
2025-02-08 08:10:43 +0000  4722 bytes for ./Payload/MaxPay.app/Frameworks/DatePicker.framework/DatePicker.bundle/en.lproj/DayCollectionViewCell.nib/objects-12.3+.nib
copying file ./Payload/MaxPay.app/Frameworks/DatePicker.framework/DatePicker.bundle/DayHeaderCollectionViewCell.nib/runtime.nib ... 
2025-02-08 08:10:43 +0000  2631 bytes for ./Payload/MaxPay.app/Frameworks/DatePicker.framework/DatePicker.bundle/DayHeaderCollectionViewCell.nib/runtime.nib
copying file ./Payload/MaxPay.app/Frameworks/DatePicker.framework/DatePicker.bundle/DayHeaderCollectionViewCell.nib/objects-12.3+.nib ... 
2025-02-08 08:10:43 +0000  3508 bytes for ./Payload/MaxPay.app/Frameworks/DatePicker.framework/DatePicker.bundle/DayHeaderCollectionViewCell.nib/objects-12.3+.nib
2025-02-08 08:10:43 +0000  copying file ./Payload/MaxPay.app/Frameworks/DatePicker.framework/DatePicker.bundle/DaysCollectionViewCell.nib/runtime.nib ... 
2025-02-08 08:10:43 +0000  2178 bytes for ./Payload/MaxPay.app/Frameworks/DatePicker.framework/DatePicker.bundle/DaysCollectionViewCell.nib/runtime.nib
copying file ./Payload/MaxPay.app/Frameworks/DatePicker.framework/DatePicker.bundle/DaysCollectionViewCell.nib/objects-12.3+.nib ... 
2025-02-08 08:10:43 +0000  3054 bytes for ./Payload/MaxPay.app/Frameworks/DatePicker.framework/DatePicker.bundle/DaysCollectionViewCell.nib/objects-12.3+.nib
2025-02-08 08:10:43 +0000  copying file ./Payload/MaxPay.app/Frameworks/DatePicker.framework/DatePicker.bundle/MonthsCollectionViewCell.nib/runtime.nib ... 
2025-02-08 08:10:43 +0000  3052 bytes for ./Payload/MaxPay.app/Frameworks/DatePicker.framework/DatePicker.bundle/MonthsCollectionViewCell.nib/runtime.nib
2025-02-08 08:10:43 +0000  copying file ./Payload/MaxPay.app/Frameworks/DatePicker.framework/DatePicker.bundle/MonthsCollectionViewCell.nib/objects-12.3+.nib ... 
2025-02-08 08:10:43 +0000  3926 bytes for ./Payload/MaxPay.app/Frameworks/DatePicker.framework/DatePicker.bundle/MonthsCollectionViewCell.nib/objects-12.3+.nib
2025-02-08 08:10:43 +0000  copying file ./Payload/MaxPay.app/Frameworks/DatePicker.framework/DatePicker.bundle/ButtonCollectionViewCell.nib/runtime.nib ... 
2025-02-08 08:10:43 +0000  3086 bytes for ./Payload/MaxPay.app/Frameworks/DatePicker.framework/DatePicker.bundle/ButtonCollectionViewCell.nib/runtime.nib
copying file ./Payload/MaxPay.app/Frameworks/DatePicker.framework/DatePicker.bundle/ButtonCollectionViewCell.nib/objects-12.3+.nib ... 
2025-02-08 08:10:43 +0000  3960 bytes for ./Payload/MaxPay.app/Frameworks/DatePicker.framework/DatePicker.bundle/ButtonCollectionViewCell.nib/objects-12.3+.nib
2025-02-08 08:10:43 +0000  copying file ./Payload/MaxPay.app/Frameworks/DatePicker.framework/DatePicker.bundle/YearsCollectionViewCell.nib/runtime.nib ... 
2025-02-08 08:10:43 +0000  3122 bytes for ./Payload/MaxPay.app/Frameworks/DatePicker.framework/DatePicker.bundle/YearsCollectionViewCell.nib/runtime.nib
2025-02-08 08:10:43 +0000  copying file ./Payload/MaxPay.app/Frameworks/DatePicker.framework/DatePicker.bundle/YearsCollectionViewCell.nib/objects-12.3+.nib ... 
2025-02-08 08:10:43 +0000  3996 bytes for ./Payload/MaxPay.app/Frameworks/DatePicker.framework/DatePicker.bundle/YearsCollectionViewCell.nib/objects-12.3+.nib
copying file ./Payload/MaxPay.app/Frameworks/DatePicker.framework/DatePicker.bundle/Info.plist ... 
2025-02-08 08:10:43 +0000  767 bytes for ./Payload/MaxPay.app/Frameworks/DatePicker.framework/DatePicker.bundle/Info.plist
2025-02-08 08:10:43 +0000  copying file ./Payload/MaxPay.app/Frameworks/DatePicker.framework/Info.plist ... 
792 bytes for ./Payload/MaxPay.app/Frameworks/DatePicker.framework/Info.plist
2025-02-08 08:10:43 +0000  copying file ./Payload/MaxPay.app/Frameworks/SDWebImage.framework/_CodeSignature/CodeResources ... 
2025-02-08 08:10:43 +0000  2312 bytes for ./Payload/MaxPay.app/Frameworks/SDWebImage.framework/_CodeSignature/CodeResources
2025-02-08 08:10:43 +0000  copying file ./Payload/MaxPay.app/Frameworks/SDWebImage.framework/SDWebImage.bundle/PrivacyInfo.xcprivacy ... 
599 bytes for ./Payload/MaxPay.app/Frameworks/SDWebImage.framework/SDWebImage.bundle/PrivacyInfo.xcprivacy
2025-02-08 08:10:43 +0000  copying file ./Payload/MaxPay.app/Frameworks/SDWebImage.framework/SDWebImage.bundle/Info.plist ... 
767 bytes for ./Payload/MaxPay.app/Frameworks/SDWebImage.framework/SDWebImage.bundle/Info.plist
2025-02-08 08:10:43 +0000  copying file ./Payload/MaxPay.app/Frameworks/SDWebImage.framework/SDWebImage ... 
2025-02-08 08:10:43 +0000  848448 bytes for ./Payload/MaxPay.app/Frameworks/SDWebImage.framework/SDWebImage
copying file ./Payload/MaxPay.app/Frameworks/SDWebImage.framework/Info.plist ... 
2025-02-08 08:10:43 +0000  793 bytes for ./Payload/MaxPay.app/Frameworks/SDWebImage.framework/Info.plist
copying file ./Payload/MaxPay.app/Frameworks/ProgressHUD.framework/_CodeSignature/CodeResources ... 
2025-02-08 08:10:43 +0000  1798 bytes for ./Payload/MaxPay.app/Frameworks/ProgressHUD.framework/_CodeSignature/CodeResources
copying file ./Payload/MaxPay.app/Frameworks/ProgressHUD.framework/ProgressHUD ... 
2025-02-08 08:10:43 +0000  321056 bytes for ./Payload/MaxPay.app/Frameworks/ProgressHUD.framework/ProgressHUD
copying file ./Payload/MaxPay.app/Frameworks/ProgressHUD.framework/Info.plist ... 
2025-02-08 08:10:43 +0000  795 bytes for ./Payload/MaxPay.app/Frameworks/ProgressHUD.framework/Info.plist
copying file ./Payload/MaxPay.app/Frameworks/Lottie.framework/_CodeSignature/CodeResources ... 
2025-02-08 08:10:43 +0000  2340 bytes for ./Payload/MaxPay.app/Frameworks/Lottie.framework/_CodeSignature/CodeResources
2025-02-08 08:10:43 +0000  copying file ./Payload/MaxPay.app/Frameworks/Lottie.framework/LottiePrivacyInfo.bundle/PrivacyInfo.xcprivacy ... 
599 bytes for ./Payload/MaxPay.app/Frameworks/Lottie.framework/LottiePrivacyInfo.bundle/PrivacyInfo.xcprivacy
copying file ./Payload/MaxPay.app/Frameworks/Lottie.framework/LottiePrivacyInfo.bundle/Info.plist ... 
2025-02-08 08:10:43 +0000  783 bytes for ./Payload/MaxPay.app/Frameworks/Lottie.framework/LottiePrivacyInfo.bundle/Info.plist
copying file ./Payload/MaxPay.app/Frameworks/Lottie.framework/Lottie ... 
2025-02-08 08:10:43 +0000  4374592 bytes for ./Payload/MaxPay.app/Frameworks/Lottie.framework/Lottie
copying file ./Payload/MaxPay.app/Frameworks/Lottie.framework/Info.plist ... 
2025-02-08 08:10:43 +0000  784 bytes for ./Payload/MaxPay.app/Frameworks/Lottie.framework/Info.plist
copying file ./Payload/MaxPay.app/Frameworks/SwiftLoader.framework/_CodeSignature/CodeResources ... 
1798 bytes for ./Payload/MaxPay.app/Frameworks/SwiftLoader.framework/_CodeSignature/CodeResources
copying file ./Payload/MaxPay.app/Frameworks/SwiftLoader.framework/SwiftLoader ... 
2025-02-08 08:10:43 +0000  140400 bytes for ./Payload/MaxPay.app/Frameworks/SwiftLoader.framework/SwiftLoader
copying file ./Payload/MaxPay.app/Frameworks/SwiftLoader.framework/Info.plist ... 
2025-02-08 08:10:43 +0000  794 bytes for ./Payload/MaxPay.app/Frameworks/SwiftLoader.framework/Info.plist
copying file ./Payload/MaxPay.app/AddRoomCell.nib ... 
2025-02-08 08:10:43 +0000  11204 bytes for ./Payload/MaxPay.app/AddRoomCell.nib
copying file ./Payload/MaxPay.app/embedded.mobileprovision ... 
2025-02-08 08:10:43 +0000  16755 bytes for ./Payload/MaxPay.app/embedded.mobileprovision
copying file ./Payload/MaxPay.app/MoreTableViewCell.nib ... 
2025-02-08 08:10:43 +0000  21731 bytes for ./Payload/MaxPay.app/MoreTableViewCell.nib
copying file ./Payload/MaxPay.app/Roboto-Bold.ttf ... 
2025-02-08 08:10:43 +0000  167336 bytes for ./Payload/MaxPay.app/Roboto-Bold.ttf
copying file ./Payload/MaxPay.app/CancellationPolicyTitleCell.nib ... 
2025-02-08 08:10:43 +0000  3974 bytes for ./Payload/MaxPay.app/CancellationPolicyTitleCell.nib
copying file ./Payload/MaxPay.app/Roboto-Thin.ttf ... 
2025-02-08 08:10:43 +0000  168488 bytes for ./Payload/MaxPay.app/Roboto-Thin.ttf
copying file ./Payload/MaxPay.app/Roboto-Black.ttf ... 
2025-02-08 08:10:43 +0000  168060 bytes for ./Payload/MaxPay.app/Roboto-Black.ttf
copying file ./Payload/MaxPay.app/FloatingMenuView.nib ... 
2025-02-08 08:10:43 +0000  9177 bytes for ./Payload/MaxPay.app/FloatingMenuView.nib
copying file ./Payload/MaxPay.app/Iceland-Regular.ttf ... 
2025-02-08 08:10:43 +0000  35904 bytes for ./Payload/MaxPay.app/Iceland-Regular.ttf
copying file ./Payload/MaxPay.app/TasactionPieChartVC.nib ... 
2025-02-08 08:10:43 +0000  3924 bytes for ./Payload/MaxPay.app/TasactionPieChartVC.nib
copying file ./Payload/MaxPay.app/Info.plist ... 
2025-02-08 08:10:43 +0000  2849 bytes for ./Payload/MaxPay.app/Info.plist
copying file ./Payload/MaxPay.app/BookingViewSuccess.nib ... 
2025-02-08 08:10:43 +0000  6323 bytes for ./Payload/MaxPay.app/BookingViewSuccess.nib
2025-02-08 08:10:43 +0000  copying file ./Payload/MaxPay.app/IncreaseRoomCell.nib ... 
2025-02-08 08:10:43 +0000  4560 bytes for ./Payload/MaxPay.app/IncreaseRoomCell.nib
copying file ./Payload/MaxPay.app/PkgInfo ... 
8 bytes for ./Payload/MaxPay.app/PkgInfo
2025-02-08 08:10:43 +0000  copying file ./Payload/MaxPay.app/Complaint.storyboardc/ADn-3g-bgM-view-vPR-kI-BlU.nib ... 
2025-02-08 08:10:43 +0000  17368 bytes for ./Payload/MaxPay.app/Complaint.storyboardc/ADn-3g-bgM-view-vPR-kI-BlU.nib
copying file ./Payload/MaxPay.app/Complaint.storyboardc/CuG-jj-gzh-view-f0l-x9-mBG.nib ... 
2025-02-08 08:10:43 +0000  15015 bytes for ./Payload/MaxPay.app/Complaint.storyboardc/CuG-jj-gzh-view-f0l-x9-mBG.nib
copying file ./Payload/MaxPay.app/Complaint.storyboardc/TransactionHistoryForComplaintVC.nib ... 
2025-02-08 08:10:43 +0000  1493 bytes for ./Payload/MaxPay.app/Complaint.storyboardc/TransactionHistoryForComplaintVC.nib
copying file ./Payload/MaxPay.app/Complaint.storyboardc/WRC-R3-X6g-view-wGh-bV-3DD.nib ... 
2025-02-08 08:10:43 +0000  19760 bytes for ./Payload/MaxPay.app/Complaint.storyboardc/WRC-R3-X6g-view-wGh-bV-3DD.nib
copying file ./Payload/MaxPay.app/Complaint.storyboardc/HistoryFIlterVC.nib ... 
2025-02-08 08:10:43 +0000  1136 bytes for ./Payload/MaxPay.app/Complaint.storyboardc/HistoryFIlterVC.nib
copying file ./Payload/MaxPay.app/Complaint.storyboardc/ComplaintFormVC.nib ... 
2025-02-08 08:10:43 +0000  1389 bytes for ./Payload/MaxPay.app/Complaint.storyboardc/ComplaintFormVC.nib
copying file ./Payload/MaxPay.app/Complaint.storyboardc/ComplaintSubmittedVC.nib ... 
1146 bytes for ./Payload/MaxPay.app/Complaint.storyboardc/ComplaintSubmittedVC.nib
copying file ./Payload/MaxPay.app/Complaint.storyboardc/nM0-hl-4dv-view-Htr-ps-JIL.nib ... 
2025-02-08 08:10:43 +0000  19844 bytes for ./Payload/MaxPay.app/Complaint.storyboardc/nM0-hl-4dv-view-Htr-ps-JIL.nib
copying file ./Payload/MaxPay.app/Complaint.storyboardc/Info.plist ... 
2025-02-08 08:10:43 +0000  332 bytes for ./Payload/MaxPay.app/Complaint.storyboardc/Info.plist
copying file ./Payload/MaxPay.app/Cosmos_Cosmos.bundle/PrivacyInfo.xcprivacy ... 
2025-02-08 08:10:43 +0000  373 bytes for ./Payload/MaxPay.app/Cosmos_Cosmos.bundle/PrivacyInfo.xcprivacy
copying file ./Payload/MaxPay.app/Cosmos_Cosmos.bundle/Info.plist ... 
671 bytes for ./Payload/MaxPay.app/Cosmos_Cosmos.bundle/Info.plist
2025-02-08 08:10:43 +0000  /usr/bin/ditto exited with 0
2025-02-08 08:10:43 +0000  Processing step: IDEDistributionAppStoreInformationStep
2025-02-08 08:10:43 +0000  Skipping step: IDEDistributionAppStoreInformationStep because it said so
2025-02-08 08:10:43 +0000  Processing step: IDEDistributionGenerateProcessedDistributionItems
2025-02-08 08:10:43 +0000  IDEDistributionItem init <DVTFilePath:0x600015db58f0:'/var/folders/h5/hdg_yl1x69387cnq926mjz5w0000gn/T/XcodeDistPipeline.~~~t4Oh52/Root/Payload/MaxPay.app/Frameworks/Lottie.framework'>
2025-02-08 08:10:43 +0000  IDEDistributionItem init <DVTFilePath:0x600015db5b90:'/var/folders/h5/hdg_yl1x69387cnq926mjz5w0000gn/T/XcodeDistPipeline.~~~t4Oh52/Root/Payload/MaxPay.app/Frameworks/PieCharts.framework'>
2025-02-08 08:10:43 +0000  IDEDistributionItem init <DVTFilePath:0x600015db7800:'/var/folders/h5/hdg_yl1x69387cnq926mjz5w0000gn/T/XcodeDistPipeline.~~~t4Oh52/Root/Payload/MaxPay.app/Frameworks/ProgressHUD.framework'>
2025-02-08 08:10:43 +0000  IDEDistributionItem init <DVTFilePath:0x600011d8c700:'/var/folders/h5/hdg_yl1x69387cnq926mjz5w0000gn/T/XcodeDistPipeline.~~~t4Oh52/Root/Payload/MaxPay.app/Frameworks/SwiftyJSON.framework'>
2025-02-08 08:10:43 +0000  IDEDistributionItem init <DVTFilePath:0x600015de1f10:'/var/folders/h5/hdg_yl1x69387cnq926mjz5w0000gn/T/XcodeDistPipeline.~~~t4Oh52/Root/Payload/MaxPay.app/Frameworks/GoogleUtilities.framework'>
2025-02-08 08:10:43 +0000  IDEDistributionItem init <DVTFilePath:0x600025e31f80:'/var/folders/h5/hdg_yl1x69387cnq926mjz5w0000gn/T/XcodeDistPipeline.~~~t4Oh52/Root/Payload/MaxPay.app/Frameworks/Toast_Swift.framework'>
2025-02-08 08:10:43 +0000  IDEDistributionItem init <DVTFilePath:0x600025e33410:'/var/folders/h5/hdg_yl1x69387cnq926mjz5w0000gn/T/XcodeDistPipeline.~~~t4Oh52/Root/Payload/MaxPay.app/Frameworks/Smartech.framework'>
2025-02-08 08:10:43 +0000  IDEDistributionItem init <DVTFilePath:0x600015de2c30:'/var/folders/h5/hdg_yl1x69387cnq926mjz5w0000gn/T/XcodeDistPipeline.~~~t4Oh52/Root/Payload/MaxPay.app/Frameworks/FSPopoverView.framework'>
2025-02-08 08:10:43 +0000  IDEDistributionItem init <DVTFilePath:0x60004de87330:'/var/folders/h5/hdg_yl1x69387cnq926mjz5w0000gn/T/XcodeDistPipeline.~~~t4Oh52/Root/Payload/MaxPay.app/Frameworks/FirebaseInstallations.framework'>
2025-02-08 08:10:43 +0000  IDEDistributionItem init <DVTFilePath:0x60004de875d0:'/var/folders/h5/hdg_yl1x69387cnq926mjz5w0000gn/T/XcodeDistPipeline.~~~t4Oh52/Root/Payload/MaxPay.app/Frameworks/SDWebImage.framework'>
2025-02-08 08:10:43 +0000  IDEDistributionItem init <DVTFilePath:0x600015de3bf0:'/var/folders/h5/hdg_yl1x69387cnq926mjz5w0000gn/T/XcodeDistPipeline.~~~t4Oh52/Root/Payload/MaxPay.app/Frameworks/FirebaseCoreInternal.framework'>
2025-02-08 08:10:43 +0000  IDEDistributionItem init <DVTFilePath:0x600049e40ee0:'/var/folders/h5/hdg_yl1x69387cnq926mjz5w0000gn/T/XcodeDistPipeline.~~~t4Oh52/Root/Payload/MaxPay.app/Frameworks/ObjectMapper.framework'>
2025-02-08 08:10:43 +0000  IDEDistributionItem init <DVTFilePath:0x600015db5a40:'/var/folders/h5/hdg_yl1x69387cnq926mjz5w0000gn/T/XcodeDistPipeline.~~~t4Oh52/Root/Payload/MaxPay.app/Frameworks/SwiftLoader.framework'>
2025-02-08 08:10:43 +0000  IDEDistributionItem init <DVTFilePath:0x600015ddea70:'/var/folders/h5/hdg_yl1x69387cnq926mjz5w0000gn/T/XcodeDistPipeline.~~~t4Oh52/Root/Payload/MaxPay.app/Frameworks/Kingfisher.framework'>
2025-02-08 08:10:43 +0000  IDEDistributionItem init <DVTFilePath:0x600025e33790:'/var/folders/h5/hdg_yl1x69387cnq926mjz5w0000gn/T/XcodeDistPipeline.~~~t4Oh52/Root/Payload/MaxPay.app/Frameworks/FirebaseCore.framework'>
2025-02-08 08:10:43 +0000  IDEDistributionItem init <DVTFilePath:0x600011d8c070:'/var/folders/h5/hdg_yl1x69387cnq926mjz5w0000gn/T/XcodeDistPipeline.~~~t4Oh52/Root/Payload/MaxPay.app/Frameworks/Extended.framework'>
2025-02-08 08:10:43 +0000  IDEDistributionItem init <DVTFilePath:0x600025e309a0:'/var/folders/h5/hdg_yl1x69387cnq926mjz5w0000gn/T/XcodeDistPipeline.~~~t4Oh52/Root/Payload/MaxPay.app/Frameworks/SSSwiftUILoader.framework'>
2025-02-08 08:10:43 +0000  IDEDistributionItem init <DVTFilePath:0x600015db48c0:'/var/folders/h5/hdg_yl1x69387cnq926mjz5w0000gn/T/XcodeDistPipeline.~~~t4Oh52/Root/Payload/MaxPay.app/Frameworks/OlivePayLibrary.framework'>
2025-02-08 08:10:43 +0000  IDEDistributionItem init <DVTFilePath:0x600025e30c40:'/var/folders/h5/hdg_yl1x69387cnq926mjz5w0000gn/T/XcodeDistPipeline.~~~t4Oh52/Root/Payload/MaxPay.app/Frameworks/FirebaseMessaging.framework'>
2025-02-08 08:10:43 +0000  IDEDistributionItem init <DVTFilePath:0x600015de2d10:'/var/folders/h5/hdg_yl1x69387cnq926mjz5w0000gn/T/XcodeDistPipeline.~~~t4Oh52/Root/Payload/MaxPay.app/Frameworks/CommonLibrary.framework'>
2025-02-08 08:10:43 +0000  IDEDistributionItem init <DVTFilePath:0x600015db6ca0:'/var/folders/h5/hdg_yl1x69387cnq926mjz5w0000gn/T/XcodeDistPipeline.~~~t4Oh52/Root/Payload/MaxPay.app/Frameworks/nanopb.framework'>
2025-02-08 08:10:43 +0000  IDEDistributionItem init <DVTFilePath:0x60004de876b0:'/var/folders/h5/hdg_yl1x69387cnq926mjz5w0000gn/T/XcodeDistPipeline.~~~t4Oh52/Root/Payload/MaxPay.app/Frameworks/OpalImagePicker.framework'>
2025-02-08 08:10:43 +0000  IDEDistributionItem init <DVTFilePath:0x600015de20d0:'/var/folders/h5/hdg_yl1x69387cnq926mjz5w0000gn/T/XcodeDistPipeline.~~~t4Oh52/Root/Payload/MaxPay.app/Frameworks/KeychainAccess.framework'>
2025-02-08 08:10:43 +0000  IDEDistributionItem init <DVTFilePath:0x600011d8d2d0:'/var/folders/h5/hdg_yl1x69387cnq926mjz5w0000gn/T/XcodeDistPipeline.~~~t4Oh52/Root/Payload/MaxPay.app/Frameworks/DatePicker.framework'>
2025-02-08 08:10:43 +0000  IDEDistributionItem init <DVTFilePath:0x60004de87480:'/var/folders/h5/hdg_yl1x69387cnq926mjz5w0000gn/T/XcodeDistPipeline.~~~t4Oh52/Root/Payload/MaxPay.app/Frameworks/FBLPromises.framework'>
2025-02-08 08:10:43 +0000  IDEDistributionItem init <DVTFilePath:0x600025e33330:'/var/folders/h5/hdg_yl1x69387cnq926mjz5w0000gn/T/XcodeDistPipeline.~~~t4Oh52/Root/Payload/MaxPay.app/Frameworks/GoogleDataTransport.framework'>
2025-02-08 08:10:43 +0000  IDEDistributionItem init <DVTFilePath:0x600015de3aa0:'/var/folders/h5/hdg_yl1x69387cnq926mjz5w0000gn/T/XcodeDistPipeline.~~~t4Oh52/Root/Payload/MaxPay.app/Frameworks/DropDown.framework'>
2025-02-08 08:10:43 +0000  IDEDistributionItem init <DVTFilePath:0x600025e30540:'/var/folders/h5/hdg_yl1x69387cnq926mjz5w0000gn/T/XcodeDistPipeline.~~~t4Oh52/Root/Payload/MaxPay.app/Frameworks/IQKeyboardManager.framework'>
2025-02-08 08:10:43 +0000  IDEDistributionItem init <DVTFilePath:0x600019f9c240:'/var/folders/h5/hdg_yl1x69387cnq926mjz5w0000gn/T/XcodeDistPipeline.~~~t4Oh52/Root/Payload/MaxPay.app'>
2025-02-08 08:10:43 +0000  Processing step: IDEDistributionCreateManifestStep
